{"type":"FeatureCollection","schema_version":1,"as_of":"2026-10-09","resolution":8,"features":[{"type":"Feature","geometry":{"type":"Polygon","coordinates":[[[-0.13822,51.54879],[-0.14493,51.54759],[-0.14616,51.54312],[-0.14067,51.53984],[-0.13395,51.54103],[-0.13273,51.54551],[-0.13822,51.54879]]]},"properties":{"id":"88195da4cbfffff","n":89,"five_pct":40.5,"low_pct":7.1,"awaiting":5,"awaiting_pct":5.6,"coffee":4,"takeaway_pct":40.4,"pubs":8,"specialty":1,"chain_pct":4.5,"borough":"Camden"}},{"type":"Feature","geometry":{"type":"Polygon","coordinates":[[[0.09897,51.43767],[0.09228,51.43649],[0.09104,51.43202],[0.09649,51.42873],[0.10318,51.42992],[0.10442,51.43439],[0.09897,51.43767]]]},"properties":{"id":"88194e6da9fffff","n":28,"five_pct":77.8,"low_pct":3.7,"awaiting":1,"awaiting_pct":3.6,"coffee":2,"takeaway_pct":17.9,"pubs":4,"specialty":0,"chain_pct":3.6,"borough":"Bexley"}},{"type":"Feature","geometry":{"type":"Polygon","coordinates":[[[0.12276,51.45463],[0.11607,51.45345],[0.11483,51.44898],[0.12028,51.44569],[0.12697,51.44687],[0.12821,51.45134],[0.12276,51.45463]]]},"properties":{"id":"88194e6dc5fffff","n":13,"five_pct":53.8,"low_pct":0.0,"awaiting":0,"awaiting_pct":0.0,"coffee":0,"takeaway_pct":30.8,"pubs":1,"specialty":0,"chain_pct":0.0,"borough":"Bexley"}},{"type":"Feature","geometry":{"type":"Polygon","coordinates":[[[0.11954,51.42005],[0.11285,51.41887],[0.11161,51.41439],[0.11706,51.41111],[0.12375,51.41229],[0.12499,51.41676],[0.11954,51.42005]]]},"properties":{"id":"88194e6db9fffff","n":15,"five_pct":57.1,"low_pct":14.3,"awaiting":1,"awaiting_pct":6.7,"coffee":0,"takeaway_pct":26.7,"pubs":3,"specialty":0,"chain_pct":13.3,"borough":"Bexley"}},{"type":"Feature","geometry":{"type":"Polygon","coordinates":[[[0.16664,51.47511],[0.15995,51.47393],[0.15871,51.46946],[0.16416,51.46617],[0.17085,51.46735],[0.17209,51.47182],[0.16664,51.47511]]]},"properties":{"id":"88194e6c05fffff","n":20,"five_pct":55.0,"low_pct":10.0,"awaiting":0,"awaiting_pct":0.0,"coffee":0,"takeaway_pct":50.0,"pubs":4,"specialty":0,"chain_pct":5.0,"borough":"Bexley"}},{"type":"Feature","geometry":{"type":"Polygon","coordinates":[[[0.15029,51.48498],[0.14359,51.4838],[0.14235,51.47933],[0.1478,51.47604],[0.1545,51.47722],[0.15574,51.48169],[0.15029,51.48498]]]},"properties":{"id":"88194e6c67fffff","n":23,"five_pct":60.9,"low_pct":4.3,"awaiting":0,"awaiting_pct":0.0,"coffee":1,"takeaway_pct":47.8,"pubs":4,"specialty":0,"chain_pct":0.0,"borough":"Bexley"}},{"type":"Feature","geometry":{"type":"Polygon","coordinates":[[[-0.24813,51.56753],[-0.25485,51.56633],[-0.25607,51.56185],[-0.25056,51.55858],[-0.24385,51.55978],[-0.24263,51.56425],[-0.24813,51.56753]]]},"properties":{"id":"88195da5c5fffff","n":28,"five_pct":70.8,"low_pct":4.2,"awaiting":4,"awaiting_pct":14.3,"coffee":1,"takeaway_pct":53.6,"pubs":3,"specialty":0,"chain_pct":7.1,"borough":"Brent"}},{"type":"Feature","geometry":{"type":"Polygon","coordinates":[[[-0.19437,51.53028],[-0.20108,51.52908],[-0.2023,51.52461],[-0.19681,51.52133],[-0.1901,51.52252],[-0.18888,51.527],[-0.19437,51.53028]]]},"properties":{"id":"88195da4a1fffff","n":51,"five_pct":37.5,"low_pct":18.8,"awaiting":3,"awaiting_pct":5.9,"coffee":1,"takeaway_pct":27.5,"pubs":0,"specialty":0,"chain_pct":2.0,"borough":"Westminster"}},{"type":"Feature","geometry":{"type":"Polygon","coordinates":[[[-0.19864,51.53803],[-0.20536,51.53684],[-0.20658,51.53236],[-0.20108,51.52908],[-0.19437,51.53028],[-0.19315,51.53475],[-0.19864,51.53803]]]},"properties":{"id":"88195da4adfffff","n":25,"five_pct":75.0,"low_pct":8.3,"awaiting":0,"awaiting_pct":0.0,"coffee":1,"takeaway_pct":4.0,"pubs":2,"specialty":0,"chain_pct":4.0,"borough":"Brent"}},{"type":"Feature","geometry":{"type":"Polygon","coordinates":[[[-0.22734,51.54995],[-0.23406,51.54875],[-0.23528,51.54427],[-0.22978,51.54099],[-0.22307,51.54219],[-0.22185,51.54667],[-0.22734,51.54995]]]},"properties":{"id":"88195da5d5fffff","n":35,"five_pct":62.5,"low_pct":3.1,"awaiting":3,"awaiting_pct":8.6,"coffee":2,"takeaway_pct":28.6,"pubs":3,"specialty":0,"chain_pct":5.7,"borough":"Brent"}},{"type":"Feature","geometry":{"type":"Polygon","coordinates":[[[-0.24876,51.5887],[-0.25549,51.58751],[-0.2567,51.58303],[-0.2512,51.57975],[-0.24448,51.58095],[-0.24326,51.58543],[-0.24876,51.5887]]]},"properties":{"id":"88195da519fffff","n":18,"five_pct":73.3,"low_pct":0.0,"awaiting":3,"awaiting_pct":16.7,"coffee":2,"takeaway_pct":44.4,"pubs":1,"specialty":0,"chain_pct":5.6,"borough":"Brent"}},{"type":"Feature","geometry":{"type":"Polygon","coordinates":[[[-0.26464,51.57736],[-0.27136,51.57616],[-0.27258,51.57168],[-0.26707,51.5684],[-0.26035,51.56961],[-0.25914,51.57408],[-0.26464,51.57736]]]},"properties":{"id":"88195da517fffff","n":8,"five_pct":75.0,"low_pct":0.0,"awaiting":0,"awaiting_pct":0.0,"coffee":0,"takeaway_pct":37.5,"pubs":3,"specialty":0,"chain_pct":0.0,"borough":"Brent"}},{"type":"Feature","geometry":{"type":"Polygon","coordinates":[[[-0.26957,51.60628],[-0.2763,51.60508],[-0.27751,51.60061],[-0.272,51.59733],[-0.26528,51.59853],[-0.26406,51.60301],[-0.26957,51.60628]]]},"properties":{"id":"88195da509fffff","n":45,"five_pct":47.7,"low_pct":9.1,"awaiting":0,"awaiting_pct":0.0,"coffee":1,"takeaway_pct":37.8,"pubs":2,"specialty":0,"chain_pct":4.4,"borough":"Barnet"}},{"type":"Feature","geometry":{"type":"Polygon","coordinates":[[[-0.29703,51.57583],[-0.30376,51.57463],[-0.30497,51.57015],[-0.29946,51.56688],[-0.29274,51.56808],[-0.29153,51.57256],[-0.29703,51.57583]]]},"properties":{"id":"88195da537fffff","n":24,"five_pct":75.0,"low_pct":0.0,"awaiting":0,"awaiting_pct":0.0,"coffee":1,"takeaway_pct":45.8,"pubs":1,"specialty":0,"chain_pct":12.5,"borough":"Brent"}},{"type":"Feature","geometry":{"type":"Polygon","coordinates":[[[-0.28116,51.58718],[-0.28788,51.58598],[-0.2891,51.58151],[-0.28359,51.57823],[-0.27687,51.57943],[-0.27565,51.58391],[-0.28116,51.58718]]]},"properties":{"id":"88195da539fffff","n":30,"five_pct":55.6,"low_pct":3.7,"awaiting":3,"awaiting_pct":10.0,"coffee":1,"takeaway_pct":40.0,"pubs":2,"specialty":0,"chain_pct":6.7,"borough":"Brent"}},{"type":"Feature","geometry":{"type":"Polygon","coordinates":[[[-0.27193,51.5505],[-0.27865,51.5493],[-0.27987,51.54482],[-0.27437,51.54155],[-0.26765,51.54275],[-0.26643,51.54722],[-0.27193,51.5505]]]},"properties":{"id":"88195da5a9fffff","n":13,"five_pct":50.0,"low_pct":25.0,"awaiting":1,"awaiting_pct":7.7,"coffee":0,"takeaway_pct":61.5,"pubs":0,"specialty":0,"chain_pct":0.0,"borough":"Brent"}},{"type":"Feature","geometry":{"type":"Polygon","coordinates":[[[-0.1529,51.49509],[-0.1596,51.4939],[-0.16082,51.48942],[-0.15534,51.48614],[-0.14863,51.48734],[-0.14741,51.49181],[-0.1529,51.49509]]]},"properties":{"id":"88194ad161fffff","n":300,"five_pct":74.1,"low_pct":1.2,"awaiting":39,"awaiting_pct":13.0,"coffee":15,"takeaway_pct":13.7,"pubs":21,"specialty":0,"chain_pct":3.3,"borough":"Kensington and Chelsea"}},{"type":"Feature","geometry":{"type":"Polygon","coordinates":[[[-0.13881,51.56996],[-0.14553,51.56876],[-0.14675,51.56429],[-0.14126,51.56101],[-0.13454,51.5622],[-0.13332,51.56668],[-0.13881,51.56996]]]},"properties":{"id":"88195da6a1fffff","n":50,"five_pct":64.6,"low_pct":4.2,"awaiting":2,"awaiting_pct":4.0,"coffee":2,"takeaway_pct":20.0,"pubs":7,"specialty":1,"chain_pct":8.0,"borough":"Islington"}},{"type":"Feature","geometry":{"type":"Polygon","coordinates":[[[-0.12117,51.51777],[-0.12788,51.51658],[-0.1291,51.5121],[-0.12362,51.50882],[-0.11691,51.51002],[-0.11568,51.51449],[-0.12117,51.51777]]]},"properties":{"id":"88194ad325fffff","n":617,"five_pct":69.9,"low_pct":8.2,"awaiting":34,"awaiting_pct":5.5,"coffee":37,"takeaway_pct":8.6,"pubs":49,"specialty":5,"chain_pct":6.3,"borough":"Westminster"}},{"type":"Feature","geometry":{"type":"Polygon","coordinates":[[[-0.14248,51.55654],[-0.1492,51.55535],[-0.15042,51.55087],[-0.14493,51.54759],[-0.13822,51.54879],[-0.13699,51.55326],[-0.14248,51.55654]]]},"properties":{"id":"88195da4c9fffff","n":78,"five_pct":65.3,"low_pct":8.3,"awaiting":6,"awaiting_pct":7.7,"coffee":1,"takeaway_pct":25.6,"pubs":5,"specialty":0,"chain_pct":3.8,"borough":"Camden"}},{"type":"Feature","geometry":{"type":"Polygon","coordinates":[[[-0.1669,51.56071],[-0.17361,51.55952],[-0.17484,51.55504],[-0.16934,51.55176],[-0.16263,51.55296],[-0.1614,51.55743],[-0.1669,51.56071]]]},"properties":{"id":"88195da413fffff","n":41,"five_pct":64.1,"low_pct":7.7,"awaiting":2,"awaiting_pct":4.9,"coffee":3,"takeaway_pct":19.5,"pubs":5,"specialty":2,"chain_pct":2.4,"borough":"Camden"}},{"type":"Feature","geometry":{"type":"Polygon","coordinates":[[[-0.12543,51.52553],[-0.13214,51.52433],[-0.13336,51.51986],[-0.12788,51.51658],[-0.12117,51.51777],[-0.11994,51.52224],[-0.12543,51.52553]]]},"properties":{"id":"88195da4d3fffff","n":211,"five_pct":58.6,"low_pct":10.2,"awaiting":24,"awaiting_pct":11.4,"coffee":15,"takeaway_pct":19.0,"pubs":13,"specialty":3,"chain_pct":5.7,"borough":"Camden"}},{"type":"Feature","geometry":{"type":"Polygon","coordinates":[[[-0.19926,51.55921],[-0.20597,51.55801],[-0.20719,51.55354],[-0.2017,51.55026],[-0.19498,51.55146],[-0.19376,51.55593],[-0.19926,51.55921]]]},"properties":{"id":"88195da433fffff","n":16,"five_pct":56.2,"low_pct":0.0,"awaiting":0,"awaiting_pct":0.0,"coffee":0,"takeaway_pct":0.0,"pubs":2,"specialty":0,"chain_pct":0.0,"borough":"Camden"}},{"type":"Feature","geometry":{"type":"Polygon","coordinates":[[[-0.14189,51.53537],[-0.1486,51.53417],[-0.14983,51.5297],[-0.14434,51.52642],[-0.13763,51.52761],[-0.1364,51.53209],[-0.14189,51.53537]]]},"properties":{"id":"88195da4d5fffff","n":26,"five_pct":58.3,"low_pct":4.2,"awaiting":1,"awaiting_pct":3.8,"coffee":2,"takeaway_pct":7.7,"pubs":4,"specialty":0,"chain_pct":0.0,"borough":"Camden"}},{"type":"Feature","geometry":{"type":"Polygon","coordinates":[[[-0.1785,51.54162],[-0.18521,51.54042],[-0.18643,51.53595],[-0.18094,51.53267],[-0.17423,51.53387],[-0.17301,51.53834],[-0.1785,51.54162]]]},"properties":{"id":"88195da4e3fffff","n":27,"five_pct":48.1,"low_pct":0.0,"awaiting":0,"awaiting_pct":0.0,"coffee":2,"takeaway_pct":3.7,"pubs":0,"specialty":0,"chain_pct":3.7,"borough":"Westminster"}},{"type":"Feature","geometry":{"type":"Polygon","coordinates":[[[-0.10104,51.52135],[-0.10775,51.52016],[-0.10898,51.51568],[-0.10349,51.5124],[-0.09679,51.51359],[-0.09556,51.51806],[-0.10104,51.52135]]]},"properties":{"id":"88194ad329fffff","n":335,"five_pct":81.0,"low_pct":3.8,"awaiting":20,"awaiting_pct":6.0,"coffee":22,"takeaway_pct":18.8,"pubs":51,"specialty":4,"chain_pct":9.6,"borough":"City of London Corporation"}},{"type":"Feature","geometry":{"type":"Polygon","coordinates":[[[-0.08574,51.55384],[-0.09245,51.55265],[-0.09368,51.54818],[-0.0882,51.5449],[-0.08149,51.54609],[-0.08026,51.55056],[-0.08574,51.55384]]]},"properties":{"id":"88195da691fffff","n":49,"five_pct":63.8,"low_pct":2.1,"awaiting":2,"awaiting_pct":4.1,"coffee":2,"takeaway_pct":12.2,"pubs":5,"specialty":0,"chain_pct":0.0,"borough":"Islington"}},{"type":"Feature","geometry":{"type":"Polygon","coordinates":[[[-0.20534,51.48999],[-0.21205,51.48879],[-0.21327,51.48431],[-0.20778,51.48103],[-0.20107,51.48223],[-0.19985,51.48671],[-0.20534,51.48999]]]},"properties":{"id":"88194ada0bfffff","n":67,"five_pct":63.6,"low_pct":9.1,"awaiting":0,"awaiting_pct":0.0,"coffee":3,"takeaway_pct":22.4,"pubs":5,"specialty":0,"chain_pct":0.0,"borough":"Hammersmith and Fulham"}},{"type":"Feature","geometry":{"type":"Polygon","coordinates":[[[-0.22182,51.49982],[-0.22853,51.49862],[-0.22975,51.49415],[-0.22425,51.49087],[-0.21754,51.49207],[-0.21632,51.49654],[-0.22182,51.49982]]]},"properties":{"id":"88194ada0dfffff","n":114,"five_pct":88.1,"low_pct":0.9,"awaiting":5,"awaiting_pct":4.4,"coffee":9,"takeaway_pct":10.5,"pubs":13,"specialty":3,"chain_pct":13.2,"borough":"Hammersmith and Fulham"}},{"type":"Feature","geometry":{"type":"Polygon","coordinates":[[[-0.24258,51.51741],[-0.24929,51.51621],[-0.25051,51.51173],[-0.24501,51.50845],[-0.2383,51.50966],[-0.23708,51.51413],[-0.24258,51.51741]]]},"properties":{"id":"88194ada6dfffff","n":32,"five_pct":44.8,"low_pct":24.1,"awaiting":3,"awaiting_pct":9.4,"coffee":0,"takeaway_pct":46.9,"pubs":0,"specialty":0,"chain_pct":0.0,"borough":"Ealing"}},{"type":"Feature","geometry":{"type":"Polygon","coordinates":[[[-0.23037,51.51533],[-0.23708,51.51413],[-0.2383,51.50966],[-0.23281,51.50638],[-0.22609,51.50758],[-0.22488,51.51206],[-0.23037,51.51533]]]},"properties":{"id":"88194ada69fffff","n":31,"five_pct":78.3,"low_pct":8.7,"awaiting":8,"awaiting_pct":25.8,"coffee":2,"takeaway_pct":16.1,"pubs":1,"specialty":0,"chain_pct":0.0,"borough":"Hammersmith and Fulham"}},{"type":"Feature","geometry":{"type":"Polygon","coordinates":[[[-0.20472,51.4688],[-0.21143,51.4676],[-0.21265,51.46312],[-0.20716,51.45984],[-0.20045,51.46104],[-0.19924,51.46552],[-0.20472,51.4688]]]},"properties":{"id":"88194ada17fffff","n":11,"five_pct":50.0,"low_pct":0.0,"awaiting":1,"awaiting_pct":9.1,"coffee":2,"takeaway_pct":9.1,"pubs":1,"specialty":0,"chain_pct":0.0,"borough":"Wandsworth"}},{"type":"Feature","geometry":{"type":"Polygon","coordinates":[[[-0.18095,51.48583],[-0.18765,51.48463],[-0.18887,51.48015],[-0.18339,51.47687],[-0.17668,51.47807],[-0.17546,51.48255],[-0.18095,51.48583]]]},"properties":{"id":"88194ada53fffff","n":52,"five_pct":85.4,"low_pct":2.1,"awaiting":4,"awaiting_pct":7.7,"coffee":1,"takeaway_pct":7.7,"pubs":8,"specialty":0,"chain_pct":7.7,"borough":"Kensington and Chelsea"}},{"type":"Feature","geometry":{"type":"Polygon","coordinates":[[[-0.19741,51.49567],[-0.20412,51.49447],[-0.20534,51.48999],[-0.19985,51.48671],[-0.19314,51.48791],[-0.19192,51.49239],[-0.19741,51.49567]]]},"properties":{"id":"88194ada55fffff","n":70,"five_pct":81.8,"low_pct":0.0,"awaiting":1,"awaiting_pct":1.4,"coffee":3,"takeaway_pct":11.4,"pubs":5,"specialty":0,"chain_pct":11.4,"borough":"Kensington and Chelsea"}},{"type":"Feature","geometry":{"type":"Polygon","coordinates":[[[-0.08263,51.58842],[-0.08935,51.58723],[-0.09057,51.58276],[-0.08509,51.57948],[-0.07837,51.58067],[-0.07714,51.58514],[-0.08263,51.58842]]]},"properties":{"id":"88195da6cbfffff","n":15,"five_pct":73.3,"low_pct":20.0,"awaiting":0,"awaiting_pct":0.0,"coffee":0,"takeaway_pct":26.7,"pubs":1,"specialty":0,"chain_pct":0.0,"borough":"Haringey"}},{"type":"Feature","geometry":{"type":"Polygon","coordinates":[[[-0.12293,51.58128],[-0.12965,51.58009],[-0.13087,51.57562],[-0.12538,51.57234],[-0.11866,51.57353],[-0.11744,51.578],[-0.12293,51.58128]]]},"properties":{"id":"88195da6e3fffff","n":45,"five_pct":77.8,"low_pct":4.4,"awaiting":0,"awaiting_pct":0.0,"coffee":4,"takeaway_pct":6.7,"pubs":7,"specialty":1,"chain_pct":2.2,"borough":"Haringey"}},{"type":"Feature","geometry":{"type":"Polygon","coordinates":[[[-0.11925,51.59469],[-0.12597,51.5935],[-0.12719,51.58903],[-0.1217,51.58575],[-0.11499,51.58694],[-0.11376,51.59141],[-0.11925,51.59469]]]},"properties":{"id":"88195da6e9fffff","n":30,"five_pct":86.7,"low_pct":0.0,"awaiting":0,"awaiting_pct":0.0,"coffee":1,"takeaway_pct":20.0,"pubs":2,"specialty":0,"chain_pct":0.0,"borough":"Haringey"}},{"type":"Feature","geometry":{"type":"Polygon","coordinates":[[[-0.13146,51.59678],[-0.13818,51.59559],[-0.1394,51.59112],[-0.13391,51.58784],[-0.12719,51.58903],[-0.12597,51.5935],[-0.13146,51.59678]]]},"properties":{"id":"88195da6edfffff","n":6,"five_pct":83.3,"low_pct":0.0,"awaiting":0,"awaiting_pct":0.0,"coffee":0,"takeaway_pct":0.0,"pubs":0,"specialty":0,"chain_pct":0.0,"borough":"Haringey"}},{"type":"Feature","geometry":{"type":"Polygon","coordinates":[[[-0.11983,51.61585],[-0.12656,51.61467],[-0.12778,51.61019],[-0.12229,51.60692],[-0.11557,51.6081],[-0.11434,51.61257],[-0.11983,51.61585]]]},"properties":{"id":"88195da61dfffff","n":11,"five_pct":25.0,"low_pct":12.5,"awaiting":3,"awaiting_pct":27.3,"coffee":0,"takeaway_pct":9.1,"pubs":0,"specialty":0,"chain_pct":0.0,"borough":"Enfield"}},{"type":"Feature","geometry":{"type":"Polygon","coordinates":[[[-0.33374,51.58204],[-0.34046,51.58084],[-0.34167,51.57636],[-0.33616,51.57309],[-0.32944,51.57429],[-0.32822,51.57877],[-0.33374,51.58204]]]},"properties":{"id":"88195daec5fffff","n":55,"five_pct":78.0,"low_pct":2.0,"awaiting":5,"awaiting_pct":9.1,"coffee":4,"takeaway_pct":25.5,"pubs":4,"specialty":0,"chain_pct":12.7,"borough":"Harrow"}},{"type":"Feature","geometry":{"type":"Polygon","coordinates":[[[0.19279,51.56887],[0.18609,51.56769],[0.18484,51.56323],[0.1903,51.55994],[0.197,51.56111],[0.19825,51.56558],[0.19279,51.56887]]]},"properties":{"id":"88194e6185fffff","n":11,"five_pct":54.5,"low_pct":9.1,"awaiting":0,"awaiting_pct":0.0,"coffee":1,"takeaway_pct":36.4,"pubs":1,"specialty":0,"chain_pct":9.1,"borough":"Havering"}},{"type":"Feature","geometry":{"type":"Polygon","coordinates":[[[0.19232,51.59],[0.18562,51.58883],[0.18437,51.58437],[0.18983,51.58108],[0.19653,51.58225],[0.19778,51.58671],[0.19232,51.59]]]},"properties":{"id":"88194e61e9fffff","n":6,"five_pct":80.0,"low_pct":0.0,"awaiting":1,"awaiting_pct":16.7,"coffee":0,"takeaway_pct":0.0,"pubs":1,"specialty":0,"chain_pct":0.0,"borough":"Havering"}},{"type":"Feature","geometry":{"type":"Polygon","coordinates":[[[0.23256,51.59702],[0.22585,51.59585],[0.2246,51.59139],[0.23006,51.5881],[0.23676,51.58927],[0.23801,51.59373],[0.23256,51.59702]]]},"properties":{"id":"88194e6023fffff","n":16,"five_pct":90.9,"low_pct":0.0,"awaiting":3,"awaiting_pct":18.8,"coffee":0,"takeaway_pct":6.2,"pubs":2,"specialty":0,"chain_pct":0.0,"borough":"Havering"}},{"type":"Feature","geometry":{"type":"Polygon","coordinates":[[[0.25356,51.55826],[0.24686,51.55709],[0.24561,51.55263],[0.25106,51.54933],[0.25776,51.5505],[0.25901,51.55496],[0.25356,51.55826]]]},"properties":{"id":"88194e60adfffff","n":52,"five_pct":71.4,"low_pct":4.1,"awaiting":2,"awaiting_pct":3.8,"coffee":4,"takeaway_pct":21.2,"pubs":2,"specialty":0,"chain_pct":5.8,"borough":"Havering"}},{"type":"Feature","geometry":{"type":"Polygon","coordinates":[[[0.22506,51.57026],[0.21836,51.56909],[0.21711,51.56462],[0.22256,51.56133],[0.22926,51.5625],[0.23051,51.56697],[0.22506,51.57026]]]},"properties":{"id":"88194e61d5fffff","n":21,"five_pct":55.6,"low_pct":11.1,"awaiting":2,"awaiting_pct":9.5,"coffee":0,"takeaway_pct":4.8,"pubs":7,"specialty":0,"chain_pct":0.0,"borough":"Havering"}},{"type":"Feature","geometry":{"type":"Polygon","coordinates":[[[0.18063,51.57099],[0.17393,51.56981],[0.17268,51.56535],[0.17814,51.56206],[0.18484,51.56323],[0.18609,51.56769],[0.18063,51.57099]]]},"properties":{"id":"88194e61a9fffff","n":16,"five_pct":43.8,"low_pct":0.0,"awaiting":0,"awaiting_pct":0.0,"coffee":2,"takeaway_pct":31.2,"pubs":1,"specialty":0,"chain_pct":0.0,"borough":"Havering"}},{"type":"Feature","geometry":{"type":"Polygon","coordinates":[[[0.18858,51.57662],[0.18188,51.57545],[0.18063,51.57099],[0.18609,51.56769],[0.19279,51.56887],[0.19404,51.57333],[0.18858,51.57662]]]},"properties":{"id":"88194e61e3fffff","n":41,"five_pct":43.9,"low_pct":12.2,"awaiting":0,"awaiting_pct":0.0,"coffee":1,"takeaway_pct":29.3,"pubs":4,"specialty":0,"chain_pct":0.0,"borough":"Havering"}},{"type":"Feature","geometry":{"type":"Polygon","coordinates":[[[0.20869,51.58013],[0.20199,51.57896],[0.20074,51.5745],[0.2062,51.57121],[0.2129,51.57238],[0.21415,51.57684],[0.20869,51.58013]]]},"properties":{"id":"88194e61c7fffff","n":11,"five_pct":63.6,"low_pct":0.0,"awaiting":0,"awaiting_pct":0.0,"coffee":1,"takeaway_pct":27.3,"pubs":1,"specialty":0,"chain_pct":9.1,"borough":"Havering"}},{"type":"Feature","geometry":{"type":"Polygon","coordinates":[[[0.2204,51.59914],[0.21369,51.59797],[0.21244,51.59351],[0.2179,51.59022],[0.2246,51.59139],[0.22585,51.59585],[0.2204,51.59914]]]},"properties":{"id":"88194e6027fffff","n":11,"five_pct":90.9,"low_pct":0.0,"awaiting":0,"awaiting_pct":0.0,"coffee":1,"takeaway_pct":45.5,"pubs":0,"specialty":0,"chain_pct":27.3,"borough":"Havering"}},{"type":"Feature","geometry":{"type":"Polygon","coordinates":[[[0.22926,51.5625],[0.22256,51.56133],[0.22131,51.55687],[0.22676,51.55358],[0.23346,51.55475],[0.23471,51.55921],[0.22926,51.5625]]]},"properties":{"id":"88194e61d7fffff","n":5,"five_pct":60.0,"low_pct":0.0,"awaiting":0,"awaiting_pct":0.0,"coffee":0,"takeaway_pct":20.0,"pubs":0,"specialty":0,"chain_pct":0.0,"borough":"Havering"}},{"type":"Feature","geometry":{"type":"Polygon","coordinates":[[[0.23631,51.6104],[0.2296,51.60923],[0.22835,51.60477],[0.23381,51.60148],[0.24051,51.60265],[0.24176,51.60711],[0.23631,51.6104]]]},"properties":{"id":"88194e6029fffff","n":7,"five_pct":42.9,"low_pct":14.3,"awaiting":0,"awaiting_pct":0.0,"coffee":0,"takeaway_pct":28.6,"pubs":1,"specialty":0,"chain_pct":0.0,"borough":"Havering"}},{"type":"Feature","geometry":{"type":"Polygon","coordinates":[[[0.18158,51.5287],[0.17488,51.52752],[0.17363,51.52306],[0.17908,51.51977],[0.18578,51.52094],[0.18703,51.52541],[0.18158,51.5287]]]},"properties":{"id":"88194e6f51fffff","n":8,"five_pct":62.5,"low_pct":12.5,"awaiting":0,"awaiting_pct":0.0,"coffee":0,"takeaway_pct":25.0,"pubs":2,"specialty":0,"chain_pct":0.0,"borough":"Havering"}},{"type":"Feature","geometry":{"type":"Polygon","coordinates":[[[-0.47425,51.53546],[-0.48098,51.53425],[-0.48218,51.52976],[-0.47665,51.5265],[-0.46993,51.52771],[-0.46873,51.53219],[-0.47425,51.53546]]]},"properties":{"id":"88195dad81fffff","n":8,"five_pct":62.5,"low_pct":0.0,"awaiting":0,"awaiting_pct":0.0,"coffee":1,"takeaway_pct":12.5,"pubs":2,"specialty":0,"chain_pct":12.5,"borough":"Hillingdon"}},{"type":"Feature","geometry":{"type":"Polygon","coordinates":[[[-0.41666,51.51173],[-0.42338,51.51051],[-0.42458,51.50603],[-0.41907,51.50276],[-0.41235,51.50397],[-0.41114,51.50846],[-0.41666,51.51173]]]},"properties":{"id":"88195daca3fffff","n":83,"five_pct":27.8,"low_pct":22.8,"awaiting":4,"awaiting_pct":4.8,"coffee":5,"takeaway_pct":28.9,"pubs":5,"specialty":0,"chain_pct":3.6,"borough":"Hillingdon"}},{"type":"Feature","geometry":{"type":"Polygon","coordinates":[[[-0.40219,51.5655],[-0.40892,51.5643],[-0.41012,51.55982],[-0.40461,51.55654],[-0.39788,51.55775],[-0.39667,51.56223],[-0.40219,51.5655]]]},"properties":{"id":"88195dac1dfffff","n":11,"five_pct":81.8,"low_pct":0.0,"awaiting":0,"awaiting_pct":0.0,"coffee":1,"takeaway_pct":9.1,"pubs":1,"specialty":0,"chain_pct":27.3,"borough":"Hillingdon"}},{"type":"Feature","geometry":{"type":"Polygon","coordinates":[[[-0.42458,51.50603],[-0.4313,51.50482],[-0.4325,51.50034],[-0.42699,51.49706],[-0.42027,51.49828],[-0.41907,51.50276],[-0.42458,51.50603]]]},"properties":{"id":"88195d3649fffff","n":17,"five_pct":50.0,"low_pct":25.0,"awaiting":1,"awaiting_pct":5.9,"coffee":2,"takeaway_pct":23.5,"pubs":2,"specialty":0,"chain_pct":0.0,"borough":"Hillingdon"}},{"type":"Feature","geometry":{"type":"Polygon","coordinates":[[[-0.44113,51.51584],[-0.44785,51.51463],[-0.44905,51.51015],[-0.44354,51.50688],[-0.43682,51.50809],[-0.43561,51.51257],[-0.44113,51.51584]]]},"properties":{"id":"88195dad9bfffff","n":16,"five_pct":93.3,"low_pct":0.0,"awaiting":1,"awaiting_pct":6.2,"coffee":1,"takeaway_pct":6.2,"pubs":1,"specialty":0,"chain_pct":12.5,"borough":"Hillingdon"}},{"type":"Feature","geometry":{"type":"Polygon","coordinates":[[[-0.41583,51.60994],[-0.42256,51.60874],[-0.42377,51.60426],[-0.41824,51.60099],[-0.41152,51.60219],[-0.41031,51.60667],[-0.41583,51.60994]]]},"properties":{"id":"88195daf1bfffff","n":8,"five_pct":42.9,"low_pct":14.3,"awaiting":1,"awaiting_pct":12.5,"coffee":0,"takeaway_pct":25.0,"pubs":1,"specialty":0,"chain_pct":0.0,"borough":"Hillingdon"}},{"type":"Feature","geometry":{"type":"Polygon","coordinates":[[[-0.39857,51.57894],[-0.4053,51.57773],[-0.40651,51.57326],[-0.40099,51.56998],[-0.39426,51.57119],[-0.39305,51.57567],[-0.39857,51.57894]]]},"properties":{"id":"88195dac55fffff","n":28,"five_pct":72.0,"low_pct":4.0,"awaiting":3,"awaiting_pct":10.7,"coffee":4,"takeaway_pct":14.3,"pubs":3,"specialty":0,"chain_pct":10.7,"borough":"Hillingdon"}},{"type":"Feature","geometry":{"type":"Polygon","coordinates":[[[-0.44184,51.53705],[-0.44856,51.53583],[-0.44976,51.53135],[-0.44424,51.52808],[-0.43752,51.52929],[-0.43632,51.53378],[-0.44184,51.53705]]]},"properties":{"id":"88195dadd1fffff","n":22,"five_pct":35.3,"low_pct":23.5,"awaiting":4,"awaiting_pct":18.2,"coffee":1,"takeaway_pct":40.9,"pubs":0,"specialty":0,"chain_pct":4.5,"borough":"Hillingdon"}},{"type":"Feature","geometry":{"type":"Polygon","coordinates":[[[-0.44764,51.46773],[-0.45435,51.46651],[-0.45555,51.46203],[-0.45004,51.45876],[-0.44333,51.45997],[-0.44212,51.46446],[-0.44764,51.46773]]]},"properties":{"id":"88195d3639fffff","n":14,"five_pct":78.6,"low_pct":0.0,"awaiting":0,"awaiting_pct":0.0,"coffee":3,"takeaway_pct":14.3,"pubs":1,"specialty":1,"chain_pct":28.6,"borough":"Hillingdon"}},{"type":"Feature","geometry":{"type":"Polygon","coordinates":[[[-0.48218,51.52976],[-0.4889,51.52855],[-0.4901,51.52407],[-0.48458,51.5208],[-0.47785,51.52201],[-0.47665,51.5265],[-0.48218,51.52976]]]},"properties":{"id":"88195dad87fffff","n":11,"five_pct":50.0,"low_pct":20.0,"awaiting":1,"awaiting_pct":9.1,"coffee":1,"takeaway_pct":54.5,"pubs":1,"specialty":0,"chain_pct":0.0,"borough":"Hillingdon"}},{"type":"Feature","geometry":{"type":"Polygon","coordinates":[[[-0.42528,51.52723],[-0.432,51.52602],[-0.43321,51.52154],[-0.42769,51.51827],[-0.42097,51.51948],[-0.41977,51.52396],[-0.42528,51.52723]]]},"properties":{"id":"88195dacadfffff","n":5,"five_pct":40.0,"low_pct":20.0,"awaiting":0,"awaiting_pct":0.0,"coffee":0,"takeaway_pct":0.0,"pubs":2,"specialty":0,"chain_pct":0.0,"borough":"Hillingdon"}},{"type":"Feature","geometry":{"type":"Polygon","coordinates":[[[-0.46921,51.5065],[-0.47593,51.50529],[-0.47714,51.5008],[-0.47162,51.49753],[-0.4649,51.49875],[-0.4637,51.50323],[-0.46921,51.5065]]]},"properties":{"id":"88195d366dfffff","n":9,"five_pct":55.6,"low_pct":22.2,"awaiting":0,"awaiting_pct":0.0,"coffee":0,"takeaway_pct":44.4,"pubs":1,"specialty":0,"chain_pct":0.0,"borough":"Hillingdon"}},{"type":"Feature","geometry":{"type":"Polygon","coordinates":[[[-0.41235,51.50397],[-0.41907,51.50276],[-0.42027,51.49828],[-0.41476,51.49501],[-0.40804,51.49622],[-0.40684,51.5007],[-0.41235,51.50397]]]},"properties":{"id":"88195dacb5fffff","n":7,"five_pct":33.3,"low_pct":33.3,"awaiting":1,"awaiting_pct":14.3,"coffee":0,"takeaway_pct":42.9,"pubs":0,"specialty":0,"chain_pct":0.0,"borough":"Hillingdon"}},{"type":"Feature","geometry":{"type":"Polygon","coordinates":[[[-0.36277,51.47452],[-0.36948,51.47331],[-0.37068,51.46883],[-0.36518,51.46556],[-0.35847,51.46677],[-0.35726,51.47125],[-0.36277,51.47452]]]},"properties":{"id":"88194ad90dfffff","n":115,"five_pct":52.3,"low_pct":6.5,"awaiting":8,"awaiting_pct":7.0,"coffee":7,"takeaway_pct":33.0,"pubs":5,"specialty":0,"chain_pct":7.8,"borough":"Hounslow"}},{"type":"Feature","geometry":{"type":"Polygon","coordinates":[[[-0.25416,51.4983],[-0.26087,51.49709],[-0.26208,51.49262],[-0.25659,51.48934],[-0.24988,51.49054],[-0.24866,51.49502],[-0.25416,51.4983]]]},"properties":{"id":"88194ada2dfffff","n":83,"five_pct":72.6,"low_pct":6.8,"awaiting":10,"awaiting_pct":12.0,"coffee":3,"takeaway_pct":7.2,"pubs":8,"specialty":0,"chain_pct":4.8,"borough":"Hounslow"}},{"type":"Feature","geometry":{"type":"Polygon","coordinates":[[[-0.37068,51.46883],[-0.3774,51.46762],[-0.3786,51.46313],[-0.3731,51.45986],[-0.36639,51.46107],[-0.36518,51.46556],[-0.37068,51.46883]]]},"properties":{"id":"88194ad905fffff","n":22,"five_pct":47.4,"low_pct":0.0,"awaiting":3,"awaiting_pct":13.6,"coffee":0,"takeaway_pct":22.7,"pubs":3,"specialty":0,"chain_pct":0.0,"borough":"Hounslow"}},{"type":"Feature","geometry":{"type":"Polygon","coordinates":[[[-0.28222,51.489],[-0.28893,51.4878],[-0.29014,51.48332],[-0.28464,51.48004],[-0.27793,51.48125],[-0.27672,51.48573],[-0.28222,51.489]]]},"properties":{"id":"88194adb11fffff","n":18,"five_pct":64.7,"low_pct":5.9,"awaiting":1,"awaiting_pct":5.6,"coffee":1,"takeaway_pct":0.0,"pubs":8,"specialty":0,"chain_pct":0.0,"borough":"Richmond-Upon-Thames"}},{"type":"Feature","geometry":{"type":"Polygon","coordinates":[[[-0.25352,51.4771],[-0.26023,51.4759],[-0.26144,51.47142],[-0.25595,51.46814],[-0.24924,51.46935],[-0.24803,51.47383],[-0.25352,51.4771]]]},"properties":{"id":"88194ad849fffff","n":26,"five_pct":87.0,"low_pct":0.0,"awaiting":3,"awaiting_pct":11.5,"coffee":2,"takeaway_pct":0.0,"pubs":4,"specialty":0,"chain_pct":7.7,"borough":"Richmond-Upon-Thames"}},{"type":"Feature","geometry":{"type":"Polygon","coordinates":[[[-0.29443,51.49108],[-0.30114,51.48987],[-0.30235,51.48539],[-0.29685,51.48212],[-0.29014,51.48332],[-0.28893,51.4878],[-0.29443,51.49108]]]},"properties":{"id":"88194adb15fffff","n":19,"five_pct":83.3,"low_pct":0.0,"awaiting":1,"awaiting_pct":5.3,"coffee":0,"takeaway_pct":21.1,"pubs":2,"specialty":0,"chain_pct":10.5,"borough":"Hounslow"}},{"type":"Feature","geometry":{"type":"Polygon","coordinates":[[[-0.32678,51.48953],[-0.33349,51.48832],[-0.3347,51.48384],[-0.3292,51.48056],[-0.32249,51.48177],[-0.32128,51.48625],[-0.32678,51.48953]]]},"properties":{"id":"88194adb35fffff","n":17,"five_pct":100.0,"low_pct":0.0,"awaiting":1,"awaiting_pct":5.9,"coffee":0,"takeaway_pct":5.9,"pubs":0,"specialty":0,"chain_pct":5.9,"borough":"Hounslow"}},{"type":"Feature","geometry":{"type":"Polygon","coordinates":[[[-0.27858,51.50244],[-0.28529,51.50124],[-0.2865,51.49676],[-0.28101,51.49348],[-0.27429,51.49469],[-0.27308,51.49917],[-0.27858,51.50244]]]},"properties":{"id":"88194adb57fffff","n":21,"five_pct":68.4,"low_pct":0.0,"awaiting":2,"awaiting_pct":9.5,"coffee":1,"takeaway_pct":4.8,"pubs":4,"specialty":0,"chain_pct":0.0,"borough":"Hounslow"}},{"type":"Feature","geometry":{"type":"Polygon","coordinates":[[[-0.39444,51.45174],[-0.40115,51.45053],[-0.40235,51.44604],[-0.39685,51.44277],[-0.39014,51.44398],[-0.38893,51.44847],[-0.39444,51.45174]]]},"properties":{"id":"88195d36c9fffff","n":8,"five_pct":75.0,"low_pct":0.0,"awaiting":0,"awaiting_pct":0.0,"coffee":0,"takeaway_pct":12.5,"pubs":2,"specialty":0,"chain_pct":0.0,"borough":"Hounslow"}},{"type":"Feature","geometry":{"type":"Polygon","coordinates":[[[-0.35847,51.46677],[-0.36518,51.46556],[-0.36639,51.46107],[-0.36088,51.4578],[-0.35417,51.45901],[-0.35296,51.46349],[-0.35847,51.46677]]]},"properties":{"id":"88194ad901fffff","n":19,"five_pct":56.2,"low_pct":0.0,"awaiting":3,"awaiting_pct":15.8,"coffee":1,"takeaway_pct":10.5,"pubs":4,"specialty":0,"chain_pct":0.0,"borough":"Hounslow"}},{"type":"Feature","geometry":{"type":"Polygon","coordinates":[[[-0.40235,51.44604],[-0.40906,51.44483],[-0.41027,51.44034],[-0.40476,51.43707],[-0.39805,51.43829],[-0.39685,51.44277],[-0.40235,51.44604]]]},"properties":{"id":"88195d36c1fffff","n":9,"five_pct":88.9,"low_pct":11.1,"awaiting":0,"awaiting_pct":0.0,"coffee":0,"takeaway_pct":0.0,"pubs":0,"specialty":0,"chain_pct":0.0,"borough":"Hounslow"}},{"type":"Feature","geometry":{"type":"Polygon","coordinates":[[[-0.34692,51.48591],[-0.35364,51.4847],[-0.35484,51.48021],[-0.34934,51.47694],[-0.34263,51.47815],[-0.34142,51.48263],[-0.34692,51.48591]]]},"properties":{"id":"88194ad941fffff","n":6,"five_pct":33.3,"low_pct":0.0,"awaiting":0,"awaiting_pct":0.0,"coffee":0,"takeaway_pct":33.3,"pubs":1,"specialty":0,"chain_pct":0.0,"borough":"Hounslow"}},{"type":"Feature","geometry":{"type":"Polygon","coordinates":[[[-0.41096,51.46156],[-0.41767,51.46034],[-0.41888,51.45586],[-0.41337,51.45259],[-0.40666,51.4538],[-0.40545,51.45829],[-0.41096,51.46156]]]},"properties":{"id":"88195d361bfffff","n":8,"five_pct":71.4,"low_pct":28.6,"awaiting":1,"awaiting_pct":12.5,"coffee":0,"takeaway_pct":75.0,"pubs":0,"specialty":0,"chain_pct":0.0,"borough":"Hounslow"}},{"type":"Feature","geometry":{"type":"Polygon","coordinates":[[[-0.2578,51.48486],[-0.26451,51.48366],[-0.26573,51.47918],[-0.26023,51.4759],[-0.25352,51.4771],[-0.25231,51.48158],[-0.2578,51.48486]]]},"properties":{"id":"88194ada27fffff","n":8,"five_pct":66.7,"low_pct":0.0,"awaiting":2,"awaiting_pct":25.0,"coffee":0,"takeaway_pct":12.5,"pubs":4,"specialty":0,"chain_pct":0.0,"borough":"Hounslow"}},{"type":"Feature","geometry":{"type":"Polygon","coordinates":[[[-0.1266,51.56787],[-0.13332,51.56668],[-0.13454,51.5622],[-0.12906,51.55892],[-0.12234,51.56012],[-0.12112,51.56459],[-0.1266,51.56787]]]},"properties":{"id":"88195da6abfffff","n":45,"five_pct":52.6,"low_pct":2.6,"awaiting":7,"awaiting_pct":15.6,"coffee":1,"takeaway_pct":15.6,"pubs":5,"specialty":0,"chain_pct":2.2,"borough":"Islington"}},{"type":"Feature","geometry":{"type":"Polygon","coordinates":[[[-0.12234,51.56012],[-0.12906,51.55892],[-0.13028,51.55445],[-0.12479,51.55117],[-0.11808,51.55236],[-0.11685,51.55683],[-0.12234,51.56012]]]},"properties":{"id":"88195da6bdfffff","n":37,"five_pct":45.5,"low_pct":18.2,"awaiting":4,"awaiting_pct":10.8,"coffee":4,"takeaway_pct":10.8,"pubs":3,"specialty":0,"chain_pct":5.4,"borough":"Islington"}},{"type":"Feature","geometry":{"type":"Polygon","coordinates":[[[-0.09368,51.54818],[-0.10039,51.54699],[-0.10162,51.54252],[-0.09614,51.53924],[-0.08943,51.54043],[-0.0882,51.5449],[-0.09368,51.54818]]]},"properties":{"id":"88195da697fffff","n":51,"five_pct":57.4,"low_pct":6.4,"awaiting":4,"awaiting_pct":7.8,"coffee":1,"takeaway_pct":9.8,"pubs":8,"specialty":0,"chain_pct":0.0,"borough":"Islington"}},{"type":"Feature","geometry":{"type":"Polygon","coordinates":[[[-0.1022,51.56369],[-0.10891,51.5625],[-0.11014,51.55803],[-0.10465,51.55474],[-0.09794,51.55593],[-0.09671,51.56041],[-0.1022,51.56369]]]},"properties":{"id":"88195da683fffff","n":60,"five_pct":59.6,"low_pct":3.5,"awaiting":3,"awaiting_pct":5.0,"coffee":4,"takeaway_pct":11.7,"pubs":9,"specialty":0,"chain_pct":0.0,"borough":"Islington"}},{"type":"Feature","geometry":{"type":"Polygon","coordinates":[[[-0.08517,51.53267],[-0.09188,51.53148],[-0.09311,51.52701],[-0.08762,51.52373],[-0.08092,51.52492],[-0.07969,51.52939],[-0.08517,51.53267]]]},"properties":{"id":"88194ad36bfffff","n":159,"five_pct":73.6,"low_pct":2.0,"awaiting":11,"awaiting_pct":6.9,"coffee":8,"takeaway_pct":16.4,"pubs":20,"specialty":4,"chain_pct":4.4,"borough":"Hackney"}},{"type":"Feature","geometry":{"type":"Polygon","coordinates":[[[-0.09794,51.55593],[-0.10465,51.55474],[-0.10588,51.55027],[-0.10039,51.54699],[-0.09368,51.54818],[-0.09245,51.55265],[-0.09794,51.55593]]]},"properties":{"id":"88195da695fffff","n":22,"five_pct":61.9,"low_pct":4.8,"awaiting":1,"awaiting_pct":4.5,"coffee":1,"takeaway_pct":9.1,"pubs":3,"specialty":1,"chain_pct":0.0,"borough":"Islington"}},{"type":"Feature","geometry":{"type":"Polygon","coordinates":[[[-0.21023,51.51893],[-0.21695,51.51773],[-0.21816,51.51326],[-0.21267,51.50998],[-0.20596,51.51118],[-0.20474,51.51565],[-0.21023,51.51893]]]},"properties":{"id":"88194ada4dfffff","n":68,"five_pct":85.2,"low_pct":0.0,"awaiting":7,"awaiting_pct":10.3,"coffee":6,"takeaway_pct":13.2,"pubs":4,"specialty":0,"chain_pct":2.9,"borough":"Kensington and Chelsea"}},{"type":"Feature","geometry":{"type":"Polygon","coordinates":[[[-0.16936,51.50493],[-0.17607,51.50373],[-0.17729,51.49926],[-0.1718,51.49598],[-0.16509,51.49718],[-0.16387,51.50165],[-0.16936,51.50493]]]},"properties":{"id":"88195da4b3fffff","n":41,"five_pct":89.5,"low_pct":2.6,"awaiting":3,"awaiting_pct":7.3,"coffee":2,"takeaway_pct":2.4,"pubs":1,"specialty":0,"chain_pct":9.8,"borough":"Kensington and Chelsea"}},{"type":"Feature","geometry":{"type":"Polygon","coordinates":[[[-0.28327,51.39074],[-0.28997,51.38953],[-0.29118,51.38505],[-0.28569,51.38177],[-0.27899,51.38298],[-0.27778,51.38746],[-0.28327,51.39074]]]},"properties":{"id":"88194ad8a7fffff","n":10,"five_pct":60.0,"low_pct":0.0,"awaiting":0,"awaiting_pct":0.0,"coffee":0,"takeaway_pct":10.0,"pubs":1,"specialty":0,"chain_pct":0.0,"borough":"Kingston-Upon-Thames"}},{"type":"Feature","geometry":{"type":"Polygon","coordinates":[[[-0.16082,51.48942],[-0.16753,51.48822],[-0.16875,51.48375],[-0.16327,51.48047],[-0.15656,51.48166],[-0.15534,51.48614],[-0.16082,51.48942]]]},"properties":{"id":"88194ad167fffff","n":18,"five_pct":88.9,"low_pct":0.0,"awaiting":0,"awaiting_pct":0.0,"coffee":0,"takeaway_pct":0.0,"pubs":6,"specialty":0,"chain_pct":5.6,"borough":"Kensington and Chelsea"}},{"type":"Feature","geometry":{"type":"Polygon","coordinates":[[[-0.2882,51.41971],[-0.2949,51.4185],[-0.29611,51.41402],[-0.29062,51.41074],[-0.28392,51.41195],[-0.28271,51.41643],[-0.2882,51.41971]]]},"properties":{"id":"88194ad9d9fffff","n":33,"five_pct":60.6,"low_pct":3.0,"awaiting":0,"awaiting_pct":0.0,"coffee":1,"takeaway_pct":24.2,"pubs":7,"specialty":0,"chain_pct":3.0,"borough":"Kingston-Upon-Thames"}},{"type":"Feature","geometry":{"type":"Polygon","coordinates":[[[-0.32183,51.46057],[-0.32854,51.45936],[-0.32975,51.45488],[-0.32425,51.4516],[-0.31754,51.45281],[-0.31633,51.45729],[-0.32183,51.46057]]]},"properties":{"id":"88194ad953fffff","n":22,"five_pct":81.0,"low_pct":0.0,"awaiting":1,"awaiting_pct":4.5,"coffee":2,"takeaway_pct":9.1,"pubs":2,"specialty":2,"chain_pct":0.0,"borough":"Richmond-Upon-Thames"}},{"type":"Feature","geometry":{"type":"Polygon","coordinates":[[[-0.30766,51.39487],[-0.31436,51.39366],[-0.31556,51.38918],[-0.31007,51.3859],[-0.30337,51.38711],[-0.30216,51.3916],[-0.30766,51.39487]]]},"properties":{"id":"88194ad991fffff","n":37,"five_pct":70.3,"low_pct":0.0,"awaiting":0,"awaiting_pct":0.0,"coffee":4,"takeaway_pct":21.6,"pubs":5,"specialty":1,"chain_pct":13.5,"borough":"Kingston-Upon-Thames"}},{"type":"Feature","geometry":{"type":"Polygon","coordinates":[[[-0.14259,51.41601],[-0.14929,51.41481],[-0.15051,51.41033],[-0.14503,51.40705],[-0.13834,51.40825],[-0.13711,51.41273],[-0.14259,51.41601]]]},"properties":{"id":"88194ad1a7fffff","n":12,"five_pct":66.7,"low_pct":0.0,"awaiting":0,"awaiting_pct":0.0,"coffee":1,"takeaway_pct":33.3,"pubs":0,"specialty":0,"chain_pct":0.0,"borough":"Merton"}},{"type":"Feature","geometry":{"type":"Polygon","coordinates":[[[-0.21933,51.41504],[-0.22603,51.41383],[-0.22724,51.40935],[-0.22176,51.40608],[-0.21506,51.40728],[-0.21384,51.41176],[-0.21933,51.41504]]]},"properties":{"id":"88194ad8cbfffff","n":19,"five_pct":94.1,"low_pct":0.0,"awaiting":2,"awaiting_pct":10.5,"coffee":1,"takeaway_pct":26.3,"pubs":0,"specialty":0,"chain_pct":5.3,"borough":"Merton"}},{"type":"Feature","geometry":{"type":"Polygon","coordinates":[[[-0.19131,51.42433],[-0.19801,51.42313],[-0.19923,51.41865],[-0.19374,51.41537],[-0.18704,51.41657],[-0.18583,51.42105],[-0.19131,51.42433]]]},"properties":{"id":"88194adab9fffff","n":48,"five_pct":74.4,"low_pct":2.3,"awaiting":5,"awaiting_pct":10.4,"coffee":2,"takeaway_pct":16.7,"pubs":1,"specialty":0,"chain_pct":2.1,"borough":"Merton"}},{"type":"Feature","geometry":{"type":"Polygon","coordinates":[[[-0.18704,51.41657],[-0.19374,51.41537],[-0.19496,51.41089],[-0.18948,51.40761],[-0.18278,51.40881],[-0.18156,51.41329],[-0.18704,51.41657]]]},"properties":{"id":"88194adabbfffff","n":30,"five_pct":81.5,"low_pct":0.0,"awaiting":2,"awaiting_pct":6.7,"coffee":2,"takeaway_pct":10.0,"pubs":3,"specialty":0,"chain_pct":3.3,"borough":"Merton"}},{"type":"Feature","geometry":{"type":"Polygon","coordinates":[[[-0.17121,51.42793],[-0.17791,51.42673],[-0.17913,51.42225],[-0.17364,51.41897],[-0.16695,51.42017],[-0.16573,51.42465],[-0.17121,51.42793]]]},"properties":{"id":"88194ada9dfffff","n":38,"five_pct":86.5,"low_pct":0.0,"awaiting":1,"awaiting_pct":2.6,"coffee":5,"takeaway_pct":5.3,"pubs":2,"specialty":0,"chain_pct":2.6,"borough":"Wandsworth"}},{"type":"Feature","geometry":{"type":"Polygon","coordinates":[[[-0.18643,51.39536],[-0.19313,51.39416],[-0.19435,51.38968],[-0.18887,51.3864],[-0.18217,51.3876],[-0.18096,51.39209],[-0.18643,51.39536]]]},"properties":{"id":"88194ac367fffff","n":7,"five_pct":null,"low_pct":null,"awaiting":3,"awaiting_pct":42.9,"coffee":1,"takeaway_pct":14.3,"pubs":0,"specialty":0,"chain_pct":0.0,"borough":"Merton"}},{"type":"Feature","geometry":{"type":"Polygon","coordinates":[[[-0.20714,51.41296],[-0.21384,51.41176],[-0.21506,51.40728],[-0.20958,51.404],[-0.20288,51.4052],[-0.20166,51.40968],[-0.20714,51.41296]]]},"properties":{"id":"88194adab7fffff","n":8,"five_pct":75.0,"low_pct":0.0,"awaiting":0,"awaiting_pct":0.0,"coffee":1,"takeaway_pct":37.5,"pubs":0,"specialty":0,"chain_pct":12.5,"borough":"Merton"}},{"type":"Feature","geometry":{"type":"Polygon","coordinates":[[[-0.14685,51.42377],[-0.15355,51.42257],[-0.15477,51.41809],[-0.14929,51.41481],[-0.14259,51.41601],[-0.14137,51.42048],[-0.14685,51.42377]]]},"properties":{"id":"88194ad1a5fffff","n":14,"five_pct":81.8,"low_pct":0.0,"awaiting":3,"awaiting_pct":21.4,"coffee":0,"takeaway_pct":35.7,"pubs":1,"specialty":0,"chain_pct":0.0,"borough":"Merton"}},{"type":"Feature","geometry":{"type":"Polygon","coordinates":[[[-0.15477,51.41809],[-0.16147,51.41689],[-0.16269,51.41241],[-0.15721,51.40913],[-0.15051,51.41033],[-0.14929,51.41481],[-0.15477,51.41809]]]},"properties":{"id":"88194ada9bfffff","n":7,"five_pct":85.7,"low_pct":14.3,"awaiting":0,"awaiting_pct":0.0,"coffee":1,"takeaway_pct":14.3,"pubs":0,"specialty":0,"chain_pct":0.0,"borough":"Merton"}},{"type":"Feature","geometry":{"type":"Polygon","coordinates":[[[-0.13834,51.40825],[-0.14503,51.40705],[-0.14625,51.40257],[-0.14078,51.39929],[-0.13408,51.40049],[-0.13286,51.40496],[-0.13834,51.40825]]]},"properties":{"id":"88194ac349fffff","n":7,"five_pct":66.7,"low_pct":0.0,"awaiting":1,"awaiting_pct":14.3,"coffee":0,"takeaway_pct":28.6,"pubs":0,"specialty":0,"chain_pct":0.0,"borough":"Merton"}},{"type":"Feature","geometry":{"type":"Polygon","coordinates":[[[-0.19192,51.44553],[-0.19862,51.44432],[-0.19984,51.43984],[-0.19436,51.43657],[-0.18765,51.43777],[-0.18643,51.44225],[-0.19192,51.44553]]]},"properties":{"id":"88194ada8dfffff","n":45,"five_pct":81.0,"low_pct":2.4,"awaiting":2,"awaiting_pct":4.4,"coffee":2,"takeaway_pct":20.0,"pubs":4,"specialty":1,"chain_pct":4.4,"borough":"Wandsworth"}},{"type":"Feature","geometry":{"type":"Polygon","coordinates":[[[-0.14625,51.40257],[-0.15295,51.40137],[-0.15417,51.39689],[-0.14869,51.39361],[-0.142,51.39481],[-0.14078,51.39929],[-0.14625,51.40257]]]},"properties":{"id":"88194ac341fffff","n":5,"five_pct":null,"low_pct":null,"awaiting":1,"awaiting_pct":20.0,"coffee":0,"takeaway_pct":60.0,"pubs":1,"specialty":0,"chain_pct":0.0,"borough":"Merton"}},{"type":"Feature","geometry":{"type":"Polygon","coordinates":[[[0.00806,51.52366],[0.00135,51.52248],[0.00012,51.518],[0.00559,51.51472],[0.01229,51.5159],[0.01353,51.52037],[0.00806,51.52366]]]},"properties":{"id":"88194ad245fffff","n":35,"five_pct":40.6,"low_pct":18.8,"awaiting":2,"awaiting_pct":5.7,"coffee":1,"takeaway_pct":31.4,"pubs":1,"specialty":0,"chain_pct":5.7,"borough":"Newham"}},{"type":"Feature","geometry":{"type":"Polygon","coordinates":[[[0.02023,51.52156],[0.01353,51.52037],[0.01229,51.5159],[0.01776,51.51262],[0.02447,51.5138],[0.0257,51.51827],[0.02023,51.52156]]]},"properties":{"id":"88194ad241fffff","n":31,"five_pct":35.7,"low_pct":7.1,"awaiting":3,"awaiting_pct":9.7,"coffee":0,"takeaway_pct":38.7,"pubs":3,"specialty":0,"chain_pct":6.5,"borough":"Newham"}},{"type":"Feature","geometry":{"type":"Polygon","coordinates":[[[-0.00836,51.53351],[-0.01507,51.53233],[-0.0163,51.52786],[-0.01083,51.52457],[-0.00412,51.52576],[-0.00289,51.53023],[-0.00836,51.53351]]]},"properties":{"id":"88194e6997fffff","n":9,"five_pct":100.0,"low_pct":0.0,"awaiting":1,"awaiting_pct":11.1,"coffee":1,"takeaway_pct":0.0,"pubs":1,"specialty":0,"chain_pct":11.1,"borough":"Newham"}},{"type":"Feature","geometry":{"type":"Polygon","coordinates":[[[0.00328,51.55257],[-0.00343,51.55139],[-0.00466,51.54692],[0.00081,51.54364],[0.00752,51.54482],[0.00875,51.54929],[0.00328,51.55257]]]},"properties":{"id":"88194e69d7fffff","n":36,"five_pct":50.0,"low_pct":11.8,"awaiting":2,"awaiting_pct":5.6,"coffee":0,"takeaway_pct":44.4,"pubs":5,"specialty":0,"chain_pct":0.0,"borough":"Newham"}},{"type":"Feature","geometry":{"type":"Polygon","coordinates":[[[-0.01685,51.54902],[-0.02356,51.54784],[-0.02479,51.54337],[-0.01931,51.54008],[-0.0126,51.54127],[-0.01137,51.54574],[-0.01685,51.54902]]]},"properties":{"id":"88194e6983fffff","n":54,"five_pct":82.4,"low_pct":0.0,"awaiting":3,"awaiting_pct":5.6,"coffee":4,"takeaway_pct":18.5,"pubs":5,"specialty":0,"chain_pct":0.0,"borough":"Hackney"}},{"type":"Feature","geometry":{"type":"Polygon","coordinates":[[[-0.00412,51.52576],[-0.01083,51.52457],[-0.01206,51.5201],[-0.00659,51.51682],[0.00012,51.518],[0.00135,51.52248],[-0.00412,51.52576]]]},"properties":{"id":"88194ad269fffff","n":9,"five_pct":77.8,"low_pct":0.0,"awaiting":0,"awaiting_pct":0.0,"coffee":1,"takeaway_pct":22.2,"pubs":0,"specialty":0,"chain_pct":0.0,"borough":"Newham"}},{"type":"Feature","geometry":{"type":"Polygon","coordinates":[[[0.03241,51.51946],[0.0257,51.51827],[0.02447,51.5138],[0.02993,51.51052],[0.03664,51.5117],[0.03787,51.51617],[0.03241,51.51946]]]},"properties":{"id":"88194ad24bfffff","n":11,"five_pct":55.6,"low_pct":11.1,"awaiting":2,"awaiting_pct":18.2,"coffee":0,"takeaway_pct":63.6,"pubs":0,"specialty":0,"chain_pct":0.0,"borough":"Newham"}},{"type":"Feature","geometry":{"type":"Polygon","coordinates":[[[0.06417,51.54206],[0.05746,51.54088],[0.05623,51.53641],[0.06169,51.53312],[0.0684,51.5343],[0.06964,51.53877],[0.06417,51.54206]]]},"properties":{"id":"88194e6881fffff","n":10,"five_pct":12.5,"low_pct":0.0,"awaiting":2,"awaiting_pct":20.0,"coffee":1,"takeaway_pct":30.0,"pubs":0,"specialty":0,"chain_pct":0.0,"borough":"Newham"}},{"type":"Feature","geometry":{"type":"Polygon","coordinates":[[[0.06097,51.50749],[0.05427,51.50631],[0.05304,51.50184],[0.0585,51.49856],[0.0652,51.49974],[0.06644,51.50421],[0.06097,51.50749]]]},"properties":{"id":"88194e6d65fffff","n":7,"five_pct":42.9,"low_pct":14.3,"awaiting":0,"awaiting_pct":0.0,"coffee":0,"takeaway_pct":14.3,"pubs":2,"specialty":0,"chain_pct":0.0,"borough":"Newham"}},{"type":"Feature","geometry":{"type":"Polygon","coordinates":[[[-0.09081,51.44229],[-0.09751,51.4411],[-0.09873,51.43662],[-0.09326,51.43334],[-0.08656,51.43453],[-0.08534,51.43901],[-0.09081,51.44229]]]},"properties":{"id":"88194ad1c1fffff","n":13,"five_pct":75.0,"low_pct":0.0,"awaiting":1,"awaiting_pct":7.7,"coffee":1,"takeaway_pct":23.1,"pubs":2,"specialty":0,"chain_pct":0.0,"borough":"Southwark"}},{"type":"Feature","geometry":{"type":"Polygon","coordinates":[[[-0.10046,51.50017],[-0.10717,51.49898],[-0.1084,51.4945],[-0.10292,51.49122],[-0.09621,51.49242],[-0.09498,51.49689],[-0.10046,51.50017]]]},"properties":{"id":"88194ad335fffff","n":130,"five_pct":62.1,"low_pct":1.7,"awaiting":12,"awaiting_pct":9.2,"coffee":4,"takeaway_pct":31.5,"pubs":10,"specialty":0,"chain_pct":3.8,"borough":"Southwark"}},{"type":"Feature","geometry":{"type":"Polygon","coordinates":[[[-0.09563,51.47123],[-0.10234,51.47004],[-0.10356,51.46556],[-0.09809,51.46228],[-0.09138,51.46348],[-0.09016,51.46795],[-0.09563,51.47123]]]},"properties":{"id":"88194ad153fffff","n":38,"five_pct":55.6,"low_pct":5.6,"awaiting":2,"awaiting_pct":5.3,"coffee":1,"takeaway_pct":55.3,"pubs":2,"specialty":0,"chain_pct":7.9,"borough":"Lambeth"}},{"type":"Feature","geometry":{"type":"Polygon","coordinates":[[[-0.09989,51.47899],[-0.10659,51.4778],[-0.10781,51.47332],[-0.10234,51.47004],[-0.09563,51.47123],[-0.09441,51.47571],[-0.09989,51.47899]]]},"properties":{"id":"88194ad151fffff","n":23,"five_pct":50.0,"low_pct":9.1,"awaiting":1,"awaiting_pct":4.3,"coffee":1,"takeaway_pct":26.1,"pubs":2,"specialty":0,"chain_pct":0.0,"borough":"Southwark"}},{"type":"Feature","geometry":{"type":"Polygon","coordinates":[[[-0.06335,51.47272],[-0.07005,51.47153],[-0.07128,51.46705],[-0.0658,51.46377],[-0.0591,51.46496],[-0.05788,51.46944],[-0.06335,51.47272]]]},"properties":{"id":"88194ad063fffff","n":115,"five_pct":68.9,"low_pct":3.8,"awaiting":9,"awaiting_pct":7.8,"coffee":5,"takeaway_pct":27.8,"pubs":10,"specialty":0,"chain_pct":0.9,"borough":"Southwark"}},{"type":"Feature","geometry":{"type":"Polygon","coordinates":[[[-0.09253,51.50584],[-0.09924,51.50464],[-0.10046,51.50017],[-0.09498,51.49689],[-0.08828,51.49808],[-0.08705,51.50256],[-0.09253,51.50584]]]},"properties":{"id":"88194ad33dfffff","n":139,"five_pct":76.5,"low_pct":4.5,"awaiting":6,"awaiting_pct":4.3,"coffee":9,"takeaway_pct":23.0,"pubs":24,"specialty":3,"chain_pct":3.6,"borough":"Southwark"}},{"type":"Feature","geometry":{"type":"Polygon","coordinates":[[[-0.10414,51.48675],[-0.11084,51.48555],[-0.11207,51.48108],[-0.10659,51.4778],[-0.09989,51.47899],[-0.09866,51.48347],[-0.10414,51.48675]]]},"properties":{"id":"88194ad15dfffff","n":18,"five_pct":64.7,"low_pct":0.0,"awaiting":1,"awaiting_pct":5.6,"coffee":1,"takeaway_pct":22.2,"pubs":1,"specialty":0,"chain_pct":0.0,"borough":"Lambeth"}},{"type":"Feature","geometry":{"type":"Polygon","coordinates":[[[-0.24132,51.47503],[-0.24803,51.47383],[-0.24924,51.46935],[-0.24375,51.46607],[-0.23704,51.46727],[-0.23583,51.47175],[-0.24132,51.47503]]]},"properties":{"id":"88194ada35fffff","n":9,"five_pct":88.9,"low_pct":0.0,"awaiting":0,"awaiting_pct":0.0,"coffee":0,"takeaway_pct":0.0,"pubs":1,"specialty":1,"chain_pct":0.0,"borough":"Richmond-Upon-Thames"}},{"type":"Feature","geometry":{"type":"Polygon","coordinates":[[[-0.23339,51.48071],[-0.2401,51.47951],[-0.24132,51.47503],[-0.23583,51.47175],[-0.22912,51.47295],[-0.2279,51.47743],[-0.23339,51.48071]]]},"properties":{"id":"88194ada3dfffff","n":13,"five_pct":63.6,"low_pct":0.0,"awaiting":2,"awaiting_pct":15.4,"coffee":0,"takeaway_pct":0.0,"pubs":1,"specialty":0,"chain_pct":0.0,"borough":"Richmond-Upon-Thames"}},{"type":"Feature","geometry":{"type":"Polygon","coordinates":[[[-0.26144,51.47142],[-0.26815,51.47022],[-0.26937,51.46574],[-0.26387,51.46246],[-0.25717,51.46366],[-0.25595,51.46814],[-0.26144,51.47142]]]},"properties":{"id":"88194ad841fffff","n":56,"five_pct":73.1,"low_pct":3.8,"awaiting":4,"awaiting_pct":7.1,"coffee":4,"takeaway_pct":8.9,"pubs":3,"specialty":1,"chain_pct":5.4,"borough":"Richmond-Upon-Thames"}},{"type":"Feature","geometry":{"type":"Polygon","coordinates":[[[-0.26937,51.46574],[-0.27608,51.46453],[-0.27729,51.46005],[-0.2718,51.45677],[-0.26509,51.45798],[-0.26387,51.46246],[-0.26937,51.46574]]]},"properties":{"id":"88194ad847fffff","n":29,"five_pct":79.2,"low_pct":0.0,"awaiting":4,"awaiting_pct":13.8,"coffee":1,"takeaway_pct":13.8,"pubs":6,"specialty":1,"chain_pct":0.0,"borough":"Richmond-Upon-Thames"}},{"type":"Feature","geometry":{"type":"Polygon","coordinates":[[[-0.08828,51.49808],[-0.09498,51.49689],[-0.09621,51.49242],[-0.09073,51.48913],[-0.08403,51.49032],[-0.0828,51.4948],[-0.08828,51.49808]]]},"properties":{"id":"88194ad331fffff","n":41,"five_pct":65.0,"low_pct":5.0,"awaiting":1,"awaiting_pct":2.4,"coffee":3,"takeaway_pct":26.8,"pubs":7,"specialty":0,"chain_pct":4.9,"borough":"Southwark"}},{"type":"Feature","geometry":{"type":"Polygon","coordinates":[[[-0.04805,51.50522],[-0.05475,51.50403],[-0.05598,51.49956],[-0.05051,51.49628],[-0.0438,51.49747],[-0.04257,51.50194],[-0.04805,51.50522]]]},"properties":{"id":"88194ad319fffff","n":44,"five_pct":61.1,"low_pct":0.0,"awaiting":8,"awaiting_pct":18.2,"coffee":3,"takeaway_pct":31.8,"pubs":4,"specialty":0,"chain_pct":0.0,"borough":"Southwark"}},{"type":"Feature","geometry":{"type":"Polygon","coordinates":[[[-0.05598,51.49956],[-0.06269,51.49837],[-0.06391,51.4939],[-0.05844,51.49061],[-0.05173,51.4918],[-0.05051,51.49628],[-0.05598,51.49956]]]},"properties":{"id":"88194ad311fffff","n":22,"five_pct":62.5,"low_pct":0.0,"awaiting":6,"awaiting_pct":27.3,"coffee":1,"takeaway_pct":31.8,"pubs":2,"specialty":0,"chain_pct":0.0,"borough":"Southwark"}},{"type":"Feature","geometry":{"type":"Polygon","coordinates":[[[-0.06391,51.4939],[-0.07062,51.49271],[-0.07185,51.48823],[-0.06637,51.48495],[-0.05967,51.48614],[-0.05844,51.49061],[-0.06391,51.4939]]]},"properties":{"id":"88194ad317fffff","n":32,"five_pct":67.7,"low_pct":0.0,"awaiting":1,"awaiting_pct":3.1,"coffee":1,"takeaway_pct":28.1,"pubs":2,"specialty":0,"chain_pct":0.0,"borough":"Southwark"}},{"type":"Feature","geometry":{"type":"Polygon","coordinates":[[[-0.30962,51.4585],[-0.31633,51.45729],[-0.31754,51.45281],[-0.31204,51.44954],[-0.30533,51.45074],[-0.30412,51.45523],[-0.30962,51.4585]]]},"properties":{"id":"88194ad82dfffff","n":24,"five_pct":77.3,"low_pct":4.5,"awaiting":2,"awaiting_pct":8.3,"coffee":2,"takeaway_pct":8.3,"pubs":2,"specialty":0,"chain_pct":0.0,"borough":"Richmond-Upon-Thames"}},{"type":"Feature","geometry":{"type":"Polygon","coordinates":[[[-0.34196,51.45694],[-0.34867,51.45573],[-0.34988,51.45125],[-0.34437,51.44798],[-0.33767,51.44919],[-0.33646,51.45367],[-0.34196,51.45694]]]},"properties":{"id":"88194ad91dfffff","n":5,"five_pct":null,"low_pct":null,"awaiting":0,"awaiting_pct":0.0,"coffee":0,"takeaway_pct":0.0,"pubs":1,"specialty":0,"chain_pct":0.0,"borough":"Richmond-Upon-Thames"}},{"type":"Feature","geometry":{"type":"Polygon","coordinates":[[[-0.184,51.4512],[-0.1907,51.45],[-0.19192,51.44553],[-0.18643,51.44225],[-0.17973,51.44345],[-0.17851,51.44792],[-0.184,51.4512]]]},"properties":{"id":"88194adac7fffff","n":27,"five_pct":84.0,"low_pct":4.0,"awaiting":2,"awaiting_pct":7.4,"coffee":0,"takeaway_pct":11.1,"pubs":3,"specialty":0,"chain_pct":3.7,"borough":"Wandsworth"}},{"type":"Feature","geometry":{"type":"Polygon","coordinates":[[[-0.17973,51.44345],[-0.18643,51.44225],[-0.18765,51.43777],[-0.18217,51.43449],[-0.17547,51.43569],[-0.17425,51.44017],[-0.17973,51.44345]]]},"properties":{"id":"88194ada89fffff","n":15,"five_pct":61.5,"low_pct":7.7,"awaiting":1,"awaiting_pct":6.7,"coffee":0,"takeaway_pct":13.3,"pubs":2,"specialty":0,"chain_pct":6.7,"borough":"Wandsworth"}},{"type":"Feature","geometry":{"type":"Polygon","coordinates":[[[-0.18034,51.46464],[-0.18704,51.46344],[-0.18826,51.45896],[-0.18278,51.45568],[-0.17607,51.45688],[-0.17486,51.46136],[-0.18034,51.46464]]]},"properties":{"id":"88194adacdfffff","n":36,"five_pct":84.4,"low_pct":0.0,"awaiting":4,"awaiting_pct":11.1,"coffee":2,"takeaway_pct":0.0,"pubs":5,"specialty":0,"chain_pct":5.6,"borough":"Wandsworth"}},{"type":"Feature","geometry":{"type":"Polygon","coordinates":[[[-0.21265,51.46312],[-0.21935,51.46192],[-0.22057,51.45744],[-0.21508,51.45416],[-0.20838,51.45536],[-0.20716,51.45984],[-0.21265,51.46312]]]},"properties":{"id":"88194adaedfffff","n":50,"five_pct":87.8,"low_pct":4.1,"awaiting":1,"awaiting_pct":2.0,"coffee":5,"takeaway_pct":10.0,"pubs":6,"specialty":0,"chain_pct":14.0,"borough":"Wandsworth"}},{"type":"Feature","geometry":{"type":"Polygon","coordinates":[[[-0.1517,51.45272],[-0.1584,51.45152],[-0.15962,51.44704],[-0.15414,51.44376],[-0.14744,51.44496],[-0.14622,51.44944],[-0.1517,51.45272]]]},"properties":{"id":"88194ad137fffff","n":87,"five_pct":80.8,"low_pct":3.8,"awaiting":9,"awaiting_pct":10.3,"coffee":4,"takeaway_pct":5.7,"pubs":6,"specialty":0,"chain_pct":6.9,"borough":"Wandsworth"}},{"type":"Feature","geometry":{"type":"Polygon","coordinates":[[[-0.07071,51.44587],[-0.07741,51.44468],[-0.07864,51.4402],[-0.07316,51.43692],[-0.06647,51.43811],[-0.06524,51.44259],[-0.07071,51.44587]]]},"properties":{"id":"88194ad035fffff","n":6,"five_pct":33.3,"low_pct":0.0,"awaiting":0,"awaiting_pct":0.0,"coffee":0,"takeaway_pct":50.0,"pubs":1,"specialty":0,"chain_pct":0.0,"borough":"Southwark"}},{"type":"Feature","geometry":{"type":"Polygon","coordinates":[[[-0.08346,51.46914],[-0.09016,51.46795],[-0.09138,51.46348],[-0.08591,51.46019],[-0.07921,51.46139],[-0.07798,51.46586],[-0.08346,51.46914]]]},"properties":{"id":"88194ad02dfffff","n":10,"five_pct":77.8,"low_pct":0.0,"awaiting":1,"awaiting_pct":10.0,"coffee":1,"takeaway_pct":40.0,"pubs":2,"specialty":0,"chain_pct":20.0,"borough":"Southwark"}},{"type":"Feature","geometry":{"type":"Polygon","coordinates":[[[-0.34558,51.44349],[-0.35229,51.44228],[-0.3535,51.4378],[-0.348,51.43453],[-0.34129,51.43574],[-0.34008,51.44022],[-0.34558,51.44349]]]},"properties":{"id":"88194ad917fffff","n":13,"five_pct":83.3,"low_pct":0.0,"awaiting":1,"awaiting_pct":7.7,"coffee":1,"takeaway_pct":7.7,"pubs":6,"specialty":0,"chain_pct":0.0,"borough":"Richmond-Upon-Thames"}},{"type":"Feature","geometry":{"type":"Polygon","coordinates":[[[-0.32909,51.43367],[-0.33579,51.43246],[-0.337,51.42798],[-0.3315,51.4247],[-0.3248,51.42591],[-0.32359,51.4304],[-0.32909,51.43367]]]},"properties":{"id":"88194ad9c5fffff","n":27,"five_pct":88.0,"low_pct":4.0,"awaiting":1,"awaiting_pct":3.7,"coffee":2,"takeaway_pct":7.4,"pubs":3,"specialty":0,"chain_pct":11.1,"borough":"Richmond-Upon-Thames"}},{"type":"Feature","geometry":{"type":"Polygon","coordinates":[[[-0.29741,51.45643],[-0.30412,51.45523],[-0.30533,51.45074],[-0.29984,51.44747],[-0.29313,51.44868],[-0.29192,51.45316],[-0.29741,51.45643]]]},"properties":{"id":"88194ad829fffff","n":12,"five_pct":72.7,"low_pct":0.0,"awaiting":1,"awaiting_pct":8.3,"coffee":0,"takeaway_pct":8.3,"pubs":3,"specialty":0,"chain_pct":0.0,"borough":"Richmond-Upon-Thames"}},{"type":"Feature","geometry":{"type":"Polygon","coordinates":[[[-0.14437,51.47958],[-0.15108,51.47838],[-0.1523,51.47391],[-0.14682,51.47063],[-0.14011,51.47182],[-0.13889,51.4763],[-0.14437,51.47958]]]},"properties":{"id":"88194ad105fffff","n":59,"five_pct":74.1,"low_pct":3.7,"awaiting":5,"awaiting_pct":8.5,"coffee":4,"takeaway_pct":15.3,"pubs":4,"specialty":0,"chain_pct":0.0,"borough":"Wandsworth"}},{"type":"Feature","geometry":{"type":"Polygon","coordinates":[[[-0.15596,51.46048],[-0.16267,51.45928],[-0.16389,51.4548],[-0.1584,51.45152],[-0.1517,51.45272],[-0.15048,51.4572],[-0.15596,51.46048]]]},"properties":{"id":"88194ad135fffff","n":5,"five_pct":80.0,"low_pct":0.0,"awaiting":0,"awaiting_pct":0.0,"coffee":0,"takeaway_pct":0.0,"pubs":1,"specialty":0,"chain_pct":0.0,"borough":"Wandsworth"}},{"type":"Feature","geometry":{"type":"Polygon","coordinates":[[[-0.02164,51.57793],[-0.02835,51.57675],[-0.02959,51.57228],[-0.02411,51.569],[-0.0174,51.57018],[-0.01616,51.57465],[-0.02164,51.57793]]]},"properties":{"id":"88194e69c5fffff","n":22,"five_pct":35.0,"low_pct":20.0,"awaiting":2,"awaiting_pct":9.1,"coffee":1,"takeaway_pct":22.7,"pubs":1,"specialty":0,"chain_pct":0.0,"borough":"Waltham Forest"}},{"type":"Feature","geometry":{"type":"Polygon","coordinates":[[[-0.02274,51.62024],[-0.02946,51.61906],[-0.03069,51.61459],[-0.02521,51.61131],[-0.01849,51.61249],[-0.01726,51.61696],[-0.02274,51.62024]]]},"properties":{"id":"88194e695dfffff","n":22,"five_pct":61.9,"low_pct":9.5,"awaiting":1,"awaiting_pct":4.5,"coffee":1,"takeaway_pct":13.6,"pubs":5,"specialty":0,"chain_pct":4.5,"borough":"Waltham Forest"}},{"type":"Feature","geometry":{"type":"Polygon","coordinates":[[[-0.00945,51.57583],[-0.01616,51.57465],[-0.0174,51.57018],[-0.01192,51.5669],[-0.00521,51.56808],[-0.00397,51.57255],[-0.00945,51.57583]]]},"properties":{"id":"88194e69c1fffff","n":50,"five_pct":34.7,"low_pct":10.2,"awaiting":1,"awaiting_pct":2.0,"coffee":1,"takeaway_pct":26.0,"pubs":7,"specialty":1,"chain_pct":6.0,"borough":"Waltham Forest"}},{"type":"Feature","geometry":{"type":"Polygon","coordinates":[[[-0.00999,51.59699],[-0.01671,51.5958],[-0.01794,51.59134],[-0.01246,51.58805],[-0.00575,51.58924],[-0.00451,51.5937],[-0.00999,51.59699]]]},"properties":{"id":"88194e6825fffff","n":16,"five_pct":42.9,"low_pct":7.1,"awaiting":2,"awaiting_pct":12.5,"coffee":3,"takeaway_pct":31.2,"pubs":0,"specialty":0,"chain_pct":0.0,"borough":"Waltham Forest"}},{"type":"Feature","geometry":{"type":"Polygon","coordinates":[[[-0.00629,51.61039],[-0.01301,51.60921],[-0.01424,51.60474],[-0.00876,51.60146],[-0.00205,51.60264],[-0.00081,51.6071],[-0.00629,51.61039]]]},"properties":{"id":"88194e695bfffff","n":9,"five_pct":12.5,"low_pct":12.5,"awaiting":0,"awaiting_pct":0.0,"coffee":1,"takeaway_pct":22.2,"pubs":1,"specialty":0,"chain_pct":0.0,"borough":"Waltham Forest"}},{"type":"Feature","geometry":{"type":"Polygon","coordinates":[[[0.00166,51.61604],[-0.00506,51.61485],[-0.00629,51.61039],[-0.00081,51.6071],[0.0059,51.60829],[0.00714,51.61275],[0.00166,51.61604]]]},"properties":{"id":"88194e6865fffff","n":26,"five_pct":68.0,"low_pct":0.0,"awaiting":1,"awaiting_pct":3.8,"coffee":6,"takeaway_pct":23.1,"pubs":2,"specialty":0,"chain_pct":7.7,"borough":"Waltham Forest"}},{"type":"Feature","geometry":{"type":"Polygon","coordinates":[[[-0.01794,51.59134],[-0.02466,51.59015],[-0.02589,51.58569],[-0.02041,51.5824],[-0.0137,51.58359],[-0.01246,51.58805],[-0.01794,51.59134]]]},"properties":{"id":"88194e691bfffff","n":105,"five_pct":48.5,"low_pct":9.9,"awaiting":4,"awaiting_pct":3.8,"coffee":7,"takeaway_pct":24.8,"pubs":6,"specialty":2,"chain_pct":4.8,"borough":"Waltham Forest"}},{"type":"Feature","geometry":{"type":"Polygon","coordinates":[[[-0.15656,51.48166],[-0.16327,51.48047],[-0.16449,51.47599],[-0.159,51.47271],[-0.1523,51.47391],[-0.15108,51.47838],[-0.15656,51.48166]]]},"properties":{"id":"88194ad129fffff","n":25,"five_pct":66.7,"low_pct":0.0,"awaiting":0,"awaiting_pct":0.0,"coffee":0,"takeaway_pct":12.0,"pubs":0,"specialty":0,"chain_pct":0.0,"borough":"Wandsworth"}},{"type":"Feature","geometry":{"type":"Polygon","coordinates":[[[-0.1291,51.5121],[-0.13581,51.51091],[-0.13703,51.50643],[-0.13155,51.50315],[-0.12484,51.50435],[-0.12362,51.50882],[-0.1291,51.5121]]]},"properties":{"id":"88195da49bfffff","n":417,"five_pct":66.2,"low_pct":8.7,"awaiting":5,"awaiting_pct":1.2,"coffee":14,"takeaway_pct":7.0,"pubs":13,"specialty":0,"chain_pct":5.8,"borough":"Westminster"}},{"type":"Feature","geometry":{"type":"Polygon","coordinates":[[[-0.18216,51.5282],[-0.18888,51.527],[-0.1901,51.52252],[-0.1846,51.51924],[-0.17789,51.52044],[-0.17667,51.52492],[-0.18216,51.5282]]]},"properties":{"id":"88195da4abfffff","n":30,"five_pct":57.1,"low_pct":10.7,"awaiting":1,"awaiting_pct":3.3,"coffee":1,"takeaway_pct":3.3,"pubs":2,"specialty":1,"chain_pct":6.7,"borough":"Westminster"}},{"type":"Feature","geometry":{"type":"Polygon","coordinates":[[[-0.04158,51.41274],[-0.04827,51.41155],[-0.0495,51.40707],[-0.04403,51.40379],[-0.03734,51.40498],[-0.03611,51.40946],[-0.04158,51.41274]]]},"properties":{"id":"88194ad0a9fffff","n":21,"five_pct":75.0,"low_pct":0.0,"awaiting":0,"awaiting_pct":0.0,"coffee":1,"takeaway_pct":38.1,"pubs":2,"specialty":0,"chain_pct":0.0,"borough":"Bromley"}},{"type":"Feature","geometry":{"type":"Polygon","coordinates":[[[0.00281,51.41213],[-0.00388,51.41094],[-0.00511,51.40646],[0.00035,51.40318],[0.00704,51.40437],[0.00827,51.40884],[0.00281,51.41213]]]},"properties":{"id":"88194ad0d5fffff","n":9,"five_pct":66.7,"low_pct":0.0,"awaiting":0,"awaiting_pct":0.0,"coffee":1,"takeaway_pct":33.3,"pubs":2,"specialty":0,"chain_pct":0.0,"borough":"Bromley"}},{"type":"Feature","geometry":{"type":"Polygon","coordinates":[[[-0.03734,51.40498],[-0.04403,51.40379],[-0.04526,51.39931],[-0.0398,51.39603],[-0.03311,51.39722],[-0.03188,51.4017],[-0.03734,51.40498]]]},"properties":{"id":"88194ad0abfffff","n":22,"five_pct":61.9,"low_pct":0.0,"awaiting":1,"awaiting_pct":4.5,"coffee":0,"takeaway_pct":22.7,"pubs":3,"specialty":0,"chain_pct":0.0,"borough":"Bromley"}},{"type":"Feature","geometry":{"type":"Polygon","coordinates":[[[0.10368,51.40874],[0.097,51.40756],[0.09576,51.40308],[0.10121,51.3998],[0.1079,51.40098],[0.10913,51.40545],[0.10368,51.40874]]]},"properties":{"id":"88194e6db7fffff","n":16,"five_pct":80.0,"low_pct":0.0,"awaiting":1,"awaiting_pct":6.2,"coffee":0,"takeaway_pct":56.2,"pubs":1,"specialty":0,"chain_pct":12.5,"borough":"Bromley"}},{"type":"Feature","geometry":{"type":"Polygon","coordinates":[[[0.05933,51.40939],[0.05264,51.40821],[0.05141,51.40373],[0.05686,51.40045],[0.06355,51.40163],[0.06479,51.40611],[0.05933,51.40939]]]},"properties":{"id":"88194ad76bfffff","n":8,"five_pct":37.5,"low_pct":0.0,"awaiting":0,"awaiting_pct":0.0,"coffee":2,"takeaway_pct":37.5,"pubs":1,"specialty":0,"chain_pct":0.0,"borough":"Bromley"}},{"type":"Feature","geometry":{"type":"Polygon","coordinates":[[[0.0794,51.41295],[0.07271,51.41177],[0.07148,51.40729],[0.07693,51.404],[0.08362,51.40519],[0.08486,51.40966],[0.0794,51.41295]]]},"properties":{"id":"88194ad741fffff","n":12,"five_pct":83.3,"low_pct":0.0,"awaiting":0,"awaiting_pct":0.0,"coffee":1,"takeaway_pct":0.0,"pubs":2,"specialty":0,"chain_pct":0.0,"borough":"Bromley"}},{"type":"Feature","geometry":{"type":"Polygon","coordinates":[[[0.06304,51.42281],[0.05635,51.42163],[0.05511,51.41715],[0.06057,51.41387],[0.06726,51.41505],[0.06849,51.41953],[0.06304,51.42281]]]},"properties":{"id":"88194ad293fffff","n":23,"five_pct":81.8,"low_pct":0.0,"awaiting":0,"awaiting_pct":0.0,"coffee":2,"takeaway_pct":8.7,"pubs":3,"specialty":0,"chain_pct":8.7,"borough":"Bromley"}},{"type":"Feature","geometry":{"type":"Polygon","coordinates":[[[0.00758,51.38318],[0.00089,51.38199],[-0.00034,51.37751],[0.00512,51.37423],[0.01181,51.37541],[0.01304,51.37989],[0.00758,51.38318]]]},"properties":{"id":"88194ad093fffff","n":29,"five_pct":71.4,"low_pct":3.6,"awaiting":0,"awaiting_pct":0.0,"coffee":2,"takeaway_pct":17.2,"pubs":6,"specialty":0,"chain_pct":3.4,"borough":"Bromley"}},{"type":"Feature","geometry":{"type":"Polygon","coordinates":[[[0.10889,51.35862],[0.10221,51.35743],[0.10097,51.35296],[0.10642,51.34967],[0.1131,51.35085],[0.11434,51.35533],[0.10889,51.35862]]]},"properties":{"id":"88194ad441fffff","n":6,"five_pct":40.0,"low_pct":0.0,"awaiting":1,"awaiting_pct":16.7,"coffee":1,"takeaway_pct":16.7,"pubs":1,"specialty":0,"chain_pct":0.0,"borough":"Bromley"}},{"type":"Feature","geometry":{"type":"Polygon","coordinates":[[[0.11632,51.38546],[0.10963,51.38427],[0.1084,51.3798],[0.11384,51.37651],[0.12053,51.37769],[0.12176,51.38217],[0.11632,51.38546]]]},"properties":{"id":"88194ad62dfffff","n":8,"five_pct":100.0,"low_pct":0.0,"awaiting":1,"awaiting_pct":12.5,"coffee":0,"takeaway_pct":0.0,"pubs":2,"specialty":0,"chain_pct":0.0,"borough":"Bromley"}},{"type":"Feature","geometry":{"type":"Polygon","coordinates":[[[-0.09276,51.36527],[-0.09945,51.36407],[-0.10067,51.35959],[-0.09521,51.35631],[-0.08852,51.35751],[-0.08729,51.36199],[-0.09276,51.36527]]]},"properties":{"id":"88194ac22bfffff","n":27,"five_pct":52.0,"low_pct":4.0,"awaiting":2,"awaiting_pct":7.4,"coffee":1,"takeaway_pct":29.6,"pubs":3,"specialty":0,"chain_pct":0.0,"borough":"Croydon"}},{"type":"Feature","geometry":{"type":"Polygon","coordinates":[[[-0.1055,51.38856],[-0.11219,51.38736],[-0.11341,51.38288],[-0.10794,51.3796],[-0.10125,51.38079],[-0.10003,51.38528],[-0.1055,51.38856]]]},"properties":{"id":"88194ac265fffff","n":35,"five_pct":34.4,"low_pct":12.5,"awaiting":3,"awaiting_pct":8.6,"coffee":0,"takeaway_pct":45.7,"pubs":0,"specialty":0,"chain_pct":2.9,"borough":"Croydon"}},{"type":"Feature","geometry":{"type":"Polygon","coordinates":[[[-0.07666,51.51716],[-0.08337,51.51597],[-0.0846,51.5115],[-0.07912,51.50822],[-0.07241,51.50941],[-0.07118,51.51388],[-0.07666,51.51716]]]},"properties":{"id":"88194ad301fffff","n":376,"five_pct":86.2,"low_pct":1.9,"awaiting":9,"awaiting_pct":2.4,"coffee":30,"takeaway_pct":16.5,"pubs":59,"specialty":4,"chain_pct":7.4,"borough":"City of London Corporation"}},{"type":"Feature","geometry":{"type":"Polygon","coordinates":[[[-0.31058,51.62026],[-0.31731,51.61906],[-0.31852,51.61458],[-0.31301,51.61131],[-0.30628,51.61251],[-0.30507,51.61698],[-0.31058,51.62026]]]},"properties":{"id":"88195da565fffff","n":27,"five_pct":76.0,"low_pct":0.0,"awaiting":2,"awaiting_pct":7.4,"coffee":3,"takeaway_pct":22.2,"pubs":3,"specialty":0,"chain_pct":18.5,"borough":"Harrow"}},{"type":"Feature","geometry":{"type":"Polygon","coordinates":[[[0.00967,51.46015],[0.00297,51.45896],[0.00174,51.45449],[0.0072,51.4512],[0.0139,51.45239],[0.01513,51.45686],[0.00967,51.46015]]]},"properties":{"id":"88194ad2e7fffff","n":28,"five_pct":72.0,"low_pct":0.0,"awaiting":3,"awaiting_pct":10.7,"coffee":1,"takeaway_pct":35.7,"pubs":3,"specialty":0,"chain_pct":0.0,"borough":"Lewisham"}},{"type":"Feature","geometry":{"type":"Polygon","coordinates":[[[-0.00358,51.50459],[-0.01028,51.50341],[-0.01151,51.49894],[-0.00604,51.49565],[0.00066,51.49684],[0.00189,51.50131],[-0.00358,51.50459]]]},"properties":{"id":"88194ad205fffff","n":8,"five_pct":42.9,"low_pct":0.0,"awaiting":1,"awaiting_pct":12.5,"coffee":0,"takeaway_pct":0.0,"pubs":1,"specialty":0,"chain_pct":0.0,"borough":"Tower Hamlets"}},{"type":"Feature","geometry":{"type":"Polygon","coordinates":[[[-0.11225,51.34047],[-0.11894,51.33927],[-0.12016,51.33479],[-0.11469,51.33151],[-0.10801,51.33271],[-0.10679,51.33719],[-0.11225,51.34047]]]},"properties":{"id":"88194ac043fffff","n":49,"five_pct":71.1,"low_pct":2.2,"awaiting":2,"awaiting_pct":4.1,"coffee":2,"takeaway_pct":36.7,"pubs":4,"specialty":0,"chain_pct":8.2,"borough":"Croydon"}},{"type":"Feature","geometry":{"type":"Polygon","coordinates":[[[-0.05942,51.32437],[-0.0661,51.32317],[-0.06732,51.31869],[-0.06186,51.3154],[-0.05518,51.3166],[-0.05396,51.32108],[-0.05942,51.32437]]]},"properties":{"id":"88194ac2e3fffff","n":8,"five_pct":50.0,"low_pct":12.5,"awaiting":0,"awaiting_pct":0.0,"coffee":0,"takeaway_pct":37.5,"pubs":0,"specialty":0,"chain_pct":0.0,"borough":"Croydon"}},{"type":"Feature","geometry":{"type":"Polygon","coordinates":[[[-0.08004,51.34198],[-0.08672,51.34078],[-0.08795,51.3363],[-0.08248,51.33302],[-0.0758,51.33422],[-0.07457,51.3387],[-0.08004,51.34198]]]},"properties":{"id":"88194ac233fffff","n":5,"five_pct":null,"low_pct":null,"awaiting":1,"awaiting_pct":20.0,"coffee":1,"takeaway_pct":20.0,"pubs":0,"specialty":0,"chain_pct":20.0,"borough":"Croydon"}},{"type":"Feature","geometry":{"type":"Polygon","coordinates":[[[-0.0611,51.38797],[-0.06779,51.38678],[-0.06902,51.3823],[-0.06355,51.37901],[-0.05686,51.38021],[-0.05563,51.38469],[-0.0611,51.38797]]]},"properties":{"id":"88194ac241fffff","n":12,"five_pct":66.7,"low_pct":0.0,"awaiting":0,"awaiting_pct":0.0,"coffee":0,"takeaway_pct":58.3,"pubs":0,"specialty":0,"chain_pct":0.0,"borough":"Croydon"}},{"type":"Feature","geometry":{"type":"Polygon","coordinates":[[[-0.10241,51.42319],[-0.1091,51.42199],[-0.11033,51.41751],[-0.10485,51.41423],[-0.09816,51.41543],[-0.09693,51.41991],[-0.10241,51.42319]]]},"properties":{"id":"88194ad181fffff","n":11,"five_pct":81.8,"low_pct":0.0,"awaiting":0,"awaiting_pct":0.0,"coffee":0,"takeaway_pct":63.6,"pubs":1,"specialty":0,"chain_pct":0.0,"borough":"Croydon"}},{"type":"Feature","geometry":{"type":"Polygon","coordinates":[[[-0.14813,51.3255],[-0.15482,51.3243],[-0.15604,51.31981],[-0.15057,51.31653],[-0.14388,51.31774],[-0.14266,51.32222],[-0.14813,51.3255]]]},"properties":{"id":"88194ac02bfffff","n":7,"five_pct":71.4,"low_pct":0.0,"awaiting":0,"awaiting_pct":0.0,"coffee":0,"takeaway_pct":28.6,"pubs":1,"specialty":0,"chain_pct":0.0,"borough":"Croydon"}},{"type":"Feature","geometry":{"type":"Polygon","coordinates":[[[-0.12484,51.50435],[-0.13155,51.50315],[-0.13277,51.49868],[-0.12729,51.4954],[-0.12058,51.49659],[-0.11936,51.50107],[-0.12484,51.50435]]]},"properties":{"id":"88194ad14dfffff","n":46,"five_pct":93.5,"low_pct":2.2,"awaiting":0,"awaiting_pct":0.0,"coffee":2,"takeaway_pct":2.2,"pubs":1,"specialty":0,"chain_pct":13.0,"borough":"Westminster"}},{"type":"Feature","geometry":{"type":"Polygon","coordinates":[[[-0.31422,51.60683],[-0.32095,51.60563],[-0.32216,51.60115],[-0.31665,51.59788],[-0.30992,51.59908],[-0.30871,51.60356],[-0.31422,51.60683]]]},"properties":{"id":"88195da52dfffff","n":12,"five_pct":63.6,"low_pct":0.0,"awaiting":1,"awaiting_pct":8.3,"coffee":1,"takeaway_pct":25.0,"pubs":1,"specialty":0,"chain_pct":25.0,"borough":"Harrow"}},{"type":"Feature","geometry":{"type":"Polygon","coordinates":[[[-0.35391,51.57843],[-0.36064,51.57723],[-0.36185,51.57275],[-0.35633,51.56947],[-0.34961,51.57068],[-0.3484,51.57516],[-0.35391,51.57843]]]},"properties":{"id":"88195daee1fffff","n":6,"five_pct":40.0,"low_pct":20.0,"awaiting":1,"awaiting_pct":16.7,"coffee":0,"takeaway_pct":16.7,"pubs":0,"specialty":0,"chain_pct":0.0,"borough":"Harrow"}},{"type":"Feature","geometry":{"type":"Polygon","coordinates":[[[-0.35822,51.58618],[-0.36494,51.58498],[-0.36615,51.5805],[-0.36064,51.57723],[-0.35391,51.57843],[-0.3527,51.58291],[-0.35822,51.58618]]]},"properties":{"id":"88195daeedfffff","n":13,"five_pct":66.7,"low_pct":0.0,"awaiting":1,"awaiting_pct":7.7,"coffee":0,"takeaway_pct":30.8,"pubs":0,"specialty":0,"chain_pct":0.0,"borough":"Harrow"}},{"type":"Feature","geometry":{"type":"Polygon","coordinates":[[[-0.2861,51.61611],[-0.29283,51.61491],[-0.29404,51.61043],[-0.28853,51.60716],[-0.28181,51.60836],[-0.28059,51.61283],[-0.2861,51.61611]]]},"properties":{"id":"88195da56bfffff","n":10,"five_pct":80.0,"low_pct":10.0,"awaiting":0,"awaiting_pct":0.0,"coffee":0,"takeaway_pct":10.0,"pubs":0,"specialty":0,"chain_pct":0.0,"borough":"Harrow"}},{"type":"Feature","geometry":{"type":"Polygon","coordinates":[[[-0.36185,51.57275],[-0.36857,51.57154],[-0.36978,51.56706],[-0.36426,51.56379],[-0.35754,51.565],[-0.35633,51.56947],[-0.36185,51.57275]]]},"properties":{"id":"88195daee7fffff","n":7,"five_pct":50.0,"low_pct":16.7,"awaiting":0,"awaiting_pct":0.0,"coffee":0,"takeaway_pct":0.0,"pubs":1,"specialty":0,"chain_pct":0.0,"borough":"Harrow"}},{"type":"Feature","geometry":{"type":"Polygon","coordinates":[[[-0.31786,51.5934],[-0.32459,51.5922],[-0.3258,51.58772],[-0.32029,51.58445],[-0.31356,51.58565],[-0.31235,51.59013],[-0.31786,51.5934]]]},"properties":{"id":"88195da527fffff","n":6,"five_pct":50.0,"low_pct":16.7,"awaiting":0,"awaiting_pct":0.0,"coffee":0,"takeaway_pct":0.0,"pubs":0,"specialty":0,"chain_pct":0.0,"borough":"Harrow"}},{"type":"Feature","geometry":{"type":"Polygon","coordinates":[[[-0.0025,51.46225],[-0.0092,51.46106],[-0.01043,51.45659],[-0.00496,51.4533],[0.00174,51.45449],[0.00297,51.45896],[-0.0025,51.46225]]]},"properties":{"id":"88194ad05bfffff","n":19,"five_pct":53.3,"low_pct":13.3,"awaiting":4,"awaiting_pct":21.1,"coffee":0,"takeaway_pct":36.8,"pubs":0,"specialty":0,"chain_pct":5.3,"borough":"Lewisham"}},{"type":"Feature","geometry":{"type":"Polygon","coordinates":[[[-0.01835,51.45092],[-0.02505,51.44973],[-0.02628,51.44526],[-0.02082,51.44197],[-0.01412,51.44317],[-0.01289,51.44764],[-0.01835,51.45092]]]},"properties":{"id":"88194ad019fffff","n":79,"five_pct":62.3,"low_pct":7.2,"awaiting":8,"awaiting_pct":10.1,"coffee":1,"takeaway_pct":32.9,"pubs":5,"specialty":0,"chain_pct":6.3,"borough":"Lewisham"}},{"type":"Feature","geometry":{"type":"Polygon","coordinates":[[[-0.03956,51.48971],[-0.04626,51.48852],[-0.04749,51.48405],[-0.04202,51.48076],[-0.03531,51.48195],[-0.03408,51.48643],[-0.03956,51.48971]]]},"properties":{"id":"88194ad04dfffff","n":29,"five_pct":76.0,"low_pct":4.0,"awaiting":3,"awaiting_pct":10.3,"coffee":0,"takeaway_pct":20.7,"pubs":0,"specialty":0,"chain_pct":3.4,"borough":"Lewisham"}},{"type":"Feature","geometry":{"type":"Polygon","coordinates":[[[-0.05854,51.44378],[-0.06524,51.44259],[-0.06647,51.43811],[-0.061,51.43483],[-0.0543,51.43602],[-0.05307,51.4405],[-0.05854,51.44378]]]},"properties":{"id":"88194ad031fffff","n":37,"five_pct":54.3,"low_pct":0.0,"awaiting":2,"awaiting_pct":5.4,"coffee":2,"takeaway_pct":32.4,"pubs":5,"specialty":0,"chain_pct":5.4,"borough":"Lewisham"}},{"type":"Feature","geometry":{"type":"Polygon","coordinates":[[[0.00543,51.46791],[-0.00127,51.46672],[-0.0025,51.46225],[0.00297,51.45896],[0.00967,51.46015],[0.0109,51.46462],[0.00543,51.46791]]]},"properties":{"id":"88194ad2e5fffff","n":17,"five_pct":80.0,"low_pct":0.0,"awaiting":2,"awaiting_pct":11.8,"coffee":2,"takeaway_pct":11.8,"pubs":3,"specialty":0,"chain_pct":5.9,"borough":"Lewisham"}},{"type":"Feature","geometry":{"type":"Polygon","coordinates":[[[-0.02259,51.45868],[-0.02929,51.45749],[-0.03052,51.45302],[-0.02505,51.44973],[-0.01835,51.45092],[-0.01713,51.4554],[-0.02259,51.45868]]]},"properties":{"id":"88194ad057fffff","n":13,"five_pct":66.7,"low_pct":0.0,"awaiting":1,"awaiting_pct":7.7,"coffee":0,"takeaway_pct":38.5,"pubs":1,"specialty":0,"chain_pct":0.0,"borough":"Lewisham"}},{"type":"Feature","geometry":{"type":"Polygon","coordinates":[[[0.01336,51.47357],[0.00666,51.47238],[0.00543,51.46791],[0.0109,51.46462],[0.0176,51.46581],[0.01883,51.47028],[0.01336,51.47357]]]},"properties":{"id":"88194ad2edfffff","n":25,"five_pct":83.3,"low_pct":0.0,"awaiting":1,"awaiting_pct":4.0,"coffee":1,"takeaway_pct":0.0,"pubs":3,"specialty":1,"chain_pct":12.0,"borough":"Lewisham"}},{"type":"Feature","geometry":{"type":"Polygon","coordinates":[[[-0.04269,51.45511],[-0.04939,51.45392],[-0.05062,51.44945],[-0.04515,51.44616],[-0.03845,51.44735],[-0.03722,51.45183],[-0.04269,51.45511]]]},"properties":{"id":"88194ad003fffff","n":21,"five_pct":63.2,"low_pct":0.0,"awaiting":2,"awaiting_pct":9.5,"coffee":0,"takeaway_pct":38.1,"pubs":1,"specialty":0,"chain_pct":4.8,"borough":"Lewisham"}},{"type":"Feature","geometry":{"type":"Polygon","coordinates":[[[-0.00196,51.44107],[-0.00865,51.43988],[-0.00988,51.43541],[-0.00442,51.43212],[0.00228,51.43331],[0.00351,51.43778],[-0.00196,51.44107]]]},"properties":{"id":"88194ad2a7fffff","n":5,"five_pct":null,"low_pct":null,"awaiting":0,"awaiting_pct":0.0,"coffee":0,"takeaway_pct":0.0,"pubs":0,"specialty":0,"chain_pct":0.0,"borough":"Lewisham"}},{"type":"Feature","geometry":{"type":"Polygon","coordinates":[[[-0.06647,51.43811],[-0.07316,51.43692],[-0.07439,51.43244],[-0.06892,51.42916],[-0.06222,51.43035],[-0.061,51.43483],[-0.06647,51.43811]]]},"properties":{"id":"88194ad037fffff","n":8,"five_pct":60.0,"low_pct":0.0,"awaiting":3,"awaiting_pct":37.5,"coffee":0,"takeaway_pct":12.5,"pubs":2,"specialty":0,"chain_pct":0.0,"borough":"Lewisham"}},{"type":"Feature","geometry":{"type":"Polygon","coordinates":[[[-0.04637,51.44169],[-0.05307,51.4405],[-0.0543,51.43602],[-0.04883,51.43274],[-0.04213,51.43393],[-0.0409,51.4384],[-0.04637,51.44169]]]},"properties":{"id":"88194ad03bfffff","n":16,"five_pct":46.2,"low_pct":7.7,"awaiting":2,"awaiting_pct":12.5,"coffee":0,"takeaway_pct":43.8,"pubs":1,"specialty":0,"chain_pct":0.0,"borough":"Lewisham"}},{"type":"Feature","geometry":{"type":"Polygon","coordinates":[[[-0.02793,51.50879],[-0.03464,51.5076],[-0.03587,51.50313],[-0.03039,51.49984],[-0.02369,51.50103],[-0.02246,51.5055],[-0.02793,51.50879]]]},"properties":{"id":"88194ad22dfffff","n":37,"five_pct":81.8,"low_pct":0.0,"awaiting":4,"awaiting_pct":10.8,"coffee":1,"takeaway_pct":5.4,"pubs":2,"specialty":0,"chain_pct":5.4,"borough":"Tower Hamlets"}},{"type":"Feature","geometry":{"type":"Polygon","coordinates":[[[-0.16143,51.5106],[-0.16814,51.50941],[-0.16936,51.50493],[-0.16387,51.50165],[-0.15716,51.50285],[-0.15594,51.50732],[-0.16143,51.5106]]]},"properties":{"id":"88195da4bbfffff","n":12,"five_pct":75.0,"low_pct":0.0,"awaiting":0,"awaiting_pct":0.0,"coffee":0,"takeaway_pct":16.7,"pubs":0,"specialty":0,"chain_pct":0.0,"borough":"Westminster"}},{"type":"Feature","geometry":{"type":"Polygon","coordinates":[[[-0.17727,51.63971],[-0.18399,51.63852],[-0.18521,51.63405],[-0.17971,51.63077],[-0.17299,51.63196],[-0.17176,51.63643],[-0.17727,51.63971]]]},"properties":{"id":"88195da75bfffff","n":20,"five_pct":30.0,"low_pct":5.0,"awaiting":0,"awaiting_pct":0.0,"coffee":1,"takeaway_pct":5.0,"pubs":1,"specialty":0,"chain_pct":5.0,"borough":"Barnet"}},{"type":"Feature","geometry":{"type":"Polygon","coordinates":[[[-0.16383,51.5953],[-0.17055,51.5941],[-0.17178,51.58963],[-0.16628,51.58635],[-0.15956,51.58755],[-0.15834,51.59202],[-0.16383,51.5953]]]},"properties":{"id":"88195da45dfffff","n":38,"five_pct":64.9,"low_pct":5.4,"awaiting":1,"awaiting_pct":2.6,"coffee":3,"takeaway_pct":21.1,"pubs":5,"specialty":0,"chain_pct":13.2,"borough":"Barnet"}},{"type":"Feature","geometry":{"type":"Polygon","coordinates":[[[-0.24511,51.60213],[-0.25183,51.60093],[-0.25305,51.59645],[-0.24755,51.59318],[-0.24082,51.59438],[-0.23961,51.59885],[-0.24511,51.60213]]]},"properties":{"id":"88195da551fffff","n":10,"five_pct":40.0,"low_pct":10.0,"awaiting":0,"awaiting_pct":0.0,"coffee":1,"takeaway_pct":0.0,"pubs":1,"specialty":0,"chain_pct":0.0,"borough":"Barnet"}},{"type":"Feature","geometry":{"type":"Polygon","coordinates":[[[-0.2286,51.5923],[-0.23532,51.5911],[-0.23654,51.58663],[-0.23103,51.58335],[-0.22431,51.58455],[-0.22309,51.58902],[-0.2286,51.5923]]]},"properties":{"id":"88195da42dfffff","n":27,"five_pct":62.5,"low_pct":4.2,"awaiting":2,"awaiting_pct":7.4,"coffee":1,"takeaway_pct":11.1,"pubs":3,"specialty":0,"chain_pct":11.1,"borough":"Barnet"}},{"type":"Feature","geometry":{"type":"Polygon","coordinates":[[[-0.21209,51.58246],[-0.21881,51.58127],[-0.22003,51.57679],[-0.21453,51.57352],[-0.20781,51.57471],[-0.20659,51.57919],[-0.21209,51.58246]]]},"properties":{"id":"88195da42bfffff","n":8,"five_pct":57.1,"low_pct":14.3,"awaiting":1,"awaiting_pct":12.5,"coffee":0,"takeaway_pct":62.5,"pubs":0,"specialty":0,"chain_pct":12.5,"borough":"Barnet"}},{"type":"Feature","geometry":{"type":"Polygon","coordinates":[[[-0.19621,51.5938],[-0.20293,51.59261],[-0.20415,51.58813],[-0.19865,51.58486],[-0.19193,51.58605],[-0.19071,51.59052],[-0.19621,51.5938]]]},"properties":{"id":"88195da40dfffff","n":6,"five_pct":60.0,"low_pct":0.0,"awaiting":1,"awaiting_pct":16.7,"coffee":0,"takeaway_pct":0.0,"pubs":0,"specialty":0,"chain_pct":0.0,"borough":"Barnet"}},{"type":"Feature","geometry":{"type":"Polygon","coordinates":[[[-0.18399,51.59172],[-0.19071,51.59052],[-0.19193,51.58605],[-0.18644,51.58277],[-0.17972,51.58397],[-0.17849,51.58844],[-0.18399,51.59172]]]},"properties":{"id":"88195da409fffff","n":7,"five_pct":66.7,"low_pct":0.0,"awaiting":1,"awaiting_pct":14.3,"coffee":1,"takeaway_pct":0.0,"pubs":0,"specialty":0,"chain_pct":0.0,"borough":"Barnet"}},{"type":"Feature","geometry":{"type":"Polygon","coordinates":[[[-0.15341,51.65669],[-0.16014,51.6555],[-0.16136,51.65103],[-0.15586,51.64775],[-0.14914,51.64894],[-0.14791,51.65341],[-0.15341,51.65669]]]},"properties":{"id":"88195db597fffff","n":16,"five_pct":86.7,"low_pct":0.0,"awaiting":1,"awaiting_pct":6.2,"coffee":1,"takeaway_pct":12.5,"pubs":4,"specialty":0,"chain_pct":0.0,"borough":"Enfield"}},{"type":"Feature","geometry":{"type":"Polygon","coordinates":[[[-0.15281,51.63553],[-0.15954,51.63434],[-0.16076,51.62987],[-0.15526,51.62659],[-0.14854,51.62778],[-0.14732,51.63225],[-0.15281,51.63553]]]},"properties":{"id":"88195da663fffff","n":5,"five_pct":60.0,"low_pct":20.0,"awaiting":0,"awaiting_pct":0.0,"coffee":0,"takeaway_pct":20.0,"pubs":2,"specialty":0,"chain_pct":0.0,"borough":"Barnet"}},{"type":"Feature","geometry":{"type":"Polygon","coordinates":[[[-0.23654,51.58663],[-0.24326,51.58543],[-0.24448,51.58095],[-0.23897,51.57768],[-0.23225,51.57887],[-0.23103,51.58335],[-0.23654,51.58663]]]},"properties":{"id":"88195da425fffff","n":5,"five_pct":null,"low_pct":null,"awaiting":1,"awaiting_pct":20.0,"coffee":1,"takeaway_pct":40.0,"pubs":0,"specialty":0,"chain_pct":0.0,"borough":"Barnet"}},{"type":"Feature","geometry":{"type":"Polygon","coordinates":[[[-0.24448,51.58095],[-0.2512,51.57975],[-0.25242,51.57528],[-0.24691,51.572],[-0.24019,51.5732],[-0.23897,51.57768],[-0.24448,51.58095]]]},"properties":{"id":"88195da51bfffff","n":9,"five_pct":0.0,"low_pct":0.0,"awaiting":2,"awaiting_pct":22.2,"coffee":0,"takeaway_pct":22.2,"pubs":1,"specialty":0,"chain_pct":0.0,"borough":"Barnet"}},{"type":"Feature","geometry":{"type":"Polygon","coordinates":[[[-0.19132,51.56488],[-0.19804,51.56368],[-0.19926,51.55921],[-0.19376,51.55593],[-0.18705,51.55713],[-0.18582,51.5616],[-0.19132,51.56488]]]},"properties":{"id":"88195da43bfffff","n":11,"five_pct":63.6,"low_pct":0.0,"awaiting":0,"awaiting_pct":0.0,"coffee":1,"takeaway_pct":36.4,"pubs":0,"specialty":0,"chain_pct":9.1,"borough":"Barnet"}},{"type":"Feature","geometry":{"type":"Polygon","coordinates":[[[-0.00304,51.48342],[-0.00974,51.48224],[-0.01097,51.47776],[-0.0055,51.47448],[0.0012,51.47566],[0.00243,51.48014],[-0.00304,51.48342]]]},"properties":{"id":"88194ad231fffff","n":80,"five_pct":78.2,"low_pct":0.0,"awaiting":2,"awaiting_pct":2.5,"coffee":2,"takeaway_pct":25.0,"pubs":7,"specialty":2,"chain_pct":1.2,"borough":"Greenwich"}},{"type":"Feature","geometry":{"type":"Polygon","coordinates":[[[-0.04916,51.54756],[-0.05587,51.54637],[-0.0571,51.5419],[-0.05162,51.53862],[-0.04491,51.53981],[-0.04368,51.54428],[-0.04916,51.54756]]]},"properties":{"id":"88194e69a3fffff","n":62,"five_pct":72.4,"low_pct":10.3,"awaiting":4,"awaiting_pct":6.5,"coffee":2,"takeaway_pct":22.6,"pubs":9,"specialty":0,"chain_pct":1.6,"borough":"Hackney"}},{"type":"Feature","geometry":{"type":"Polygon","coordinates":[[[-0.07298,51.53058],[-0.07969,51.52939],[-0.08092,51.52492],[-0.07544,51.52164],[-0.06873,51.52283],[-0.0675,51.5273],[-0.07298,51.53058]]]},"properties":{"id":"88194ad347fffff","n":199,"five_pct":72.7,"low_pct":7.1,"awaiting":14,"awaiting_pct":7.0,"coffee":8,"takeaway_pct":12.6,"pubs":22,"specialty":3,"chain_pct":1.5,"borough":"Hackney"}},{"type":"Feature","geometry":{"type":"Polygon","coordinates":[[[-0.02903,51.55112],[-0.03574,51.54993],[-0.03698,51.54546],[-0.0315,51.54218],[-0.02479,51.54337],[-0.02356,51.54784],[-0.02903,51.55112]]]},"properties":{"id":"88194e6987fffff","n":22,"five_pct":61.9,"low_pct":9.5,"awaiting":1,"awaiting_pct":4.5,"coffee":0,"takeaway_pct":27.3,"pubs":2,"specialty":0,"chain_pct":0.0,"borough":"Hackney"}},{"type":"Feature","geometry":{"type":"Polygon","coordinates":[[[0.08952,51.49553],[0.08282,51.49435],[0.08159,51.48988],[0.08705,51.48659],[0.09374,51.48777],[0.09498,51.49224],[0.08952,51.49553]]]},"properties":{"id":"88194e6d0dfffff","n":53,"five_pct":52.2,"low_pct":2.2,"awaiting":7,"awaiting_pct":13.2,"coffee":4,"takeaway_pct":28.3,"pubs":2,"specialty":0,"chain_pct":1.9,"borough":"Greenwich"}},{"type":"Feature","geometry":{"type":"Polygon","coordinates":[[[0.10168,51.49342],[0.09498,51.49224],[0.09374,51.48777],[0.0992,51.48448],[0.1059,51.48566],[0.10714,51.49013],[0.10168,51.49342]]]},"properties":{"id":"88194e6d09fffff","n":16,"five_pct":61.5,"low_pct":0.0,"awaiting":3,"awaiting_pct":18.8,"coffee":0,"takeaway_pct":31.2,"pubs":0,"specialty":0,"chain_pct":0.0,"borough":"Greenwich"}},{"type":"Feature","geometry":{"type":"Polygon","coordinates":[[[-0.04547,51.56097],[-0.05218,51.55978],[-0.05341,51.55531],[-0.04793,51.55203],[-0.04122,51.55322],[-0.03999,51.55769],[-0.04547,51.56097]]]},"properties":{"id":"88194e69a9fffff","n":19,"five_pct":77.8,"low_pct":0.0,"awaiting":1,"awaiting_pct":5.3,"coffee":2,"takeaway_pct":15.8,"pubs":2,"specialty":0,"chain_pct":0.0,"borough":"Hackney"}},{"type":"Feature","geometry":{"type":"Polygon","coordinates":[[[-0.06617,51.57857],[-0.07289,51.57738],[-0.07412,51.57291],[-0.06863,51.56963],[-0.06192,51.57082],[-0.06069,51.57529],[-0.06617,51.57857]]]},"properties":{"id":"88195da6d9fffff","n":10,"five_pct":40.0,"low_pct":30.0,"awaiting":0,"awaiting_pct":0.0,"coffee":0,"takeaway_pct":50.0,"pubs":0,"specialty":0,"chain_pct":10.0,"borough":"Hackney"}},{"type":"Feature","geometry":{"type":"Polygon","coordinates":[[[-0.08632,51.57501],[-0.09303,51.57382],[-0.09426,51.56935],[-0.08877,51.56607],[-0.08206,51.56726],[-0.08083,51.57173],[-0.08632,51.57501]]]},"properties":{"id":"88195da6d5fffff","n":8,"five_pct":71.4,"low_pct":14.3,"awaiting":1,"awaiting_pct":12.5,"coffee":0,"takeaway_pct":25.0,"pubs":0,"specialty":0,"chain_pct":0.0,"borough":"Hackney"}},{"type":"Feature","geometry":{"type":"Polygon","coordinates":[[[-0.06504,51.53624],[-0.07175,51.53505],[-0.07298,51.53058],[-0.0675,51.5273],[-0.06079,51.52849],[-0.05956,51.53296],[-0.06504,51.53624]]]},"properties":{"id":"88194ad341fffff","n":58,"five_pct":64.7,"low_pct":5.9,"awaiting":7,"awaiting_pct":12.1,"coffee":3,"takeaway_pct":10.3,"pubs":5,"specialty":1,"chain_pct":0.0,"borough":"Tower Hamlets"}},{"type":"Feature","geometry":{"type":"Polygon","coordinates":[[[-0.11941,51.45422],[-0.12612,51.45303],[-0.12734,51.44855],[-0.12186,51.44527],[-0.11516,51.44647],[-0.11394,51.45094],[-0.11941,51.45422]]]},"properties":{"id":"88194ad117fffff","n":18,"five_pct":44.4,"low_pct":22.2,"awaiting":0,"awaiting_pct":0.0,"coffee":0,"takeaway_pct":11.1,"pubs":2,"specialty":0,"chain_pct":0.0,"borough":"Lambeth"}},{"type":"Feature","geometry":{"type":"Polygon","coordinates":[[[-0.12734,51.44855],[-0.13404,51.44735],[-0.13526,51.44288],[-0.12978,51.4396],[-0.12308,51.44079],[-0.12186,51.44527],[-0.12734,51.44855]]]},"properties":{"id":"88194ad1edfffff","n":22,"five_pct":50.0,"low_pct":13.6,"awaiting":0,"awaiting_pct":0.0,"coffee":0,"takeaway_pct":27.3,"pubs":3,"specialty":0,"chain_pct":4.5,"borough":"Lambeth"}},{"type":"Feature","geometry":{"type":"Polygon","coordinates":[[[-0.13585,51.46407],[-0.14256,51.46287],[-0.14378,51.45839],[-0.1383,51.45511],[-0.13159,51.45631],[-0.13037,51.46079],[-0.13585,51.46407]]]},"properties":{"id":"88194ad139fffff","n":71,"five_pct":72.7,"low_pct":7.6,"awaiting":5,"awaiting_pct":7.0,"coffee":6,"takeaway_pct":19.7,"pubs":12,"specialty":0,"chain_pct":11.3,"borough":"Lambeth"}},{"type":"Feature","geometry":{"type":"Polygon","coordinates":[[[-0.13101,51.43512],[-0.13771,51.43392],[-0.13893,51.42944],[-0.13345,51.42616],[-0.12675,51.42736],[-0.12553,51.43184],[-0.13101,51.43512]]]},"properties":{"id":"88194ad1e7fffff","n":66,"five_pct":41.7,"low_pct":13.3,"awaiting":6,"awaiting_pct":9.1,"coffee":7,"takeaway_pct":30.3,"pubs":4,"specialty":0,"chain_pct":4.5,"borough":"Lambeth"}},{"type":"Feature","geometry":{"type":"Polygon","coordinates":[[[0.08006,51.55335],[0.07335,51.55217],[0.07211,51.54771],[0.07758,51.54442],[0.08428,51.5456],[0.08552,51.55006],[0.08006,51.55335]]]},"properties":{"id":"88194e68c3fffff","n":39,"five_pct":55.6,"low_pct":11.1,"awaiting":3,"awaiting_pct":7.7,"coffee":0,"takeaway_pct":41.0,"pubs":0,"specialty":0,"chain_pct":0.0,"borough":"Redbridge"}},{"type":"Feature","geometry":{"type":"Polygon","coordinates":[[[0.07903,51.59565],[0.07232,51.59447],[0.07108,51.59],[0.07655,51.58672],[0.08327,51.5879],[0.0845,51.59236],[0.07903,51.59565]]]},"properties":{"id":"88194e685bfffff","n":43,"five_pct":75.0,"low_pct":2.5,"awaiting":3,"awaiting_pct":7.0,"coffee":3,"takeaway_pct":30.2,"pubs":2,"specialty":0,"chain_pct":11.6,"borough":"Redbridge"}},{"type":"Feature","geometry":{"type":"Polygon","coordinates":[[[0.07583,51.5611],[0.06912,51.55992],[0.06788,51.55546],[0.07335,51.55217],[0.08006,51.55335],[0.0813,51.55782],[0.07583,51.5611]]]},"properties":{"id":"88194e68c1fffff","n":118,"five_pct":60.6,"low_pct":12.1,"awaiting":19,"awaiting_pct":16.1,"coffee":3,"takeaway_pct":43.2,"pubs":1,"specialty":0,"chain_pct":6.8,"borough":"Redbridge"}},{"type":"Feature","geometry":{"type":"Polygon","coordinates":[[[-0.04067,51.53205],[-0.04738,51.53086],[-0.04861,51.52639],[-0.04313,51.52311],[-0.03642,51.5243],[-0.03519,51.52877],[-0.04067,51.53205]]]},"properties":{"id":"88194e69b7fffff","n":20,"five_pct":94.4,"low_pct":0.0,"awaiting":2,"awaiting_pct":10.0,"coffee":0,"takeaway_pct":15.0,"pubs":3,"specialty":0,"chain_pct":0.0,"borough":"Tower Hamlets"}},{"type":"Feature","geometry":{"type":"Polygon","coordinates":[[[-0.05285,51.53415],[-0.05956,51.53296],[-0.06079,51.52849],[-0.05531,51.5252],[-0.04861,51.52639],[-0.04738,51.53086],[-0.05285,51.53415]]]},"properties":{"id":"88194ad34bfffff","n":104,"five_pct":64.9,"low_pct":7.4,"awaiting":9,"awaiting_pct":8.7,"coffee":2,"takeaway_pct":13.5,"pubs":12,"specialty":0,"chain_pct":1.0,"borough":"Tower Hamlets"}},{"type":"Feature","geometry":{"type":"Polygon","coordinates":[[[0.04672,51.59422],[0.04,51.59304],[0.03877,51.58857],[0.04424,51.58529],[0.05095,51.58647],[0.05219,51.59093],[0.04672,51.59422]]]},"properties":{"id":"88194e680bfffff","n":10,"five_pct":70.0,"low_pct":20.0,"awaiting":0,"awaiting_pct":0.0,"coffee":0,"takeaway_pct":50.0,"pubs":1,"specialty":0,"chain_pct":10.0,"borough":"Redbridge"}},{"type":"Feature","geometry":{"type":"Polygon","coordinates":[[[0.05942,51.57096],[0.05271,51.56978],[0.05147,51.56532],[0.05694,51.56203],[0.06365,51.56321],[0.06489,51.56768],[0.05942,51.57096]]]},"properties":{"id":"88194e6813fffff","n":7,"five_pct":null,"low_pct":null,"awaiting":3,"awaiting_pct":42.9,"coffee":0,"takeaway_pct":14.3,"pubs":1,"specialty":0,"chain_pct":0.0,"borough":"Redbridge"}},{"type":"Feature","geometry":{"type":"Polygon","coordinates":[[[0.03082,51.58293],[0.02411,51.58175],[0.02287,51.57728],[0.02835,51.57399],[0.03506,51.57518],[0.03629,51.57964],[0.03082,51.58293]]]},"properties":{"id":"88194e6839fffff","n":39,"five_pct":76.9,"low_pct":5.1,"awaiting":0,"awaiting_pct":0.0,"coffee":1,"takeaway_pct":17.9,"pubs":7,"specialty":0,"chain_pct":5.1,"borough":"Redbridge"}},{"type":"Feature","geometry":{"type":"Polygon","coordinates":[[[0.0181,51.60618],[0.01138,51.605],[0.01015,51.60054],[0.01563,51.59725],[0.02234,51.59843],[0.02358,51.6029],[0.0181,51.60618]]]},"properties":{"id":"88194e6863fffff","n":16,"five_pct":71.4,"low_pct":0.0,"awaiting":2,"awaiting_pct":12.5,"coffee":1,"takeaway_pct":43.8,"pubs":3,"specialty":0,"chain_pct":0.0,"borough":"Redbridge"}},{"type":"Feature","geometry":{"type":"Polygon","coordinates":[[[-0.06079,51.52849],[-0.0675,51.5273],[-0.06873,51.52283],[-0.06325,51.51954],[-0.05654,51.52073],[-0.05531,51.5252],[-0.06079,51.52849]]]},"properties":{"id":"88194ad343fffff","n":79,"five_pct":64.2,"low_pct":7.5,"awaiting":11,"awaiting_pct":13.9,"coffee":1,"takeaway_pct":13.9,"pubs":11,"specialty":0,"chain_pct":5.1,"borough":"Tower Hamlets"}},{"type":"Feature","geometry":{"type":"Polygon","coordinates":[[[-0.02848,51.52996],[-0.03519,51.52877],[-0.03642,51.5243],[-0.03095,51.52101],[-0.02424,51.5222],[-0.02301,51.52667],[-0.02848,51.52996]]]},"properties":{"id":"88194e69b3fffff","n":37,"five_pct":77.8,"low_pct":5.6,"awaiting":1,"awaiting_pct":2.7,"coffee":5,"takeaway_pct":24.3,"pubs":4,"specialty":0,"chain_pct":10.8,"borough":"Tower Hamlets"}},{"type":"Feature","geometry":{"type":"Polygon","coordinates":[[[0.1404,51.56394],[0.1337,51.56277],[0.13246,51.5583],[0.13792,51.55501],[0.14462,51.55619],[0.14586,51.56065],[0.1404,51.56394]]]},"properties":{"id":"88194e6a91fffff","n":8,"five_pct":62.5,"low_pct":0.0,"awaiting":0,"awaiting_pct":0.0,"coffee":1,"takeaway_pct":37.5,"pubs":2,"specialty":0,"chain_pct":0.0,"borough":"Barking and Dagenham"}},{"type":"Feature","geometry":{"type":"Polygon","coordinates":[[[0.15678,51.55407],[0.15008,51.5529],[0.14884,51.54844],[0.1543,51.54515],[0.161,51.54632],[0.16224,51.55079],[0.15678,51.55407]]]},"properties":{"id":"88194e6f4dfffff","n":23,"five_pct":61.9,"low_pct":4.8,"awaiting":2,"awaiting_pct":8.7,"coffee":0,"takeaway_pct":52.2,"pubs":1,"specialty":0,"chain_pct":4.3,"borough":"Barking and Dagenham"}},{"type":"Feature","geometry":{"type":"Polygon","coordinates":[[[0.07634,51.53995],[0.06964,51.53877],[0.0684,51.5343],[0.07386,51.53102],[0.08057,51.5322],[0.08181,51.53666],[0.07634,51.53995]]]},"properties":{"id":"88194e688bfffff","n":35,"five_pct":36.4,"low_pct":18.2,"awaiting":2,"awaiting_pct":5.7,"coffee":0,"takeaway_pct":22.9,"pubs":1,"specialty":0,"chain_pct":8.6,"borough":"Barking and Dagenham"}},{"type":"Feature","geometry":{"type":"Polygon","coordinates":[[[0.09223,51.55124],[0.08552,51.55006],[0.08428,51.5456],[0.08975,51.54231],[0.09645,51.54349],[0.09769,51.54795],[0.09223,51.55124]]]},"properties":{"id":"88194e68ddfffff","n":13,"five_pct":33.3,"low_pct":8.3,"awaiting":1,"awaiting_pct":7.7,"coffee":0,"takeaway_pct":30.8,"pubs":0,"specialty":0,"chain_pct":0.0,"borough":"Barking and Dagenham"}},{"type":"Feature","geometry":{"type":"Polygon","coordinates":[[[0.12873,51.54491],[0.12203,51.54373],[0.12078,51.53927],[0.12624,51.53598],[0.13295,51.53715],[0.13419,51.54162],[0.12873,51.54491]]]},"properties":{"id":"88194e6f61fffff","n":8,"five_pct":50.0,"low_pct":12.5,"awaiting":0,"awaiting_pct":0.0,"coffee":0,"takeaway_pct":62.5,"pubs":0,"specialty":0,"chain_pct":0.0,"borough":"Barking and Dagenham"}},{"type":"Feature","geometry":{"type":"Polygon","coordinates":[[[0.1084,51.3798],[0.10171,51.37862],[0.10047,51.37414],[0.10592,51.37085],[0.1126,51.37204],[0.11384,51.37651],[0.1084,51.3798]]]},"properties":{"id":"88194ad625fffff","n":10,"five_pct":80.0,"low_pct":0.0,"awaiting":0,"awaiting_pct":0.0,"coffee":1,"takeaway_pct":10.0,"pubs":0,"specialty":0,"chain_pct":10.0,"borough":"Bromley"}},{"type":"Feature","geometry":{"type":"Polygon","coordinates":[[[-0.01672,51.38737],[-0.02341,51.38617],[-0.02464,51.3817],[-0.01918,51.37841],[-0.01249,51.3796],[-0.01126,51.38408],[-0.01672,51.38737]]]},"properties":{"id":"88194ad0bbfffff","n":8,"five_pct":87.5,"low_pct":0.0,"awaiting":0,"awaiting_pct":0.0,"coffee":1,"takeaway_pct":25.0,"pubs":1,"specialty":0,"chain_pct":0.0,"borough":"Bromley"}},{"type":"Feature","geometry":{"type":"Polygon","coordinates":[[[0.08834,51.37624],[0.08166,51.37506],[0.08042,51.37058],[0.08587,51.3673],[0.09255,51.36848],[0.09379,51.37296],[0.08834,51.37624]]]},"properties":{"id":"88194ad711fffff","n":6,"five_pct":100.0,"low_pct":0.0,"awaiting":0,"awaiting_pct":0.0,"coffee":0,"takeaway_pct":0.0,"pubs":1,"specialty":0,"chain_pct":0.0,"borough":"Bromley"}},{"type":"Feature","geometry":{"type":"Polygon","coordinates":[[[-0.03255,51.37603],[-0.03924,51.37483],[-0.04047,51.37036],[-0.03501,51.36707],[-0.02832,51.36827],[-0.02709,51.37274],[-0.03255,51.37603]]]},"properties":{"id":"88194ac259fffff","n":5,"five_pct":40.0,"low_pct":0.0,"awaiting":0,"awaiting_pct":0.0,"coffee":0,"takeaway_pct":20.0,"pubs":1,"specialty":0,"chain_pct":0.0,"borough":"Croydon"}},{"type":"Feature","geometry":{"type":"Polygon","coordinates":[[[-0.06534,51.39573],[-0.07203,51.39454],[-0.07326,51.39006],[-0.06779,51.38678],[-0.0611,51.38797],[-0.05987,51.39245],[-0.06534,51.39573]]]},"properties":{"id":"88194ac24dfffff","n":13,"five_pct":41.7,"low_pct":16.7,"awaiting":1,"awaiting_pct":7.7,"coffee":0,"takeaway_pct":38.5,"pubs":2,"specialty":0,"chain_pct":0.0,"borough":"Croydon"}},{"type":"Feature","geometry":{"type":"Polygon","coordinates":[[[-0.33537,51.50504],[-0.34209,51.50383],[-0.3433,51.49935],[-0.33779,51.49608],[-0.33108,51.49728],[-0.32987,51.50176],[-0.33537,51.50504]]]},"properties":{"id":"88194adb21fffff","n":7,"five_pct":50.0,"low_pct":16.7,"awaiting":1,"awaiting_pct":14.3,"coffee":0,"takeaway_pct":28.6,"pubs":0,"specialty":0,"chain_pct":0.0,"borough":"Ealing"}},{"type":"Feature","geometry":{"type":"Polygon","coordinates":[[[-0.26701,51.52156],[-0.27372,51.52036],[-0.27494,51.51588],[-0.26944,51.5126],[-0.26272,51.51381],[-0.26151,51.51828],[-0.26701,51.52156]]]},"properties":{"id":"88195da5b7fffff","n":15,"five_pct":33.3,"low_pct":26.7,"awaiting":0,"awaiting_pct":0.0,"coffee":0,"takeaway_pct":20.0,"pubs":1,"specialty":0,"chain_pct":0.0,"borough":"Ealing"}},{"type":"Feature","geometry":{"type":"Polygon","coordinates":[[[-0.27065,51.50812],[-0.27736,51.50692],[-0.27858,51.50244],[-0.27308,51.49917],[-0.26637,51.50037],[-0.26515,51.50485],[-0.27065,51.50812]]]},"properties":{"id":"88194adb51fffff","n":41,"five_pct":61.5,"low_pct":10.3,"awaiting":1,"awaiting_pct":2.4,"coffee":3,"takeaway_pct":12.2,"pubs":5,"specialty":0,"chain_pct":9.8,"borough":"Ealing"}},{"type":"Feature","geometry":{"type":"Polygon","coordinates":[[[-0.25908,51.52724],[-0.26579,51.52604],[-0.26701,51.52156],[-0.26151,51.51828],[-0.25479,51.51949],[-0.25358,51.52396],[-0.25908,51.52724]]]},"properties":{"id":"88195da5b1fffff","n":36,"five_pct":60.0,"low_pct":11.4,"awaiting":1,"awaiting_pct":2.8,"coffee":1,"takeaway_pct":22.2,"pubs":2,"specialty":0,"chain_pct":11.1,"borough":"Ealing"}},{"type":"Feature","geometry":{"type":"Polygon","coordinates":[[[-0.31225,51.54328],[-0.31897,51.54208],[-0.32018,51.5376],[-0.31467,51.53433],[-0.30795,51.53553],[-0.30674,51.54001],[-0.31225,51.54328]]]},"properties":{"id":"88195dae91fffff","n":16,"five_pct":56.2,"low_pct":25.0,"awaiting":0,"awaiting_pct":0.0,"coffee":0,"takeaway_pct":43.8,"pubs":0,"specialty":0,"chain_pct":0.0,"borough":"Ealing"}},{"type":"Feature","geometry":{"type":"Polygon","coordinates":[[[-0.37204,51.51123],[-0.37876,51.51002],[-0.37997,51.50554],[-0.37446,51.50227],[-0.36774,51.50348],[-0.36653,51.50796],[-0.37204,51.51123]]]},"properties":{"id":"88195dac9dfffff","n":49,"five_pct":28.3,"low_pct":26.1,"awaiting":3,"awaiting_pct":6.1,"coffee":0,"takeaway_pct":30.6,"pubs":1,"specialty":0,"chain_pct":2.0,"borough":"Ealing"}},{"type":"Feature","geometry":{"type":"Polygon","coordinates":[[[-0.29937,51.52002],[-0.30609,51.51882],[-0.3073,51.51434],[-0.30179,51.51107],[-0.29508,51.51227],[-0.29387,51.51675],[-0.29937,51.52002]]]},"properties":{"id":"88194adb47fffff","n":67,"five_pct":67.7,"low_pct":6.5,"awaiting":4,"awaiting_pct":6.0,"coffee":5,"takeaway_pct":14.9,"pubs":10,"specialty":0,"chain_pct":11.9,"borough":"Ealing"}},{"type":"Feature","geometry":{"type":"Polygon","coordinates":[[[-0.29573,51.53346],[-0.30245,51.53226],[-0.30366,51.52778],[-0.29816,51.5245],[-0.29144,51.52571],[-0.29023,51.53019],[-0.29573,51.53346]]]},"properties":{"id":"88194adb4dfffff","n":17,"five_pct":58.8,"low_pct":11.8,"awaiting":0,"awaiting_pct":0.0,"coffee":0,"takeaway_pct":5.9,"pubs":3,"specialty":0,"chain_pct":5.9,"borough":"Ealing"}},{"type":"Feature","geometry":{"type":"Polygon","coordinates":[[[-0.35619,51.52261],[-0.36291,51.52141],[-0.36412,51.51692],[-0.35861,51.51365],[-0.35189,51.51486],[-0.35068,51.51934],[-0.35619,51.52261]]]},"properties":{"id":"88195dacd1fffff","n":6,"five_pct":40.0,"low_pct":20.0,"awaiting":0,"awaiting_pct":0.0,"coffee":0,"takeaway_pct":16.7,"pubs":0,"specialty":0,"chain_pct":0.0,"borough":"Ealing"}},{"type":"Feature","geometry":{"type":"Polygon","coordinates":[[[-0.33604,51.52623],[-0.34275,51.52503],[-0.34397,51.52055],[-0.33846,51.51727],[-0.33174,51.51848],[-0.33053,51.52296],[-0.33604,51.52623]]]},"properties":{"id":"88194adb65fffff","n":7,"five_pct":42.9,"low_pct":0.0,"awaiting":0,"awaiting_pct":0.0,"coffee":0,"takeaway_pct":14.3,"pubs":0,"specialty":0,"chain_pct":0.0,"borough":"Ealing"}},{"type":"Feature","geometry":{"type":"Polygon","coordinates":[[[-0.38133,51.54794],[-0.38806,51.54673],[-0.38926,51.54225],[-0.38375,51.53898],[-0.37703,51.54018],[-0.37582,51.54467],[-0.38133,51.54794]]]},"properties":{"id":"88195daccdfffff","n":5,"five_pct":20.0,"low_pct":0.0,"awaiting":0,"awaiting_pct":0.0,"coffee":0,"takeaway_pct":40.0,"pubs":1,"specialty":0,"chain_pct":20.0,"borough":"Ealing"}},{"type":"Feature","geometry":{"type":"Polygon","coordinates":[[[-0.33241,51.53967],[-0.33913,51.53847],[-0.34033,51.53399],[-0.33483,51.53071],[-0.32811,51.53192],[-0.3269,51.5364],[-0.33241,51.53967]]]},"properties":{"id":"88195daebbfffff","n":6,"five_pct":16.7,"low_pct":0.0,"awaiting":0,"awaiting_pct":0.0,"coffee":1,"takeaway_pct":16.7,"pubs":0,"specialty":0,"chain_pct":0.0,"borough":"Ealing"}},{"type":"Feature","geometry":{"type":"Polygon","coordinates":[[[-0.09599,51.63282],[-0.10271,51.63164],[-0.10394,51.62717],[-0.09845,51.62389],[-0.09173,51.62508],[-0.0905,51.62954],[-0.09599,51.63282]]]},"properties":{"id":"88195da659fffff","n":26,"five_pct":62.5,"low_pct":0.0,"awaiting":2,"awaiting_pct":7.7,"coffee":3,"takeaway_pct":0.0,"pubs":3,"specialty":0,"chain_pct":7.7,"borough":"Enfield"}},{"type":"Feature","geometry":{"type":"Polygon","coordinates":[[[-0.10394,51.62717],[-0.11066,51.62598],[-0.11189,51.62151],[-0.10639,51.61823],[-0.09967,51.61942],[-0.09845,51.62389],[-0.10394,51.62717]]]},"properties":{"id":"88195da651fffff","n":42,"five_pct":52.6,"low_pct":7.9,"awaiting":4,"awaiting_pct":9.5,"coffee":2,"takeaway_pct":14.3,"pubs":3,"specialty":0,"chain_pct":7.1,"borough":"Enfield"}},{"type":"Feature","geometry":{"type":"Polygon","coordinates":[[[-0.07156,51.62863],[-0.07828,51.62745],[-0.07951,51.62298],[-0.07402,51.6197],[-0.0673,51.62088],[-0.06607,51.62535],[-0.07156,51.62863]]]},"properties":{"id":"88194e6961fffff","n":5,"five_pct":60.0,"low_pct":0.0,"awaiting":0,"awaiting_pct":0.0,"coffee":0,"takeaway_pct":20.0,"pubs":0,"specialty":0,"chain_pct":0.0,"borough":"Enfield"}},{"type":"Feature","geometry":{"type":"Polygon","coordinates":[[[-0.08066,51.66528],[-0.08738,51.66409],[-0.08861,51.65963],[-0.08312,51.65635],[-0.07639,51.65753],[-0.07516,51.662],[-0.08066,51.66528]]]},"properties":{"id":"88195db481fffff","n":38,"five_pct":42.4,"low_pct":9.1,"awaiting":5,"awaiting_pct":13.2,"coffee":2,"takeaway_pct":36.8,"pubs":6,"specialty":0,"chain_pct":2.6,"borough":"Enfield"}},{"type":"Feature","geometry":{"type":"Polygon","coordinates":[[[-0.04771,51.64559],[-0.05443,51.6444],[-0.05566,51.63994],[-0.05017,51.63665],[-0.04345,51.63784],[-0.04222,51.6423],[-0.04771,51.64559]]]},"properties":{"id":"88195db49bfffff","n":23,"five_pct":28.6,"low_pct":19.0,"awaiting":2,"awaiting_pct":8.7,"coffee":0,"takeaway_pct":39.1,"pubs":1,"specialty":0,"chain_pct":4.3,"borough":"Enfield"}},{"type":"Feature","geometry":{"type":"Polygon","coordinates":[[[-0.05196,51.65333],[-0.05869,51.65215],[-0.05992,51.64769],[-0.05443,51.6444],[-0.04771,51.64559],[-0.04647,51.65005],[-0.05196,51.65333]]]},"properties":{"id":"88195db499fffff","n":21,"five_pct":42.9,"low_pct":9.5,"awaiting":0,"awaiting_pct":0.0,"coffee":1,"takeaway_pct":9.5,"pubs":1,"specialty":0,"chain_pct":4.8,"borough":"Enfield"}},{"type":"Feature","geometry":{"type":"Polygon","coordinates":[[[-0.13691,51.64685],[-0.14364,51.64566],[-0.14486,51.64119],[-0.13937,51.63791],[-0.13264,51.6391],[-0.13142,51.64357],[-0.13691,51.64685]]]},"properties":{"id":"88195da645fffff","n":5,"five_pct":80.0,"low_pct":0.0,"awaiting":0,"awaiting_pct":0.0,"coffee":0,"takeaway_pct":0.0,"pubs":2,"specialty":0,"chain_pct":0.0,"borough":"Enfield"}},{"type":"Feature","geometry":{"type":"Polygon","coordinates":[[[-0.09288,51.66737],[-0.0996,51.66619],[-0.10083,51.66172],[-0.09534,51.65844],[-0.08861,51.65963],[-0.08738,51.66409],[-0.09288,51.66737]]]},"properties":{"id":"88195db485fffff","n":8,"five_pct":80.0,"low_pct":0.0,"awaiting":3,"awaiting_pct":37.5,"coffee":1,"takeaway_pct":12.5,"pubs":1,"specialty":0,"chain_pct":0.0,"borough":"Enfield"}},{"type":"Feature","geometry":{"type":"Polygon","coordinates":[[[-0.08861,51.65963],[-0.09534,51.65844],[-0.09657,51.65398],[-0.09107,51.65069],[-0.08435,51.65188],[-0.08312,51.65635],[-0.08861,51.65963]]]},"properties":{"id":"88195db487fffff","n":27,"five_pct":51.9,"low_pct":22.2,"awaiting":0,"awaiting_pct":0.0,"coffee":0,"takeaway_pct":11.1,"pubs":4,"specialty":0,"chain_pct":3.7,"borough":"Enfield"}},{"type":"Feature","geometry":{"type":"Polygon","coordinates":[[[-0.08009,51.64413],[-0.08681,51.64295],[-0.08804,51.63848],[-0.08254,51.6352],[-0.07582,51.63638],[-0.07459,51.64085],[-0.08009,51.64413]]]},"properties":{"id":"88195db4bbfffff","n":7,"five_pct":50.0,"low_pct":16.7,"awaiting":1,"awaiting_pct":14.3,"coffee":0,"takeaway_pct":42.9,"pubs":0,"specialty":0,"chain_pct":14.3,"borough":"Enfield"}},{"type":"Feature","geometry":{"type":"Polygon","coordinates":[[[-0.02439,51.68367],[-0.03112,51.68249],[-0.03235,51.67802],[-0.02686,51.67474],[-0.02014,51.67592],[-0.0189,51.68039],[-0.02439,51.68367]]]},"properties":{"id":"88195db6bbfffff","n":6,"five_pct":100.0,"low_pct":0.0,"awaiting":0,"awaiting_pct":0.0,"coffee":0,"takeaway_pct":0.0,"pubs":0,"specialty":0,"chain_pct":0.0,"borough":"Enfield"}},{"type":"Feature","geometry":{"type":"Polygon","coordinates":[[[-0.06361,51.63429],[-0.07033,51.6331],[-0.07156,51.62863],[-0.06607,51.62535],[-0.05935,51.62654],[-0.05812,51.631],[-0.06361,51.63429]]]},"properties":{"id":"88194e6969fffff","n":10,"five_pct":62.5,"low_pct":12.5,"awaiting":2,"awaiting_pct":20.0,"coffee":0,"takeaway_pct":0.0,"pubs":1,"specialty":0,"chain_pct":0.0,"borough":"Enfield"}},{"type":"Feature","geometry":{"type":"Polygon","coordinates":[[[0.03346,51.47712],[0.02676,51.47594],[0.02553,51.47147],[0.03099,51.46818],[0.03769,51.46937],[0.03892,51.47384],[0.03346,51.47712]]]},"properties":{"id":"88194ad213fffff","n":8,"five_pct":100.0,"low_pct":0.0,"awaiting":0,"awaiting_pct":0.0,"coffee":0,"takeaway_pct":50.0,"pubs":0,"specialty":0,"chain_pct":0.0,"borough":"Greenwich"}},{"type":"Feature","geometry":{"type":"Polygon","coordinates":[[[0.04192,51.46161],[0.03522,51.46042],[0.03399,51.45595],[0.03945,51.45266],[0.04614,51.45385],[0.04738,51.45832],[0.04192,51.46161]]]},"properties":{"id":"88194ad2c7fffff","n":7,"five_pct":71.4,"low_pct":14.3,"awaiting":0,"awaiting_pct":0.0,"coffee":1,"takeaway_pct":14.3,"pubs":0,"specialty":0,"chain_pct":0.0,"borough":"Greenwich"}},{"type":"Feature","geometry":{"type":"Polygon","coordinates":[[[0.11334,51.51247],[0.10664,51.51129],[0.1054,51.50682],[0.11086,51.50353],[0.11756,51.50471],[0.1188,51.50918],[0.11334,51.51247]]]},"properties":{"id":"88194e6d49fffff","n":6,"five_pct":100.0,"low_pct":0.0,"awaiting":0,"awaiting_pct":0.0,"coffee":0,"takeaway_pct":50.0,"pubs":0,"specialty":0,"chain_pct":33.3,"borough":"Greenwich"}},{"type":"Feature","geometry":{"type":"Polygon","coordinates":[[[0.025,51.49264],[0.0183,51.49145],[0.01706,51.48698],[0.02253,51.48369],[0.02923,51.48488],[0.03046,51.48935],[0.025,51.49264]]]},"properties":{"id":"88194ad21dfffff","n":19,"five_pct":78.9,"low_pct":0.0,"awaiting":0,"awaiting_pct":0.0,"coffee":1,"takeaway_pct":21.1,"pubs":1,"specialty":0,"chain_pct":15.8,"borough":"Greenwich"}},{"type":"Feature","geometry":{"type":"Polygon","coordinates":[[[0.00066,51.49684],[-0.00604,51.49565],[-0.00728,51.49118],[-0.00181,51.48789],[0.0049,51.48908],[0.00613,51.49355],[0.00066,51.49684]]]},"properties":{"id":"88194ad207fffff","n":5,"five_pct":80.0,"low_pct":0.0,"awaiting":0,"awaiting_pct":0.0,"coffee":0,"takeaway_pct":0.0,"pubs":1,"specialty":0,"chain_pct":0.0,"borough":"Greenwich"}},{"type":"Feature","geometry":{"type":"Polygon","coordinates":[[[-0.2212,51.47863],[-0.2279,51.47743],[-0.22912,51.47295],[-0.22363,51.46968],[-0.21692,51.47088],[-0.2157,51.47536],[-0.2212,51.47863]]]},"properties":{"id":"88194ada39fffff","n":6,"five_pct":100.0,"low_pct":0.0,"awaiting":0,"awaiting_pct":0.0,"coffee":0,"takeaway_pct":16.7,"pubs":1,"specialty":0,"chain_pct":0.0,"borough":"Hammersmith and Fulham"}},{"type":"Feature","geometry":{"type":"Polygon","coordinates":[[[-0.2589,51.3866],[-0.2656,51.38539],[-0.26681,51.38091],[-0.26132,51.37763],[-0.25462,51.37884],[-0.25341,51.38332],[-0.2589,51.3866]]]},"properties":{"id":"88194ad8bdfffff","n":6,"five_pct":33.3,"low_pct":16.7,"awaiting":0,"awaiting_pct":0.0,"coffee":0,"takeaway_pct":50.0,"pubs":0,"specialty":0,"chain_pct":0.0,"borough":"Kingston-Upon-Thames"}},{"type":"Feature","geometry":{"type":"Polygon","coordinates":[[[-0.24671,51.38453],[-0.25341,51.38332],[-0.25462,51.37884],[-0.24914,51.37556],[-0.24244,51.37677],[-0.24123,51.38125],[-0.24671,51.38453]]]},"properties":{"id":"88194ad8b9fffff","n":22,"five_pct":72.7,"low_pct":9.1,"awaiting":0,"awaiting_pct":0.0,"coffee":4,"takeaway_pct":31.8,"pubs":2,"specialty":0,"chain_pct":22.7,"borough":"Sutton"}},{"type":"Feature","geometry":{"type":"Polygon","coordinates":[[[-0.21809,51.37262],[-0.22478,51.37142],[-0.226,51.36693],[-0.22052,51.36366],[-0.21382,51.36486],[-0.21261,51.36934],[-0.21809,51.37262]]]},"properties":{"id":"88194ad893fffff","n":5,"five_pct":null,"low_pct":null,"awaiting":1,"awaiting_pct":20.0,"coffee":0,"takeaway_pct":60.0,"pubs":0,"specialty":0,"chain_pct":0.0,"borough":"Sutton"}},{"type":"Feature","geometry":{"type":"Polygon","coordinates":[[[-0.21018,51.37831],[-0.21687,51.37711],[-0.21809,51.37262],[-0.21261,51.36934],[-0.20591,51.37055],[-0.20469,51.37503],[-0.21018,51.37831]]]},"properties":{"id":"88194ad89bfffff","n":9,"five_pct":88.9,"low_pct":11.1,"awaiting":0,"awaiting_pct":0.0,"coffee":1,"takeaway_pct":55.6,"pubs":1,"specialty":0,"chain_pct":44.4,"borough":"Sutton"}},{"type":"Feature","geometry":{"type":"Polygon","coordinates":[[[-0.12924,51.37152],[-0.13594,51.37032],[-0.13715,51.36584],[-0.13168,51.36256],[-0.12499,51.36376],[-0.12377,51.36824],[-0.12924,51.37152]]]},"properties":{"id":"88194ac319fffff","n":13,"five_pct":58.3,"low_pct":0.0,"awaiting":0,"awaiting_pct":0.0,"coffee":0,"takeaway_pct":46.2,"pubs":2,"specialty":0,"chain_pct":0.0,"borough":"Sutton"}},{"type":"Feature","geometry":{"type":"Polygon","coordinates":[[[-0.1694,51.36432],[-0.17609,51.36312],[-0.17731,51.35863],[-0.17183,51.35535],[-0.16514,51.35656],[-0.16392,51.36104],[-0.1694,51.36432]]]},"properties":{"id":"88194ac331fffff","n":20,"five_pct":68.4,"low_pct":5.3,"awaiting":1,"awaiting_pct":5.0,"coffee":0,"takeaway_pct":40.0,"pubs":1,"specialty":0,"chain_pct":0.0,"borough":"Sutton"}},{"type":"Feature","geometry":{"type":"Polygon","coordinates":[[[-0.17,51.38553],[-0.1767,51.38432],[-0.17791,51.37984],[-0.17244,51.37656],[-0.16574,51.37776],[-0.16452,51.38225],[-0.17,51.38553]]]},"properties":{"id":"88194ac305fffff","n":5,"five_pct":60.0,"low_pct":20.0,"awaiting":0,"awaiting_pct":0.0,"coffee":0,"takeaway_pct":60.0,"pubs":0,"specialty":0,"chain_pct":0.0,"borough":"Sutton"}},{"type":"Feature","geometry":{"type":"Polygon","coordinates":[[[-0.18157,51.3664],[-0.18826,51.36519],[-0.18948,51.36071],[-0.184,51.35743],[-0.17731,51.35863],[-0.17609,51.36312],[-0.18157,51.3664]]]},"properties":{"id":"88194ac335fffff","n":9,"five_pct":66.7,"low_pct":11.1,"awaiting":0,"awaiting_pct":0.0,"coffee":1,"takeaway_pct":33.3,"pubs":2,"specialty":0,"chain_pct":0.0,"borough":"Sutton"}},{"type":"Feature","geometry":{"type":"Polygon","coordinates":[[[-0.17791,51.37984],[-0.18461,51.37864],[-0.18583,51.37416],[-0.18035,51.37088],[-0.17366,51.37208],[-0.17244,51.37656],[-0.17791,51.37984]]]},"properties":{"id":"88194ac32bfffff","n":5,"five_pct":80.0,"low_pct":0.0,"awaiting":0,"awaiting_pct":0.0,"coffee":0,"takeaway_pct":40.0,"pubs":0,"specialty":0,"chain_pct":0.0,"borough":"Sutton"}},{"type":"Feature","geometry":{"type":"Polygon","coordinates":[[[-0.01849,51.61249],[-0.02521,51.61131],[-0.02644,51.60684],[-0.02096,51.60356],[-0.01424,51.60474],[-0.01301,51.60921],[-0.01849,51.61249]]]},"properties":{"id":"88194e6951fffff","n":19,"five_pct":26.3,"low_pct":5.3,"awaiting":0,"awaiting_pct":0.0,"coffee":2,"takeaway_pct":47.4,"pubs":0,"specialty":0,"chain_pct":5.3,"borough":"Waltham Forest"}},{"type":"Feature","geometry":{"type":"Polygon","coordinates":[[[-0.15836,51.54521],[-0.16507,51.54401],[-0.16629,51.53954],[-0.1608,51.53626],[-0.15409,51.53745],[-0.15287,51.54193],[-0.15836,51.54521]]]},"properties":{"id":"88195da4c7fffff","n":29,"five_pct":59.3,"low_pct":7.4,"awaiting":2,"awaiting_pct":6.9,"coffee":1,"takeaway_pct":17.2,"pubs":4,"specialty":0,"chain_pct":0.0,"borough":"Camden"}},{"type":"Feature","geometry":{"type":"Polygon","coordinates":[[[0.11062,51.45674],[0.10392,51.45556],[0.10268,51.45109],[0.10814,51.4478],[0.11483,51.44898],[0.11607,51.45345],[0.11062,51.45674]]]},"properties":{"id":"88194e6de9fffff","n":14,"five_pct":76.9,"low_pct":7.7,"awaiting":1,"awaiting_pct":7.1,"coffee":2,"takeaway_pct":28.6,"pubs":3,"specialty":0,"chain_pct":7.1,"borough":"Bexley"}},{"type":"Feature","geometry":{"type":"Polygon","coordinates":[[[0.14284,51.45817],[0.13615,51.45699],[0.13491,51.45252],[0.14036,51.44923],[0.14705,51.45041],[0.14829,51.45488],[0.14284,51.45817]]]},"properties":{"id":"88194e6dc9fffff","n":46,"five_pct":72.1,"low_pct":2.3,"awaiting":2,"awaiting_pct":4.3,"coffee":1,"takeaway_pct":6.5,"pubs":8,"specialty":0,"chain_pct":10.9,"borough":"Bexley"}},{"type":"Feature","geometry":{"type":"Polygon","coordinates":[[[0.15077,51.46382],[0.14408,51.46264],[0.14284,51.45817],[0.14829,51.45488],[0.15498,51.45606],[0.15622,51.46053],[0.15077,51.46382]]]},"properties":{"id":"88194e6c23fffff","n":19,"five_pct":94.1,"low_pct":5.9,"awaiting":1,"awaiting_pct":5.3,"coffee":0,"takeaway_pct":21.1,"pubs":3,"specialty":0,"chain_pct":10.5,"borough":"Bexley"}},{"type":"Feature","geometry":{"type":"Polygon","coordinates":[[[0.09847,51.45885],[0.09177,51.45766],[0.09053,51.45319],[0.09599,51.44991],[0.10268,51.45109],[0.10392,51.45556],[0.09847,51.45885]]]},"properties":{"id":"88194e6dedfffff","n":13,"five_pct":69.2,"low_pct":0.0,"awaiting":0,"awaiting_pct":0.0,"coffee":0,"takeaway_pct":53.8,"pubs":3,"specialty":0,"chain_pct":0.0,"borough":"Bexley"}},{"type":"Feature","geometry":{"type":"Polygon","coordinates":[[[0.15126,51.44265],[0.14457,51.44147],[0.14333,51.437],[0.14877,51.43371],[0.15546,51.43489],[0.1567,51.43936],[0.15126,51.44265]]]},"properties":{"id":"88194e6dddfffff","n":33,"five_pct":54.5,"low_pct":0.0,"awaiting":0,"awaiting_pct":0.0,"coffee":4,"takeaway_pct":12.1,"pubs":8,"specialty":0,"chain_pct":3.0,"borough":"Bexley"}},{"type":"Feature","geometry":{"type":"Polygon","coordinates":[[[0.18672,51.47863],[0.18003,51.47746],[0.17879,51.47299],[0.18424,51.4697],[0.19093,51.47088],[0.19217,51.47534],[0.18672,51.47863]]]},"properties":{"id":"88194e6c09fffff","n":5,"five_pct":80.0,"low_pct":0.0,"awaiting":0,"awaiting_pct":0.0,"coffee":0,"takeaway_pct":0.0,"pubs":2,"specialty":0,"chain_pct":0.0,"borough":"Bexley"}},{"type":"Feature","geometry":{"type":"Polygon","coordinates":[[[0.1064,51.4645],[0.0997,51.46332],[0.09847,51.45885],[0.10392,51.45556],[0.11062,51.45674],[0.11185,51.46121],[0.1064,51.4645]]]},"properties":{"id":"88194e6d17fffff","n":46,"five_pct":44.4,"low_pct":4.4,"awaiting":0,"awaiting_pct":0.0,"coffee":0,"takeaway_pct":41.3,"pubs":4,"specialty":0,"chain_pct":8.7,"borough":"Bexley"}},{"type":"Feature","geometry":{"type":"Polygon","coordinates":[[[0.18252,51.48639],[0.17583,51.48522],[0.17458,51.48075],[0.18003,51.47746],[0.18672,51.47863],[0.18797,51.4831],[0.18252,51.48639]]]},"properties":{"id":"88194e6c47fffff","n":24,"five_pct":72.7,"low_pct":13.6,"awaiting":2,"awaiting_pct":8.3,"coffee":2,"takeaway_pct":37.5,"pubs":2,"specialty":0,"chain_pct":16.7,"borough":"Bexley"}},{"type":"Feature","geometry":{"type":"Polygon","coordinates":[[[0.18719,51.45748],[0.1805,51.4563],[0.17926,51.45183],[0.18471,51.44854],[0.1914,51.44972],[0.19264,51.45419],[0.18719,51.45748]]]},"properties":{"id":"88194e6c15fffff","n":9,"five_pct":66.7,"low_pct":0.0,"awaiting":0,"awaiting_pct":0.0,"coffee":0,"takeaway_pct":22.2,"pubs":1,"specialty":0,"chain_pct":22.2,"borough":"Bexley"}},{"type":"Feature","geometry":{"type":"Polygon","coordinates":[[[0.10268,51.45109],[0.09599,51.44991],[0.09475,51.44544],[0.10021,51.44215],[0.1069,51.44333],[0.10814,51.4478],[0.10268,51.45109]]]},"properties":{"id":"88194e6de1fffff","n":16,"five_pct":62.5,"low_pct":0.0,"awaiting":0,"awaiting_pct":0.0,"coffee":1,"takeaway_pct":31.2,"pubs":1,"specialty":0,"chain_pct":0.0,"borough":"Bexley"}},{"type":"Feature","geometry":{"type":"Polygon","coordinates":[[[0.08632,51.46095],[0.07962,51.45977],[0.07838,51.4553],[0.08384,51.45201],[0.09053,51.45319],[0.09177,51.45766],[0.08632,51.46095]]]},"properties":{"id":"88194e6d33fffff","n":5,"five_pct":null,"low_pct":null,"awaiting":2,"awaiting_pct":40.0,"coffee":0,"takeaway_pct":80.0,"pubs":1,"specialty":0,"chain_pct":0.0,"borough":"Bexley"}},{"type":"Feature","geometry":{"type":"Polygon","coordinates":[[[0.11433,51.47015],[0.10764,51.46897],[0.1064,51.4645],[0.11185,51.46121],[0.11855,51.46239],[0.11979,51.46686],[0.11433,51.47015]]]},"properties":{"id":"88194e6d11fffff","n":22,"five_pct":57.9,"low_pct":0.0,"awaiting":3,"awaiting_pct":13.6,"coffee":0,"takeaway_pct":31.8,"pubs":2,"specialty":0,"chain_pct":4.5,"borough":"Bexley"}},{"type":"Feature","geometry":{"type":"Polygon","coordinates":[[[0.0826,51.44754],[0.07591,51.44636],[0.07467,51.44188],[0.08013,51.4386],[0.08682,51.43978],[0.08806,51.44425],[0.0826,51.44754]]]},"properties":{"id":"88194ad2dbfffff","n":12,"five_pct":63.6,"low_pct":0.0,"awaiting":1,"awaiting_pct":8.3,"coffee":0,"takeaway_pct":16.7,"pubs":4,"specialty":0,"chain_pct":0.0,"borough":"Greenwich"}},{"type":"Feature","geometry":{"type":"Polygon","coordinates":[[[0.12697,51.44687],[0.12028,51.44569],[0.11904,51.44122],[0.12449,51.43793],[0.13118,51.43911],[0.13242,51.44358],[0.12697,51.44687]]]},"properties":{"id":"88194e6dc7fffff","n":5,"five_pct":40.0,"low_pct":0.0,"awaiting":0,"awaiting_pct":0.0,"coffee":0,"takeaway_pct":20.0,"pubs":1,"specialty":0,"chain_pct":0.0,"borough":"Bexley"}},{"type":"Feature","geometry":{"type":"Polygon","coordinates":[[[0.13442,51.47369],[0.12772,51.47251],[0.12648,51.46804],[0.13193,51.46475],[0.13863,51.46593],[0.13987,51.4704],[0.13442,51.47369]]]},"properties":{"id":"88194e6c25fffff","n":7,"five_pct":28.6,"low_pct":14.3,"awaiting":0,"awaiting_pct":0.0,"coffee":0,"takeaway_pct":71.4,"pubs":0,"specialty":0,"chain_pct":0.0,"borough":"Bexley"}},{"type":"Feature","geometry":{"type":"Polygon","coordinates":[[[-0.31356,51.58565],[-0.32029,51.58445],[-0.3215,51.57997],[-0.31599,51.5767],[-0.30927,51.5779],[-0.30805,51.58238],[-0.31356,51.58565]]]},"properties":{"id":"88195daec9fffff","n":24,"five_pct":77.3,"low_pct":0.0,"awaiting":2,"awaiting_pct":8.3,"coffee":1,"takeaway_pct":12.5,"pubs":1,"specialty":0,"chain_pct":8.3,"borough":"Brent"}},{"type":"Feature","geometry":{"type":"Polygon","coordinates":[[[-0.21147,51.56129],[-0.21819,51.56009],[-0.21941,51.55562],[-0.21391,51.55234],[-0.20719,51.55354],[-0.20597,51.55801],[-0.21147,51.56129]]]},"properties":{"id":"88195da437fffff","n":58,"five_pct":54.7,"low_pct":7.5,"awaiting":4,"awaiting_pct":6.9,"coffee":0,"takeaway_pct":27.6,"pubs":6,"specialty":0,"chain_pct":5.2,"borough":"Brent"}},{"type":"Feature","geometry":{"type":"Polygon","coordinates":[[[-0.27987,51.54482],[-0.28659,51.54362],[-0.2878,51.53914],[-0.2823,51.53587],[-0.27558,51.53707],[-0.27437,51.54155],[-0.27987,51.54482]]]},"properties":{"id":"88195da5a1fffff","n":12,"five_pct":54.5,"low_pct":27.3,"awaiting":1,"awaiting_pct":8.3,"coffee":1,"takeaway_pct":41.7,"pubs":0,"specialty":0,"chain_pct":0.0,"borough":"Brent"}},{"type":"Feature","geometry":{"type":"Polygon","coordinates":[[[-0.28845,51.56033],[-0.29517,51.55912],[-0.29638,51.55465],[-0.29088,51.55137],[-0.28416,51.55257],[-0.28294,51.55705],[-0.28845,51.56033]]]},"properties":{"id":"88195daedbfffff","n":72,"five_pct":76.9,"low_pct":3.1,"awaiting":7,"awaiting_pct":9.7,"coffee":3,"takeaway_pct":34.7,"pubs":5,"specialty":0,"chain_pct":13.9,"borough":"Brent"}},{"type":"Feature","geometry":{"type":"Polygon","coordinates":[[[-0.20292,51.54579],[-0.20963,51.54459],[-0.21085,51.54011],[-0.20536,51.53684],[-0.19864,51.53803],[-0.19742,51.54251],[-0.20292,51.54579]]]},"properties":{"id":"88195da5dbfffff","n":64,"five_pct":65.6,"low_pct":4.9,"awaiting":3,"awaiting_pct":4.7,"coffee":2,"takeaway_pct":31.2,"pubs":3,"specialty":0,"chain_pct":0.0,"borough":"Brent"}},{"type":"Feature","geometry":{"type":"Polygon","coordinates":[[[-0.28051,51.566],[-0.28724,51.5648],[-0.28845,51.56033],[-0.28294,51.55705],[-0.27622,51.55825],[-0.27501,51.56273],[-0.28051,51.566]]]},"properties":{"id":"88195da5e5fffff","n":80,"five_pct":84.0,"low_pct":5.3,"awaiting":5,"awaiting_pct":6.2,"coffee":3,"takeaway_pct":42.5,"pubs":5,"specialty":0,"chain_pct":11.2,"borough":"Brent"}},{"type":"Feature","geometry":{"type":"Polygon","coordinates":[[[-0.21085,51.54011],[-0.21757,51.53892],[-0.21879,51.53444],[-0.21329,51.53116],[-0.20658,51.53236],[-0.20536,51.53684],[-0.21085,51.54011]]]},"properties":{"id":"88195da5d3fffff","n":8,"five_pct":87.5,"low_pct":0.0,"awaiting":0,"awaiting_pct":0.0,"coffee":0,"takeaway_pct":25.0,"pubs":0,"specialty":0,"chain_pct":0.0,"borough":"Brent"}},{"type":"Feature","geometry":{"type":"Polygon","coordinates":[[[-0.24321,51.5386],[-0.24993,51.53739],[-0.25115,51.53292],[-0.24565,51.52964],[-0.23893,51.53084],[-0.23771,51.53532],[-0.24321,51.5386]]]},"properties":{"id":"88195da583fffff","n":72,"five_pct":46.9,"low_pct":15.6,"awaiting":8,"awaiting_pct":11.1,"coffee":2,"takeaway_pct":31.9,"pubs":9,"specialty":0,"chain_pct":2.8,"borough":"Brent"}},{"type":"Feature","geometry":{"type":"Polygon","coordinates":[[[-0.231,51.53652],[-0.23771,51.53532],[-0.23893,51.53084],[-0.23343,51.52756],[-0.22672,51.52876],[-0.2255,51.53324],[-0.231,51.53652]]]},"properties":{"id":"88195da59dfffff","n":19,"five_pct":42.1,"low_pct":0.0,"awaiting":0,"awaiting_pct":0.0,"coffee":0,"takeaway_pct":31.6,"pubs":0,"specialty":0,"chain_pct":0.0,"borough":"Brent"}},{"type":"Feature","geometry":{"type":"Polygon","coordinates":[[[-0.25543,51.54067],[-0.26215,51.53947],[-0.26336,51.53499],[-0.25786,51.53172],[-0.25115,51.53292],[-0.24993,51.53739],[-0.25543,51.54067]]]},"properties":{"id":"88195da587fffff","n":5,"five_pct":100.0,"low_pct":0.0,"awaiting":0,"awaiting_pct":0.0,"coffee":0,"takeaway_pct":20.0,"pubs":1,"specialty":0,"chain_pct":0.0,"borough":"Brent"}},{"type":"Feature","geometry":{"type":"Polygon","coordinates":[[[-0.3215,51.57997],[-0.32822,51.57877],[-0.32944,51.57429],[-0.32393,51.57102],[-0.3172,51.57222],[-0.31599,51.5767],[-0.3215,51.57997]]]},"properties":{"id":"88195daec1fffff","n":8,"five_pct":100.0,"low_pct":0.0,"awaiting":0,"awaiting_pct":0.0,"coffee":1,"takeaway_pct":12.5,"pubs":1,"specialty":0,"chain_pct":37.5,"borough":"Brent"}},{"type":"Feature","geometry":{"type":"Polygon","coordinates":[[[-0.23956,51.55202],[-0.24628,51.55082],[-0.2475,51.54635],[-0.242,51.54307],[-0.23528,51.54427],[-0.23406,51.54875],[-0.23956,51.55202]]]},"properties":{"id":"88195da589fffff","n":51,"five_pct":56.5,"low_pct":15.2,"awaiting":5,"awaiting_pct":9.8,"coffee":1,"takeaway_pct":39.2,"pubs":3,"specialty":0,"chain_pct":0.0,"borough":"Brent"}},{"type":"Feature","geometry":{"type":"Polygon","coordinates":[[[-0.26829,51.56393],[-0.27501,51.56273],[-0.27622,51.55825],[-0.27072,51.55498],[-0.264,51.55618],[-0.26278,51.56065],[-0.26829,51.56393]]]},"properties":{"id":"88195da5e1fffff","n":5,"five_pct":null,"low_pct":null,"awaiting":2,"awaiting_pct":40.0,"coffee":0,"takeaway_pct":40.0,"pubs":0,"specialty":0,"chain_pct":0.0,"borough":"Brent"}},{"type":"Feature","geometry":{"type":"Polygon","coordinates":[[[-0.29274,51.56808],[-0.29946,51.56688],[-0.30068,51.5624],[-0.29517,51.55912],[-0.28845,51.56033],[-0.28724,51.5648],[-0.29274,51.56808]]]},"properties":{"id":"88195daed9fffff","n":5,"five_pct":null,"low_pct":null,"awaiting":1,"awaiting_pct":20.0,"coffee":0,"takeaway_pct":20.0,"pubs":0,"specialty":0,"chain_pct":0.0,"borough":"Brent"}},{"type":"Feature","geometry":{"type":"Polygon","coordinates":[[[-0.25305,51.59645],[-0.25977,51.59526],[-0.26099,51.59078],[-0.25549,51.58751],[-0.24876,51.5887],[-0.24755,51.59318],[-0.25305,51.59645]]]},"properties":{"id":"88195da557fffff","n":38,"five_pct":55.9,"low_pct":0.0,"awaiting":4,"awaiting_pct":10.5,"coffee":3,"takeaway_pct":23.7,"pubs":3,"specialty":0,"chain_pct":5.3,"borough":"Barnet"}},{"type":"Feature","geometry":{"type":"Polygon","coordinates":[[[-0.27622,51.55825],[-0.28294,51.55705],[-0.28416,51.55257],[-0.27865,51.5493],[-0.27193,51.5505],[-0.27072,51.55498],[-0.27622,51.55825]]]},"properties":{"id":"88195da5e7fffff","n":7,"five_pct":100.0,"low_pct":0.0,"awaiting":0,"awaiting_pct":0.0,"coffee":0,"takeaway_pct":57.1,"pubs":1,"specialty":0,"chain_pct":14.3,"borough":"Brent"}},{"type":"Feature","geometry":{"type":"Polygon","coordinates":[[[-0.30002,51.54121],[-0.30674,51.54001],[-0.30795,51.53553],[-0.30245,51.53226],[-0.29573,51.53346],[-0.29452,51.53794],[-0.30002,51.54121]]]},"properties":{"id":"88195dae9bfffff","n":12,"five_pct":60.0,"low_pct":10.0,"awaiting":1,"awaiting_pct":8.3,"coffee":0,"takeaway_pct":41.7,"pubs":0,"specialty":0,"chain_pct":0.0,"borough":"Brent"}},{"type":"Feature","geometry":{"type":"Polygon","coordinates":[[[-0.264,51.55618],[-0.27072,51.55498],[-0.27193,51.5505],[-0.26643,51.54722],[-0.25971,51.54843],[-0.2585,51.5529],[-0.264,51.55618]]]},"properties":{"id":"88195da5e3fffff","n":5,"five_pct":80.0,"low_pct":0.0,"awaiting":0,"awaiting_pct":0.0,"coffee":0,"takeaway_pct":20.0,"pubs":0,"specialty":0,"chain_pct":20.0,"borough":"Brent"}},{"type":"Feature","geometry":{"type":"Polygon","coordinates":[[[-0.32084,51.55879],[-0.32756,51.55759],[-0.32877,51.55311],[-0.32326,51.54983],[-0.31654,51.55104],[-0.31533,51.55552],[-0.32084,51.55879]]]},"properties":{"id":"88195dae8bfffff","n":14,"five_pct":69.2,"low_pct":15.4,"awaiting":1,"awaiting_pct":7.1,"coffee":0,"takeaway_pct":35.7,"pubs":1,"specialty":0,"chain_pct":0.0,"borough":"Brent"}},{"type":"Feature","geometry":{"type":"Polygon","coordinates":[[[-0.17056,51.54729],[-0.17728,51.5461],[-0.1785,51.54162],[-0.17301,51.53834],[-0.16629,51.53954],[-0.16507,51.54401],[-0.17056,51.54729]]]},"properties":{"id":"88195da4ebfffff","n":33,"five_pct":44.0,"low_pct":8.0,"awaiting":8,"awaiting_pct":24.2,"coffee":4,"takeaway_pct":36.4,"pubs":1,"specialty":0,"chain_pct":9.1,"borough":"Camden"}},{"type":"Feature","geometry":{"type":"Polygon","coordinates":[[[-0.12176,51.53894],[-0.12847,51.53775],[-0.12969,51.53328],[-0.1242,51.53],[-0.11749,51.53119],[-0.11627,51.53566],[-0.12176,51.53894]]]},"properties":{"id":"88195da4d9fffff","n":198,"five_pct":69.4,"low_pct":6.7,"awaiting":17,"awaiting_pct":8.6,"coffee":9,"takeaway_pct":21.2,"pubs":16,"specialty":8,"chain_pct":10.6,"borough":"Camden"}},{"type":"Feature","geometry":{"type":"Polygon","coordinates":[[[-0.10588,51.55027],[-0.11259,51.54908],[-0.11382,51.54461],[-0.10833,51.54133],[-0.10162,51.54252],[-0.10039,51.54699],[-0.10588,51.55027]]]},"properties":{"id":"88195da6bbfffff","n":73,"five_pct":56.2,"low_pct":13.7,"awaiting":0,"awaiting_pct":0.0,"coffee":4,"takeaway_pct":13.7,"pubs":9,"specialty":0,"chain_pct":6.8,"borough":"Islington"}},{"type":"Feature","geometry":{"type":"Polygon","coordinates":[[[-0.14983,51.5297],[-0.15654,51.5285],[-0.15776,51.52403],[-0.15227,51.52075],[-0.14556,51.52194],[-0.14434,51.52642],[-0.14983,51.5297]]]},"properties":{"id":"88195da48bfffff","n":21,"five_pct":85.7,"low_pct":0.0,"awaiting":0,"awaiting_pct":0.0,"coffee":2,"takeaway_pct":9.5,"pubs":0,"specialty":1,"chain_pct":0.0,"borough":"Westminster"}},{"type":"Feature","geometry":{"type":"Polygon","coordinates":[[[-0.13763,51.52761],[-0.14434,51.52642],[-0.14556,51.52194],[-0.14007,51.51866],[-0.13336,51.51986],[-0.13214,51.52433],[-0.13763,51.52761]]]},"properties":{"id":"88195da4d7fffff","n":276,"five_pct":63.2,"low_pct":7.4,"awaiting":32,"awaiting_pct":11.6,"coffee":26,"takeaway_pct":16.7,"pubs":17,"specialty":5,"chain_pct":8.7,"borough":"Camden"}},{"type":"Feature","geometry":{"type":"Polygon","coordinates":[[[-0.13028,51.55445],[-0.13699,51.55326],[-0.13822,51.54879],[-0.13273,51.54551],[-0.12602,51.5467],[-0.12479,51.55117],[-0.13028,51.55445]]]},"properties":{"id":"88195da6b5fffff","n":22,"five_pct":47.4,"low_pct":15.8,"awaiting":3,"awaiting_pct":13.6,"coffee":2,"takeaway_pct":31.8,"pubs":3,"specialty":0,"chain_pct":0.0,"borough":"Camden"}},{"type":"Feature","geometry":{"type":"Polygon","coordinates":[[[-0.20961,51.49775],[-0.21632,51.49654],[-0.21754,51.49207],[-0.21205,51.48879],[-0.20534,51.48999],[-0.20412,51.49447],[-0.20961,51.49775]]]},"properties":{"id":"88194ada09fffff","n":55,"five_pct":66.7,"low_pct":5.6,"awaiting":1,"awaiting_pct":1.8,"coffee":1,"takeaway_pct":20.0,"pubs":6,"specialty":1,"chain_pct":3.6,"borough":"Hammersmith and Fulham"}},{"type":"Feature","geometry":{"type":"Polygon","coordinates":[[[-0.23402,51.5019],[-0.24073,51.5007],[-0.24195,51.49622],[-0.23646,51.49294],[-0.22975,51.49415],[-0.22853,51.49862],[-0.23402,51.5019]]]},"properties":{"id":"88194ada63fffff","n":37,"five_pct":75.0,"low_pct":3.1,"awaiting":5,"awaiting_pct":13.5,"coffee":1,"takeaway_pct":8.1,"pubs":7,"specialty":0,"chain_pct":0.0,"borough":"Hammersmith and Fulham"}},{"type":"Feature","geometry":{"type":"Polygon","coordinates":[[[-0.22672,51.52876],[-0.23343,51.52756],[-0.23465,51.52309],[-0.22915,51.51981],[-0.22244,51.52101],[-0.22122,51.52549],[-0.22672,51.52876]]]},"properties":{"id":"88195da591fffff","n":15,"five_pct":100.0,"low_pct":0.0,"awaiting":2,"awaiting_pct":13.3,"coffee":0,"takeaway_pct":33.3,"pubs":0,"specialty":0,"chain_pct":0.0,"borough":"Hammersmith and Fulham"}},{"type":"Feature","geometry":{"type":"Polygon","coordinates":[[[-0.21389,51.5055],[-0.2206,51.5043],[-0.22182,51.49982],[-0.21632,51.49654],[-0.20961,51.49775],[-0.2084,51.50222],[-0.21389,51.5055]]]},"properties":{"id":"88194ada47fffff","n":42,"five_pct":82.9,"low_pct":2.4,"awaiting":1,"awaiting_pct":2.4,"coffee":1,"takeaway_pct":14.3,"pubs":7,"specialty":0,"chain_pct":4.8,"borough":"Hammersmith and Fulham"}},{"type":"Feature","geometry":{"type":"Polygon","coordinates":[[[-0.25051,51.51173],[-0.25722,51.51053],[-0.25844,51.50605],[-0.25294,51.50277],[-0.24623,51.50398],[-0.24501,51.50845],[-0.25051,51.51173]]]},"properties":{"id":"88194ada65fffff","n":44,"five_pct":60.6,"low_pct":15.2,"awaiting":10,"awaiting_pct":22.7,"coffee":2,"takeaway_pct":27.3,"pubs":1,"specialty":0,"chain_pct":0.0,"borough":"Ealing"}},{"type":"Feature","geometry":{"type":"Polygon","coordinates":[[[-0.1968,51.47448],[-0.20351,51.47328],[-0.20472,51.4688],[-0.19924,51.46552],[-0.19253,51.46672],[-0.19131,51.4712],[-0.1968,51.47448]]]},"properties":{"id":"88194ada11fffff","n":31,"five_pct":70.0,"low_pct":0.0,"awaiting":1,"awaiting_pct":3.2,"coffee":0,"takeaway_pct":6.5,"pubs":3,"specialty":0,"chain_pct":0.0,"borough":"Hammersmith and Fulham"}},{"type":"Feature","geometry":{"type":"Polygon","coordinates":[[[-0.18887,51.48015],[-0.19558,51.47895],[-0.1968,51.47448],[-0.19131,51.4712],[-0.18461,51.4724],[-0.18339,51.47687],[-0.18887,51.48015]]]},"properties":{"id":"88194ada19fffff","n":37,"five_pct":82.4,"low_pct":0.0,"awaiting":3,"awaiting_pct":8.1,"coffee":1,"takeaway_pct":16.2,"pubs":6,"specialty":0,"chain_pct":2.7,"borough":"Hammersmith and Fulham"}},{"type":"Feature","geometry":{"type":"Polygon","coordinates":[[[-0.22975,51.49415],[-0.23646,51.49294],[-0.23767,51.48846],[-0.23218,51.48519],[-0.22547,51.48639],[-0.22425,51.49087],[-0.22975,51.49415]]]},"properties":{"id":"88194ada05fffff","n":59,"five_pct":96.4,"low_pct":0.0,"awaiting":2,"awaiting_pct":3.4,"coffee":1,"takeaway_pct":8.5,"pubs":13,"specialty":0,"chain_pct":5.1,"borough":"Hammersmith and Fulham"}},{"type":"Feature","geometry":{"type":"Polygon","coordinates":[[[-0.07469,51.59407],[-0.0814,51.59289],[-0.08263,51.58842],[-0.07714,51.58514],[-0.07043,51.58632],[-0.0692,51.59079],[-0.07469,51.59407]]]},"properties":{"id":"88194e6935fffff","n":23,"five_pct":81.0,"low_pct":0.0,"awaiting":1,"awaiting_pct":4.3,"coffee":1,"takeaway_pct":34.8,"pubs":1,"specialty":0,"chain_pct":4.3,"borough":"Haringey"}},{"type":"Feature","geometry":{"type":"Polygon","coordinates":[[[-0.11499,51.58694],[-0.1217,51.58575],[-0.12293,51.58128],[-0.11744,51.578],[-0.11072,51.57919],[-0.10949,51.58366],[-0.11499,51.58694]]]},"properties":{"id":"88195da6ebfffff","n":39,"five_pct":78.9,"low_pct":0.0,"awaiting":1,"awaiting_pct":2.6,"coffee":1,"takeaway_pct":33.3,"pubs":2,"specialty":0,"chain_pct":2.6,"borough":"Haringey"}},{"type":"Feature","geometry":{"type":"Polygon","coordinates":[[[-0.05879,51.60538],[-0.06551,51.6042],[-0.06674,51.59973],[-0.06125,51.59645],[-0.05454,51.59763],[-0.0533,51.6021],[-0.05879,51.60538]]]},"properties":{"id":"88194e6907fffff","n":12,"five_pct":72.7,"low_pct":0.0,"awaiting":0,"awaiting_pct":0.0,"coffee":0,"takeaway_pct":25.0,"pubs":1,"specialty":0,"chain_pct":8.3,"borough":"Haringey"}},{"type":"Feature","geometry":{"type":"Polygon","coordinates":[[[-0.13573,51.60453],[-0.14245,51.60334],[-0.14367,51.59887],[-0.13818,51.59559],[-0.13146,51.59678],[-0.13023,51.60126],[-0.13573,51.60453]]]},"properties":{"id":"88195da63bfffff","n":12,"five_pct":80.0,"low_pct":0.0,"awaiting":2,"awaiting_pct":16.7,"coffee":0,"takeaway_pct":33.3,"pubs":3,"specialty":0,"chain_pct":0.0,"borough":"Haringey"}},{"type":"Feature","geometry":{"type":"Polygon","coordinates":[[[-0.12719,51.58903],[-0.13391,51.58784],[-0.13514,51.58337],[-0.12965,51.58009],[-0.12293,51.58128],[-0.1217,51.58575],[-0.12719,51.58903]]]},"properties":{"id":"88195da6e1fffff","n":24,"five_pct":83.3,"low_pct":0.0,"awaiting":0,"awaiting_pct":0.0,"coffee":0,"takeaway_pct":16.7,"pubs":3,"specialty":0,"chain_pct":0.0,"borough":"Haringey"}},{"type":"Feature","geometry":{"type":"Polygon","coordinates":[[[-0.12778,51.61019],[-0.1345,51.60901],[-0.13573,51.60453],[-0.13023,51.60126],[-0.12351,51.60245],[-0.12229,51.60692],[-0.12778,51.61019]]]},"properties":{"id":"88195da615fffff","n":14,"five_pct":78.6,"low_pct":0.0,"awaiting":0,"awaiting_pct":0.0,"coffee":1,"takeaway_pct":35.7,"pubs":2,"specialty":0,"chain_pct":0.0,"borough":"Haringey"}},{"type":"Feature","geometry":{"type":"Polygon","coordinates":[[[-0.071,51.60748],[-0.07771,51.60629],[-0.07894,51.60182],[-0.07346,51.59854],[-0.06674,51.59973],[-0.06551,51.6042],[-0.071,51.60748]]]},"properties":{"id":"88194e692bfffff","n":39,"five_pct":63.2,"low_pct":5.3,"awaiting":0,"awaiting_pct":0.0,"coffee":0,"takeaway_pct":23.1,"pubs":5,"specialty":0,"chain_pct":0.0,"borough":"Haringey"}},{"type":"Feature","geometry":{"type":"Polygon","coordinates":[[[-0.0832,51.60957],[-0.08992,51.60839],[-0.09115,51.60392],[-0.08566,51.60064],[-0.07894,51.60182],[-0.07771,51.60629],[-0.0832,51.60957]]]},"properties":{"id":"88194e6921fffff","n":6,"five_pct":50.0,"low_pct":0.0,"awaiting":0,"awaiting_pct":0.0,"coffee":0,"takeaway_pct":50.0,"pubs":0,"specialty":0,"chain_pct":0.0,"borough":"Haringey"}},{"type":"Feature","geometry":{"type":"Polygon","coordinates":[[[-0.09852,51.5771],[-0.10523,51.57591],[-0.10646,51.57144],[-0.10097,51.56816],[-0.09426,51.56935],[-0.09303,51.57382],[-0.09852,51.5771]]]},"properties":{"id":"88195da689fffff","n":17,"five_pct":75.0,"low_pct":0.0,"awaiting":0,"awaiting_pct":0.0,"coffee":1,"takeaway_pct":11.8,"pubs":1,"specialty":0,"chain_pct":0.0,"borough":"Hackney"}},{"type":"Feature","geometry":{"type":"Polygon","coordinates":[[[-0.11866,51.57353],[-0.12538,51.57234],[-0.1266,51.56787],[-0.12112,51.56459],[-0.1144,51.56578],[-0.11317,51.57025],[-0.11866,51.57353]]]},"properties":{"id":"88195da685fffff","n":47,"five_pct":43.2,"low_pct":5.4,"awaiting":10,"awaiting_pct":21.3,"coffee":1,"takeaway_pct":12.8,"pubs":5,"specialty":0,"chain_pct":0.0,"borough":"Islington"}},{"type":"Feature","geometry":{"type":"Polygon","coordinates":[[[-0.10336,51.60601],[-0.11008,51.60482],[-0.1113,51.60035],[-0.10581,51.59707],[-0.0991,51.59826],[-0.09787,51.60273],[-0.10336,51.60601]]]},"properties":{"id":"88195da61bfffff","n":13,"five_pct":76.9,"low_pct":0.0,"awaiting":0,"awaiting_pct":0.0,"coffee":0,"takeaway_pct":30.8,"pubs":1,"specialty":0,"chain_pct":0.0,"borough":"Haringey"}},{"type":"Feature","geometry":{"type":"Polygon","coordinates":[[[-0.15162,51.59321],[-0.15834,51.59202],[-0.15956,51.58755],[-0.15407,51.58427],[-0.14735,51.58546],[-0.14612,51.58993],[-0.15162,51.59321]]]},"properties":{"id":"88195da459fffff","n":6,"five_pct":50.0,"low_pct":16.7,"awaiting":0,"awaiting_pct":0.0,"coffee":0,"takeaway_pct":0.0,"pubs":1,"specialty":0,"chain_pct":0.0,"borough":"Haringey"}},{"type":"Feature","geometry":{"type":"Polygon","coordinates":[[[-0.07837,51.58067],[-0.08509,51.57948],[-0.08632,51.57501],[-0.08083,51.57173],[-0.07412,51.57291],[-0.07289,51.57738],[-0.07837,51.58067]]]},"properties":{"id":"88195da6ddfffff","n":13,"five_pct":58.3,"low_pct":8.3,"awaiting":1,"awaiting_pct":7.7,"coffee":0,"takeaway_pct":0.0,"pubs":0,"specialty":0,"chain_pct":0.0,"borough":"Haringey"}},{"type":"Feature","geometry":{"type":"Polygon","coordinates":[[[-0.04659,51.60329],[-0.0533,51.6021],[-0.05454,51.59763],[-0.04905,51.59435],[-0.04234,51.59554],[-0.0411,51.6],[-0.04659,51.60329]]]},"properties":{"id":"88194e6903fffff","n":5,"five_pct":100.0,"low_pct":0.0,"awaiting":0,"awaiting_pct":0.0,"coffee":0,"takeaway_pct":20.0,"pubs":0,"specialty":0,"chain_pct":0.0,"borough":"Haringey"}},{"type":"Feature","geometry":{"type":"Polygon","coordinates":[[[-0.12351,51.60245],[-0.13023,51.60126],[-0.13146,51.59678],[-0.12597,51.5935],[-0.11925,51.59469],[-0.11802,51.59916],[-0.12351,51.60245]]]},"properties":{"id":"88195da617fffff","n":9,"five_pct":77.8,"low_pct":0.0,"awaiting":0,"awaiting_pct":0.0,"coffee":0,"takeaway_pct":22.2,"pubs":2,"specialty":0,"chain_pct":0.0,"borough":"Haringey"}},{"type":"Feature","geometry":{"type":"Polygon","coordinates":[[[-0.33804,51.5898],[-0.34476,51.58859],[-0.34597,51.58411],[-0.34046,51.58084],[-0.33374,51.58204],[-0.33253,51.58652],[-0.33804,51.5898]]]},"properties":{"id":"88195dae13fffff","n":48,"five_pct":67.4,"low_pct":6.5,"awaiting":2,"awaiting_pct":4.2,"coffee":2,"takeaway_pct":16.7,"pubs":2,"specialty":0,"chain_pct":12.5,"borough":"Harrow"}},{"type":"Feature","geometry":{"type":"Polygon","coordinates":[[[0.20449,51.58788],[0.19778,51.58671],[0.19653,51.58225],[0.20199,51.57896],[0.20869,51.58013],[0.20994,51.58459],[0.20449,51.58788]]]},"properties":{"id":"88194e61c5fffff","n":26,"five_pct":61.5,"low_pct":3.8,"awaiting":0,"awaiting_pct":0.0,"coffee":1,"takeaway_pct":26.9,"pubs":4,"specialty":0,"chain_pct":3.8,"borough":"Havering"}},{"type":"Feature","geometry":{"type":"Polygon","coordinates":[[[0.22835,51.60477],[0.22165,51.6036],[0.2204,51.59914],[0.22585,51.59585],[0.23256,51.59702],[0.23381,51.60148],[0.22835,51.60477]]]},"properties":{"id":"88194e6021fffff","n":11,"five_pct":36.4,"low_pct":9.1,"awaiting":0,"awaiting_pct":0.0,"coffee":0,"takeaway_pct":18.2,"pubs":0,"specialty":0,"chain_pct":0.0,"borough":"Havering"}},{"type":"Feature","geometry":{"type":"Polygon","coordinates":[[[0.20541,51.54561],[0.19871,51.54443],[0.19747,51.53997],[0.20292,51.53668],[0.20962,51.53785],[0.21087,51.54231],[0.20541,51.54561]]]},"properties":{"id":"88194e61bbfffff","n":5,"five_pct":60.0,"low_pct":0.0,"awaiting":0,"awaiting_pct":0.0,"coffee":1,"takeaway_pct":20.0,"pubs":1,"specialty":0,"chain_pct":0.0,"borough":"Havering"}},{"type":"Feature","geometry":{"type":"Polygon","coordinates":[[[0.22131,51.55687],[0.21461,51.5557],[0.21336,51.55124],[0.21881,51.54795],[0.22551,51.54912],[0.22676,51.55358],[0.22131,51.55687]]]},"properties":{"id":"88194e619dfffff","n":8,"five_pct":75.0,"low_pct":0.0,"awaiting":0,"awaiting_pct":0.0,"coffee":0,"takeaway_pct":25.0,"pubs":1,"specialty":0,"chain_pct":0.0,"borough":"Havering"}},{"type":"Feature","geometry":{"type":"Polygon","coordinates":[[[0.18952,51.53433],[0.18282,51.53316],[0.18158,51.5287],[0.18703,51.52541],[0.19373,51.52658],[0.19497,51.53104],[0.18952,51.53433]]]},"properties":{"id":"88194e6f59fffff","n":12,"five_pct":63.6,"low_pct":9.1,"awaiting":0,"awaiting_pct":0.0,"coffee":0,"takeaway_pct":33.3,"pubs":0,"specialty":0,"chain_pct":0.0,"borough":"Havering"}},{"type":"Feature","geometry":{"type":"Polygon","coordinates":[[[0.22415,51.61252],[0.21744,51.61135],[0.21619,51.60689],[0.22165,51.6036],[0.22835,51.60477],[0.2296,51.60923],[0.22415,51.61252]]]},"properties":{"id":"88194e602dfffff","n":13,"five_pct":72.7,"low_pct":0.0,"awaiting":0,"awaiting_pct":0.0,"coffee":0,"takeaway_pct":30.8,"pubs":0,"specialty":0,"chain_pct":0.0,"borough":"Havering"}},{"type":"Feature","geometry":{"type":"Polygon","coordinates":[[[0.1722,51.58649],[0.1655,51.58532],[0.16425,51.58085],[0.16971,51.57756],[0.17642,51.57874],[0.17766,51.5832],[0.1722,51.58649]]]},"properties":{"id":"88194e61e5fffff","n":15,"five_pct":66.7,"low_pct":0.0,"awaiting":2,"awaiting_pct":13.3,"coffee":1,"takeaway_pct":33.3,"pubs":1,"specialty":0,"chain_pct":6.7,"borough":"Havering"}},{"type":"Feature","geometry":{"type":"Polygon","coordinates":[[[0.19373,51.52658],[0.18703,51.52541],[0.18578,51.52094],[0.19124,51.51765],[0.19793,51.51882],[0.19918,51.52329],[0.19373,51.52658]]]},"properties":{"id":"88194e6f5bfffff","n":21,"five_pct":60.0,"low_pct":5.0,"awaiting":1,"awaiting_pct":4.8,"coffee":0,"takeaway_pct":28.6,"pubs":3,"specialty":0,"chain_pct":4.8,"borough":"Havering"}},{"type":"Feature","geometry":{"type":"Polygon","coordinates":[[[0.20588,51.52446],[0.19918,51.52329],[0.19793,51.51882],[0.20338,51.51553],[0.21008,51.51671],[0.21133,51.52117],[0.20588,51.52446]]]},"properties":{"id":"88194e6e67fffff","n":6,"five_pct":60.0,"low_pct":0.0,"awaiting":1,"awaiting_pct":16.7,"coffee":0,"takeaway_pct":66.7,"pubs":0,"specialty":0,"chain_pct":0.0,"borough":"Havering"}},{"type":"Feature","geometry":{"type":"Polygon","coordinates":[[[0.19326,51.54772],[0.18656,51.54655],[0.18531,51.54209],[0.19077,51.5388],[0.19747,51.53997],[0.19871,51.54443],[0.19326,51.54772]]]},"properties":{"id":"88194e61b1fffff","n":8,"five_pct":14.3,"low_pct":14.3,"awaiting":0,"awaiting_pct":0.0,"coffee":0,"takeaway_pct":37.5,"pubs":1,"specialty":0,"chain_pct":0.0,"borough":"Havering"}},{"type":"Feature","geometry":{"type":"Polygon","coordinates":[[[0.23721,51.56813],[0.23051,51.56697],[0.22926,51.5625],[0.23471,51.55921],[0.24141,51.56038],[0.24266,51.56484],[0.23721,51.56813]]]},"properties":{"id":"88194e61d1fffff","n":5,"five_pct":null,"low_pct":null,"awaiting":0,"awaiting_pct":0.0,"coffee":0,"takeaway_pct":60.0,"pubs":0,"specialty":0,"chain_pct":0.0,"borough":"Havering"}},{"type":"Feature","geometry":{"type":"Polygon","coordinates":[[[-0.45195,51.47548],[-0.45867,51.47427],[-0.45987,51.46978],[-0.45435,51.46651],[-0.44764,51.46773],[-0.44644,51.47221],[-0.45195,51.47548]]]},"properties":{"id":"88195d3607fffff","n":46,"five_pct":78.3,"low_pct":2.2,"awaiting":0,"awaiting_pct":0.0,"coffee":9,"takeaway_pct":4.3,"pubs":5,"specialty":0,"chain_pct":28.3,"borough":"Hillingdon"}},{"type":"Feature","geometry":{"type":"Polygon","coordinates":[[[-0.40288,51.58669],[-0.40961,51.58549],[-0.41082,51.58101],[-0.4053,51.57773],[-0.39857,51.57894],[-0.39737,51.58342],[-0.40288,51.58669]]]},"properties":{"id":"88195dac43fffff","n":27,"five_pct":53.8,"low_pct":7.7,"awaiting":1,"awaiting_pct":3.7,"coffee":0,"takeaway_pct":48.1,"pubs":2,"specialty":0,"chain_pct":0.0,"borough":"Hillingdon"}},{"type":"Feature","geometry":{"type":"Polygon","coordinates":[[[-0.43611,51.48688],[-0.44283,51.48567],[-0.44403,51.48118],[-0.43852,51.47791],[-0.4318,51.47913],[-0.4306,51.48361],[-0.43611,51.48688]]]},"properties":{"id":"88195d3609fffff","n":9,"five_pct":77.8,"low_pct":0.0,"awaiting":0,"awaiting_pct":0.0,"coffee":0,"takeaway_pct":11.1,"pubs":1,"specialty":0,"chain_pct":11.1,"borough":"Hillingdon"}},{"type":"Feature","geometry":{"type":"Polygon","coordinates":[[[-0.48865,51.48164],[-0.49537,51.48043],[-0.49657,51.47594],[-0.49105,51.47267],[-0.48433,51.47389],[-0.48313,51.47837],[-0.48865,51.48164]]]},"properties":{"id":"88195d3625fffff","n":30,"five_pct":86.7,"low_pct":3.3,"awaiting":0,"awaiting_pct":0.0,"coffee":2,"takeaway_pct":0.0,"pubs":4,"specialty":0,"chain_pct":33.3,"borough":"Hillingdon"}},{"type":"Feature","geometry":{"type":"Polygon","coordinates":[[[-0.40358,51.60788],[-0.41031,51.60667],[-0.41152,51.60219],[-0.40599,51.59892],[-0.39926,51.60013],[-0.39806,51.60461],[-0.40358,51.60788]]]},"properties":{"id":"88195dae27fffff","n":24,"five_pct":41.7,"low_pct":0.0,"awaiting":0,"awaiting_pct":0.0,"coffee":2,"takeaway_pct":33.3,"pubs":1,"specialty":0,"chain_pct":8.3,"borough":"Hillingdon"}},{"type":"Feature","geometry":{"type":"Polygon","coordinates":[[[-0.4829,51.55097],[-0.48963,51.54975],[-0.49083,51.54527],[-0.4853,51.542],[-0.47858,51.54322],[-0.47737,51.5477],[-0.4829,51.55097]]]},"properties":{"id":"88195dadebfffff","n":76,"five_pct":65.8,"low_pct":6.8,"awaiting":3,"awaiting_pct":3.9,"coffee":6,"takeaway_pct":15.8,"pubs":10,"specialty":1,"chain_pct":10.5,"borough":"Hillingdon"}},{"type":"Feature","geometry":{"type":"Polygon","coordinates":[[[-0.47497,51.55666],[-0.4817,51.55545],[-0.4829,51.55097],[-0.47737,51.5477],[-0.47065,51.54891],[-0.46945,51.5534],[-0.47497,51.55666]]]},"properties":{"id":"88195dadc5fffff","n":6,"five_pct":66.7,"low_pct":16.7,"awaiting":0,"awaiting_pct":0.0,"coffee":0,"takeaway_pct":0.0,"pubs":2,"specialty":0,"chain_pct":0.0,"borough":"Hillingdon"}},{"type":"Feature","geometry":{"type":"Polygon","coordinates":[[[-0.47353,51.51426],[-0.48026,51.51304],[-0.48146,51.50856],[-0.47593,51.50529],[-0.46921,51.5065],[-0.46801,51.51099],[-0.47353,51.51426]]]},"properties":{"id":"88195dadbbfffff","n":38,"five_pct":48.5,"low_pct":12.1,"awaiting":5,"awaiting_pct":13.2,"coffee":1,"takeaway_pct":34.2,"pubs":1,"specialty":0,"chain_pct":7.9,"borough":"Hillingdon"}},{"type":"Feature","geometry":{"type":"Polygon","coordinates":[[[-0.38065,51.52674],[-0.38737,51.52553],[-0.38858,51.52105],[-0.38306,51.51778],[-0.37635,51.51899],[-0.37514,51.52347],[-0.38065,51.52674]]]},"properties":{"id":"88195dac89fffff","n":9,"five_pct":62.5,"low_pct":12.5,"awaiting":1,"awaiting_pct":11.1,"coffee":1,"takeaway_pct":44.4,"pubs":0,"specialty":0,"chain_pct":22.2,"borough":"Hillingdon"}},{"type":"Feature","geometry":{"type":"Polygon","coordinates":[[[-0.44686,51.566],[-0.45359,51.56478],[-0.45479,51.5603],[-0.44927,51.55703],[-0.44255,51.55824],[-0.44134,51.56273],[-0.44686,51.566]]]},"properties":{"id":"88195dac23fffff","n":19,"five_pct":40.0,"low_pct":6.7,"awaiting":3,"awaiting_pct":15.8,"coffee":1,"takeaway_pct":15.8,"pubs":3,"specialty":0,"chain_pct":5.3,"borough":"Hillingdon"}},{"type":"Feature","geometry":{"type":"Polygon","coordinates":[[[-0.41304,51.52517],[-0.41977,51.52396],[-0.42097,51.51948],[-0.41546,51.51621],[-0.40874,51.51742],[-0.40753,51.5219],[-0.41304,51.52517]]]},"properties":{"id":"88195daca9fffff","n":35,"five_pct":37.5,"low_pct":9.4,"awaiting":3,"awaiting_pct":8.6,"coffee":0,"takeaway_pct":45.7,"pubs":0,"specialty":0,"chain_pct":2.9,"borough":"Hillingdon"}},{"type":"Feature","geometry":{"type":"Polygon","coordinates":[[[-0.41082,51.58101],[-0.41755,51.5798],[-0.41875,51.57532],[-0.41323,51.57205],[-0.40651,51.57326],[-0.4053,51.57773],[-0.41082,51.58101]]]},"properties":{"id":"88195dac09fffff","n":20,"five_pct":38.9,"low_pct":5.6,"awaiting":1,"awaiting_pct":5.0,"coffee":1,"takeaway_pct":40.0,"pubs":2,"specialty":0,"chain_pct":5.0,"borough":"Hillingdon"}},{"type":"Feature","geometry":{"type":"Polygon","coordinates":[[[-0.43893,51.57169],[-0.44566,51.57048],[-0.44686,51.566],[-0.44134,51.56273],[-0.43461,51.56394],[-0.43341,51.56842],[-0.43893,51.57169]]]},"properties":{"id":"88195dac2bfffff","n":11,"five_pct":45.5,"low_pct":18.2,"awaiting":0,"awaiting_pct":0.0,"coffee":0,"takeaway_pct":27.3,"pubs":2,"specialty":0,"chain_pct":9.1,"borough":"Hillingdon"}},{"type":"Feature","geometry":{"type":"Polygon","coordinates":[[[-0.38995,51.56344],[-0.39667,51.56223],[-0.39788,51.55775],[-0.39237,51.55448],[-0.38564,51.55569],[-0.38443,51.56017],[-0.38995,51.56344]]]},"properties":{"id":"88195dac19fffff","n":8,"five_pct":62.5,"low_pct":0.0,"awaiting":0,"awaiting_pct":0.0,"coffee":0,"takeaway_pct":37.5,"pubs":1,"specialty":0,"chain_pct":0.0,"borough":"Hillingdon"}},{"type":"Feature","geometry":{"type":"Polygon","coordinates":[[[-0.43752,51.52929],[-0.44424,51.52808],[-0.44545,51.5236],[-0.43993,51.52033],[-0.43321,51.52154],[-0.432,51.52602],[-0.43752,51.52929]]]},"properties":{"id":"88195dadd3fffff","n":13,"five_pct":27.3,"low_pct":18.2,"awaiting":2,"awaiting_pct":15.4,"coffee":0,"takeaway_pct":38.5,"pubs":1,"specialty":0,"chain_pct":0.0,"borough":"Hillingdon"}},{"type":"Feature","geometry":{"type":"Polygon","coordinates":[[[-0.45047,51.55255],[-0.4572,51.55134],[-0.4584,51.54686],[-0.45288,51.54359],[-0.44616,51.5448],[-0.44495,51.54928],[-0.45047,51.55255]]]},"properties":{"id":"88195dadcbfffff","n":8,"five_pct":37.5,"low_pct":0.0,"awaiting":0,"awaiting_pct":0.0,"coffee":0,"takeaway_pct":12.5,"pubs":1,"specialty":0,"chain_pct":0.0,"borough":"Hillingdon"}},{"type":"Feature","geometry":{"type":"Polygon","coordinates":[[[-0.48074,51.6068],[-0.48747,51.60559],[-0.48867,51.60111],[-0.48314,51.59784],[-0.47641,51.59905],[-0.47521,51.60354],[-0.48074,51.6068]]]},"properties":{"id":"88195dad4bfffff","n":13,"five_pct":50.0,"low_pct":0.0,"awaiting":0,"awaiting_pct":0.0,"coffee":1,"takeaway_pct":23.1,"pubs":4,"specialty":0,"chain_pct":0.0,"borough":"Hillingdon"}},{"type":"Feature","geometry":{"type":"Polygon","coordinates":[[[-0.41444,51.56757],[-0.42116,51.56636],[-0.42237,51.56188],[-0.41685,51.55861],[-0.41012,51.55982],[-0.40892,51.5643],[-0.41444,51.56757]]]},"properties":{"id":"88195dac03fffff","n":7,"five_pct":57.1,"low_pct":14.3,"awaiting":0,"awaiting_pct":0.0,"coffee":0,"takeaway_pct":28.6,"pubs":1,"specialty":0,"chain_pct":0.0,"borough":"Hillingdon"}},{"type":"Feature","geometry":{"type":"Polygon","coordinates":[[[-0.47785,51.52201],[-0.48458,51.5208],[-0.48578,51.51631],[-0.48026,51.51304],[-0.47353,51.51426],[-0.47233,51.51874],[-0.47785,51.52201]]]},"properties":{"id":"88195dadb9fffff","n":6,"five_pct":60.0,"low_pct":0.0,"awaiting":0,"awaiting_pct":0.0,"coffee":1,"takeaway_pct":16.7,"pubs":1,"specialty":0,"chain_pct":16.7,"borough":"Hillingdon"}},{"type":"Feature","geometry":{"type":"Polygon","coordinates":[[[-0.39426,51.57119],[-0.40099,51.56998],[-0.40219,51.5655],[-0.39667,51.56223],[-0.38995,51.56344],[-0.38874,51.56792],[-0.39426,51.57119]]]},"properties":{"id":"88195dac57fffff","n":5,"five_pct":null,"low_pct":null,"awaiting":1,"awaiting_pct":20.0,"coffee":0,"takeaway_pct":100.0,"pubs":0,"specialty":0,"chain_pct":0.0,"borough":"Hillingdon"}},{"type":"Feature","geometry":{"type":"Polygon","coordinates":[[[-0.41457,51.4481],[-0.42128,51.44689],[-0.42249,51.4424],[-0.41698,51.43913],[-0.41027,51.44034],[-0.40906,51.44483],[-0.41457,51.4481]]]},"properties":{"id":"88195d36c5fffff","n":28,"five_pct":66.7,"low_pct":0.0,"awaiting":1,"awaiting_pct":3.6,"coffee":0,"takeaway_pct":46.4,"pubs":2,"specialty":0,"chain_pct":10.7,"borough":"Hounslow"}},{"type":"Feature","geometry":{"type":"Polygon","coordinates":[[[-0.39581,51.49416],[-0.40253,51.49295],[-0.40374,51.48846],[-0.39822,51.48519],[-0.39151,51.4864],[-0.3903,51.49088],[-0.39581,51.49416]]]},"properties":{"id":"88195dacb3fffff","n":8,"five_pct":100.0,"low_pct":0.0,"awaiting":0,"awaiting_pct":0.0,"coffee":1,"takeaway_pct":25.0,"pubs":0,"specialty":0,"chain_pct":37.5,"borough":"Hounslow"}},{"type":"Feature","geometry":{"type":"Polygon","coordinates":[[[-0.3182,51.47402],[-0.32491,51.47281],[-0.32612,51.46833],[-0.32062,51.46505],[-0.31391,51.46626],[-0.3127,51.47074],[-0.3182,51.47402]]]},"properties":{"id":"88194ad959fffff","n":14,"five_pct":72.7,"low_pct":0.0,"awaiting":3,"awaiting_pct":21.4,"coffee":1,"takeaway_pct":21.4,"pubs":3,"specialty":0,"chain_pct":0.0,"borough":"Hounslow"}},{"type":"Feature","geometry":{"type":"Polygon","coordinates":[[[-0.32249,51.48177],[-0.3292,51.48056],[-0.33041,51.47608],[-0.32491,51.47281],[-0.3182,51.47402],[-0.31699,51.4785],[-0.32249,51.48177]]]},"properties":{"id":"88194adb37fffff","n":9,"five_pct":75.0,"low_pct":0.0,"awaiting":1,"awaiting_pct":11.1,"coffee":1,"takeaway_pct":22.2,"pubs":0,"specialty":0,"chain_pct":11.1,"borough":"Hounslow"}},{"type":"Feature","geometry":{"type":"Polygon","coordinates":[[[-0.40666,51.4538],[-0.41337,51.45259],[-0.41457,51.4481],[-0.40906,51.44483],[-0.40235,51.44604],[-0.40115,51.45053],[-0.40666,51.4538]]]},"properties":{"id":"88195d36cdfffff","n":26,"five_pct":66.7,"low_pct":0.0,"awaiting":5,"awaiting_pct":19.2,"coffee":1,"takeaway_pct":26.9,"pubs":2,"specialty":0,"chain_pct":15.4,"borough":"Hounslow"}},{"type":"Feature","geometry":{"type":"Polygon","coordinates":[[[-0.37928,51.48434],[-0.386,51.48313],[-0.38721,51.47865],[-0.3817,51.47537],[-0.37498,51.47659],[-0.37378,51.48107],[-0.37928,51.48434]]]},"properties":{"id":"88194ad961fffff","n":5,"five_pct":60.0,"low_pct":0.0,"awaiting":0,"awaiting_pct":0.0,"coffee":0,"takeaway_pct":60.0,"pubs":0,"specialty":0,"chain_pct":0.0,"borough":"Hounslow"}},{"type":"Feature","geometry":{"type":"Polygon","coordinates":[[[-0.26208,51.49262],[-0.2688,51.49141],[-0.27001,51.48693],[-0.26451,51.48366],[-0.2578,51.48486],[-0.25659,51.48934],[-0.26208,51.49262]]]},"properties":{"id":"88194ada25fffff","n":9,"five_pct":100.0,"low_pct":0.0,"awaiting":1,"awaiting_pct":11.1,"coffee":0,"takeaway_pct":22.2,"pubs":1,"specialty":0,"chain_pct":11.1,"borough":"Hounslow"}},{"type":"Feature","geometry":{"type":"Polygon","coordinates":[[[-0.33041,51.47608],[-0.33712,51.47487],[-0.33833,51.47039],[-0.33283,51.46712],[-0.32612,51.46833],[-0.32491,51.47281],[-0.33041,51.47608]]]},"properties":{"id":"88194ad95dfffff","n":14,"five_pct":45.5,"low_pct":18.2,"awaiting":3,"awaiting_pct":21.4,"coffee":0,"takeaway_pct":28.6,"pubs":1,"specialty":0,"chain_pct":0.0,"borough":"Hounslow"}},{"type":"Feature","geometry":{"type":"Polygon","coordinates":[[[-0.31886,51.49522],[-0.32557,51.49401],[-0.32678,51.48953],[-0.32128,51.48625],[-0.31457,51.48746],[-0.31336,51.49194],[-0.31886,51.49522]]]},"properties":{"id":"88194adb3dfffff","n":7,"five_pct":85.7,"low_pct":14.3,"awaiting":0,"awaiting_pct":0.0,"coffee":0,"takeaway_pct":28.6,"pubs":0,"specialty":0,"chain_pct":0.0,"borough":"Hounslow"}},{"type":"Feature","geometry":{"type":"Polygon","coordinates":[[[-0.42249,51.4424],[-0.4292,51.44119],[-0.4304,51.4367],[-0.42489,51.43343],[-0.41818,51.43464],[-0.41698,51.43913],[-0.42249,51.4424]]]},"properties":{"id":"88195d36ebfffff","n":6,"five_pct":80.0,"low_pct":0.0,"awaiting":1,"awaiting_pct":16.7,"coffee":0,"takeaway_pct":50.0,"pubs":1,"specialty":0,"chain_pct":0.0,"borough":"Hounslow"}},{"type":"Feature","geometry":{"type":"Polygon","coordinates":[[[-0.39513,51.47295],[-0.40184,51.47174],[-0.40304,51.46726],[-0.39754,51.46398],[-0.39082,51.4652],[-0.38962,51.46968],[-0.39513,51.47295]]]},"properties":{"id":"88194ad92dfffff","n":5,"five_pct":80.0,"low_pct":0.0,"awaiting":0,"awaiting_pct":0.0,"coffee":0,"takeaway_pct":40.0,"pubs":0,"specialty":0,"chain_pct":0.0,"borough":"Hounslow"}},{"type":"Feature","geometry":{"type":"Polygon","coordinates":[[[-0.3829,51.47089],[-0.38962,51.46968],[-0.39082,51.4652],[-0.38532,51.46192],[-0.3786,51.46313],[-0.3774,51.46762],[-0.3829,51.47089]]]},"properties":{"id":"88194ad929fffff","n":15,"five_pct":38.5,"low_pct":0.0,"awaiting":2,"awaiting_pct":13.3,"coffee":0,"takeaway_pct":6.7,"pubs":1,"specialty":0,"chain_pct":0.0,"borough":"Hounslow"}},{"type":"Feature","geometry":{"type":"Polygon","coordinates":[[[-0.37136,51.49003],[-0.37808,51.48882],[-0.37928,51.48434],[-0.37378,51.48107],[-0.36706,51.48228],[-0.36586,51.48676],[-0.37136,51.49003]]]},"properties":{"id":"88194ad969fffff","n":15,"five_pct":80.0,"low_pct":6.7,"awaiting":0,"awaiting_pct":0.0,"coffee":0,"takeaway_pct":33.3,"pubs":3,"specialty":0,"chain_pct":6.7,"borough":"Hounslow"}},{"type":"Feature","geometry":{"type":"Polygon","coordinates":[[[-0.3017,51.46419],[-0.30841,51.46298],[-0.30962,51.4585],[-0.30412,51.45523],[-0.29741,51.45643],[-0.2962,51.46091],[-0.3017,51.46419]]]},"properties":{"id":"88194ad867fffff","n":125,"five_pct":87.2,"low_pct":1.6,"awaiting":0,"awaiting_pct":0.0,"coffee":8,"takeaway_pct":1.6,"pubs":14,"specialty":2,"chain_pct":9.6,"borough":"Richmond-Upon-Thames"}},{"type":"Feature","geometry":{"type":"Polygon","coordinates":[[[-0.339,51.49159],[-0.34571,51.49039],[-0.34692,51.48591],[-0.34142,51.48263],[-0.3347,51.48384],[-0.33349,51.48832],[-0.339,51.49159]]]},"properties":{"id":"88194ad949fffff","n":11,"five_pct":81.8,"low_pct":0.0,"awaiting":0,"awaiting_pct":0.0,"coffee":0,"takeaway_pct":18.2,"pubs":3,"specialty":0,"chain_pct":0.0,"borough":"Hounslow"}},{"type":"Feature","geometry":{"type":"Polygon","coordinates":[[[-0.36639,51.46107],[-0.3731,51.45986],[-0.3743,51.45538],[-0.3688,51.4521],[-0.36209,51.45332],[-0.36088,51.4578],[-0.36639,51.46107]]]},"properties":{"id":"88194ad907fffff","n":6,"five_pct":0.0,"low_pct":0.0,"awaiting":1,"awaiting_pct":16.7,"coffee":0,"takeaway_pct":16.7,"pubs":1,"specialty":0,"chain_pct":0.0,"borough":"Hounslow"}},{"type":"Feature","geometry":{"type":"Polygon","coordinates":[[[-0.27001,51.48693],[-0.27672,51.48573],[-0.27793,51.48125],[-0.27244,51.47797],[-0.26573,51.47918],[-0.26451,51.48366],[-0.27001,51.48693]]]},"properties":{"id":"88194adb1bfffff","n":5,"five_pct":null,"low_pct":null,"awaiting":2,"awaiting_pct":40.0,"coffee":0,"takeaway_pct":20.0,"pubs":0,"specialty":0,"chain_pct":0.0,"borough":"Hounslow"}},{"type":"Feature","geometry":{"type":"Polygon","coordinates":[[[-0.24195,51.49622],[-0.24866,51.49502],[-0.24988,51.49054],[-0.24438,51.48726],[-0.23767,51.48846],[-0.23646,51.49294],[-0.24195,51.49622]]]},"properties":{"id":"88194ada29fffff","n":45,"five_pct":73.8,"low_pct":2.4,"awaiting":3,"awaiting_pct":6.7,"coffee":4,"takeaway_pct":15.6,"pubs":5,"specialty":0,"chain_pct":2.2,"borough":"Hammersmith and Fulham"}},{"type":"Feature","geometry":{"type":"Polygon","coordinates":[[[-0.10956,51.53686],[-0.11627,51.53566],[-0.11749,51.53119],[-0.11201,51.52791],[-0.1053,51.5291],[-0.10407,51.53357],[-0.10956,51.53686]]]},"properties":{"id":"88194ad365fffff","n":116,"five_pct":65.7,"low_pct":3.8,"awaiting":11,"awaiting_pct":9.5,"coffee":6,"takeaway_pct":12.1,"pubs":20,"specialty":0,"chain_pct":7.8,"borough":"Islington"}},{"type":"Feature","geometry":{"type":"Polygon","coordinates":[[[-0.09736,51.53477],[-0.10407,51.53357],[-0.1053,51.5291],[-0.09982,51.52582],[-0.09311,51.52701],[-0.09188,51.53148],[-0.09736,51.53477]]]},"properties":{"id":"88194ad361fffff","n":62,"five_pct":65.6,"low_pct":4.9,"awaiting":1,"awaiting_pct":1.6,"coffee":2,"takeaway_pct":8.1,"pubs":7,"specialty":0,"chain_pct":1.6,"borough":"Islington"}},{"type":"Feature","geometry":{"type":"Polygon","coordinates":[[[-0.08092,51.52492],[-0.08762,51.52373],[-0.08885,51.51926],[-0.08337,51.51597],[-0.07666,51.51716],[-0.07544,51.52164],[-0.08092,51.52492]]]},"properties":{"id":"88194ad30dfffff","n":391,"five_pct":88.2,"low_pct":1.9,"awaiting":25,"awaiting_pct":6.4,"coffee":26,"takeaway_pct":26.1,"pubs":50,"specialty":7,"chain_pct":9.2,"borough":"City of London Corporation"}},{"type":"Feature","geometry":{"type":"Polygon","coordinates":[[[-0.11382,51.54461],[-0.12053,51.54342],[-0.12176,51.53894],[-0.11627,51.53566],[-0.10956,51.53686],[-0.10833,51.54133],[-0.11382,51.54461]]]},"properties":{"id":"88195da6b3fffff","n":74,"five_pct":52.1,"low_pct":5.6,"awaiting":3,"awaiting_pct":4.1,"coffee":5,"takeaway_pct":36.5,"pubs":8,"specialty":0,"chain_pct":1.4,"borough":"Islington"}},{"type":"Feature","geometry":{"type":"Polygon","coordinates":[[[-0.11808,51.55236],[-0.12479,51.55117],[-0.12602,51.5467],[-0.12053,51.54342],[-0.11382,51.54461],[-0.11259,51.54908],[-0.11808,51.55236]]]},"properties":{"id":"88195da6b1fffff","n":44,"five_pct":54.1,"low_pct":5.4,"awaiting":7,"awaiting_pct":15.9,"coffee":2,"takeaway_pct":31.8,"pubs":2,"specialty":1,"chain_pct":4.5,"borough":"Islington"}},{"type":"Feature","geometry":{"type":"Polygon","coordinates":[[[-0.08943,51.54043],[-0.09614,51.53924],[-0.09736,51.53477],[-0.09188,51.53148],[-0.08517,51.53267],[-0.08394,51.53715],[-0.08943,51.54043]]]},"properties":{"id":"88194ad369fffff","n":13,"five_pct":66.7,"low_pct":0.0,"awaiting":1,"awaiting_pct":7.7,"coffee":0,"takeaway_pct":15.4,"pubs":1,"specialty":0,"chain_pct":0.0,"borough":"Islington"}},{"type":"Feature","geometry":{"type":"Polygon","coordinates":[[[-0.29611,51.41402],[-0.30282,51.41281],[-0.30403,51.40833],[-0.29853,51.40505],[-0.29183,51.40626],[-0.29062,51.41074],[-0.29611,51.41402]]]},"properties":{"id":"88194ad9d1fffff","n":87,"five_pct":68.7,"low_pct":2.4,"awaiting":3,"awaiting_pct":3.4,"coffee":2,"takeaway_pct":23.0,"pubs":12,"specialty":0,"chain_pct":6.9,"borough":"Kingston-Upon-Thames"}},{"type":"Feature","geometry":{"type":"Polygon","coordinates":[[[-0.31853,51.3545],[-0.32523,51.35329],[-0.32644,51.3488],[-0.32095,51.34553],[-0.31425,51.34674],[-0.31304,51.35122],[-0.31853,51.3545]]]},"properties":{"id":"88194aca2bfffff","n":26,"five_pct":95.8,"low_pct":4.2,"awaiting":2,"awaiting_pct":7.7,"coffee":2,"takeaway_pct":7.7,"pubs":0,"specialty":0,"chain_pct":0.0,"borough":"Kingston-Upon-Thames"}},{"type":"Feature","geometry":{"type":"Polygon","coordinates":[[[-0.29546,51.39281],[-0.30216,51.3916],[-0.30337,51.38711],[-0.29788,51.38384],[-0.29118,51.38505],[-0.28997,51.38953],[-0.29546,51.39281]]]},"properties":{"id":"88194ad99bfffff","n":25,"five_pct":54.2,"low_pct":0.0,"awaiting":1,"awaiting_pct":4.0,"coffee":3,"takeaway_pct":8.0,"pubs":4,"specialty":0,"chain_pct":0.0,"borough":"Kingston-Upon-Thames"}},{"type":"Feature","geometry":{"type":"Polygon","coordinates":[[[-0.307,51.37366],[-0.3137,51.37245],[-0.31491,51.36796],[-0.30942,51.36468],[-0.30272,51.3659],[-0.30151,51.37038],[-0.307,51.37366]]]},"properties":{"id":"88194aca6bfffff","n":13,"five_pct":76.9,"low_pct":0.0,"awaiting":0,"awaiting_pct":0.0,"coffee":0,"takeaway_pct":23.1,"pubs":4,"specialty":0,"chain_pct":7.7,"borough":"Kingston-Upon-Thames"}},{"type":"Feature","geometry":{"type":"Polygon","coordinates":[[[-0.29909,51.37935],[-0.30579,51.37814],[-0.307,51.37366],[-0.30151,51.37038],[-0.29481,51.37159],[-0.2936,51.37608],[-0.29909,51.37935]]]},"properties":{"id":"88194aca45fffff","n":15,"five_pct":69.2,"low_pct":0.0,"awaiting":2,"awaiting_pct":13.3,"coffee":2,"takeaway_pct":33.3,"pubs":0,"specialty":0,"chain_pct":0.0,"borough":"Kingston-Upon-Thames"}},{"type":"Feature","geometry":{"type":"Polygon","coordinates":[[[-0.21451,51.52669],[-0.22122,51.52549],[-0.22244,51.52101],[-0.21695,51.51773],[-0.21023,51.51893],[-0.20902,51.52341],[-0.21451,51.52669]]]},"properties":{"id":"88195da59bfffff","n":26,"five_pct":80.0,"low_pct":4.0,"awaiting":1,"awaiting_pct":3.8,"coffee":1,"takeaway_pct":3.8,"pubs":1,"specialty":0,"chain_pct":0.0,"borough":"Kensington and Chelsea"}},{"type":"Feature","geometry":{"type":"Polygon","coordinates":[[[-0.2023,51.52461],[-0.20902,51.52341],[-0.21023,51.51893],[-0.20474,51.51565],[-0.19803,51.51685],[-0.19681,51.52133],[-0.2023,51.52461]]]},"properties":{"id":"88195da4a7fffff","n":95,"five_pct":74.2,"low_pct":4.3,"awaiting":2,"awaiting_pct":2.1,"coffee":2,"takeaway_pct":9.5,"pubs":7,"specialty":0,"chain_pct":4.2,"borough":"Kensington and Chelsea"}},{"type":"Feature","geometry":{"type":"Polygon","coordinates":[[[-0.17302,51.4915],[-0.17973,51.49031],[-0.18095,51.48583],[-0.17546,51.48255],[-0.16875,51.48375],[-0.16753,51.48822],[-0.17302,51.4915]]]},"properties":{"id":"88194ada5bfffff","n":82,"five_pct":90.0,"low_pct":1.2,"awaiting":2,"awaiting_pct":2.4,"coffee":1,"takeaway_pct":2.4,"pubs":8,"specialty":2,"chain_pct":1.2,"borough":"Kensington and Chelsea"}},{"type":"Feature","geometry":{"type":"Polygon","coordinates":[[[-0.16509,51.49718],[-0.1718,51.49598],[-0.17302,51.4915],[-0.16753,51.48822],[-0.16082,51.48942],[-0.1596,51.4939],[-0.16509,51.49718]]]},"properties":{"id":"88194ad165fffff","n":85,"five_pct":90.5,"low_pct":1.4,"awaiting":11,"awaiting_pct":12.9,"coffee":4,"takeaway_pct":2.4,"pubs":6,"specialty":0,"chain_pct":4.7,"borough":"Kensington and Chelsea"}},{"type":"Feature","geometry":{"type":"Polygon","coordinates":[[[-0.18948,51.50134],[-0.1962,51.50014],[-0.19741,51.49567],[-0.19192,51.49239],[-0.18522,51.49359],[-0.184,51.49806],[-0.18948,51.50134]]]},"properties":{"id":"88194ada5dfffff","n":59,"five_pct":80.4,"low_pct":0.0,"awaiting":3,"awaiting_pct":5.1,"coffee":1,"takeaway_pct":8.5,"pubs":4,"specialty":0,"chain_pct":5.1,"borough":"Kensington and Chelsea"}},{"type":"Feature","geometry":{"type":"Polygon","coordinates":[[[-0.17668,51.47807],[-0.18339,51.47687],[-0.18461,51.4724],[-0.17912,51.46912],[-0.17242,51.47031],[-0.17119,51.47479],[-0.17668,51.47807]]]},"properties":{"id":"88194ad125fffff","n":28,"five_pct":76.9,"low_pct":0.0,"awaiting":2,"awaiting_pct":7.1,"coffee":0,"takeaway_pct":0.0,"pubs":4,"specialty":2,"chain_pct":0.0,"borough":"Wandsworth"}},{"type":"Feature","geometry":{"type":"Polygon","coordinates":[[[-0.19803,51.51685],[-0.20474,51.51565],[-0.20596,51.51118],[-0.20047,51.5079],[-0.19376,51.5091],[-0.19254,51.51357],[-0.19803,51.51685]]]},"properties":{"id":"88194ada49fffff","n":116,"five_pct":86.5,"low_pct":1.8,"awaiting":4,"awaiting_pct":3.4,"coffee":11,"takeaway_pct":5.2,"pubs":9,"specialty":1,"chain_pct":9.5,"borough":"Kensington and Chelsea"}},{"type":"Feature","geometry":{"type":"Polygon","coordinates":[[[-0.32975,51.45488],[-0.33646,51.45367],[-0.33767,51.44919],[-0.33217,51.44591],[-0.32546,51.44712],[-0.32425,51.4516],[-0.32975,51.45488]]]},"properties":{"id":"88194ad919fffff","n":66,"five_pct":76.6,"low_pct":1.6,"awaiting":2,"awaiting_pct":3.0,"coffee":3,"takeaway_pct":7.6,"pubs":8,"specialty":0,"chain_pct":6.1,"borough":"Richmond-Upon-Thames"}},{"type":"Feature","geometry":{"type":"Polygon","coordinates":[[[-0.24307,51.39798],[-0.24977,51.39677],[-0.25099,51.39229],[-0.2455,51.38901],[-0.2388,51.39022],[-0.23759,51.3947],[-0.24307,51.39798]]]},"properties":{"id":"88194ad881fffff","n":13,"five_pct":92.3,"low_pct":0.0,"awaiting":0,"awaiting_pct":0.0,"coffee":1,"takeaway_pct":30.8,"pubs":2,"specialty":0,"chain_pct":15.4,"borough":"Merton"}},{"type":"Feature","geometry":{"type":"Polygon","coordinates":[[[-0.19496,51.41089],[-0.20166,51.40968],[-0.20288,51.4052],[-0.1974,51.40192],[-0.1907,51.40313],[-0.18948,51.40761],[-0.19496,51.41089]]]},"properties":{"id":"88194adab3fffff","n":14,"five_pct":71.4,"low_pct":7.1,"awaiting":0,"awaiting_pct":0.0,"coffee":1,"takeaway_pct":14.3,"pubs":1,"specialty":0,"chain_pct":14.3,"borough":"Merton"}},{"type":"Feature","geometry":{"type":"Polygon","coordinates":[[[-0.20349,51.42641],[-0.21019,51.4252],[-0.21141,51.42072],[-0.20593,51.41744],[-0.19923,51.41865],[-0.19801,51.42313],[-0.20349,51.42641]]]},"properties":{"id":"88194adabdfffff","n":93,"five_pct":94.3,"low_pct":0.0,"awaiting":5,"awaiting_pct":5.4,"coffee":6,"takeaway_pct":9.7,"pubs":8,"specialty":1,"chain_pct":16.1,"borough":"Merton"}},{"type":"Feature","geometry":{"type":"Polygon","coordinates":[[[-0.21568,51.42848],[-0.22238,51.42728],[-0.2236,51.4228],[-0.21811,51.41952],[-0.21141,51.42072],[-0.21019,51.4252],[-0.21568,51.42848]]]},"properties":{"id":"88194adaa3fffff","n":33,"five_pct":97.0,"low_pct":3.0,"awaiting":0,"awaiting_pct":0.0,"coffee":0,"takeaway_pct":6.1,"pubs":4,"specialty":0,"chain_pct":3.0,"borough":"Merton"}},{"type":"Feature","geometry":{"type":"Polygon","coordinates":[[[-0.21871,51.39383],[-0.2254,51.39263],[-0.22662,51.38815],[-0.22114,51.38487],[-0.21444,51.38607],[-0.21322,51.39055],[-0.21871,51.39383]]]},"properties":{"id":"88194ad8d7fffff","n":11,"five_pct":81.8,"low_pct":0.0,"awaiting":0,"awaiting_pct":0.0,"coffee":0,"takeaway_pct":9.1,"pubs":2,"specialty":0,"chain_pct":0.0,"borough":"Merton"}},{"type":"Feature","geometry":{"type":"Polygon","coordinates":[[[-0.18339,51.43001],[-0.19009,51.42881],[-0.19131,51.42433],[-0.18583,51.42105],[-0.17913,51.42225],[-0.17791,51.42673],[-0.18339,51.43001]]]},"properties":{"id":"88194ada83fffff","n":8,"five_pct":85.7,"low_pct":0.0,"awaiting":1,"awaiting_pct":12.5,"coffee":0,"takeaway_pct":0.0,"pubs":0,"specialty":0,"chain_pct":0.0,"borough":"Merton"}},{"type":"Feature","geometry":{"type":"Polygon","coordinates":[[[-0.15843,51.40465],[-0.16512,51.40345],[-0.16634,51.39897],[-0.16087,51.39569],[-0.15417,51.39689],[-0.15295,51.40137],[-0.15843,51.40465]]]},"properties":{"id":"88194ac345fffff","n":6,"five_pct":null,"low_pct":null,"awaiting":1,"awaiting_pct":16.7,"coffee":1,"takeaway_pct":0.0,"pubs":1,"specialty":0,"chain_pct":0.0,"borough":"Merton"}},{"type":"Feature","geometry":{"type":"Polygon","coordinates":[[[-0.24735,51.40574],[-0.25405,51.40453],[-0.25526,51.40005],[-0.24977,51.39677],[-0.24307,51.39798],[-0.24186,51.40246],[-0.24735,51.40574]]]},"properties":{"id":"88194ad88dfffff","n":11,"five_pct":45.5,"low_pct":9.1,"awaiting":0,"awaiting_pct":0.0,"coffee":0,"takeaway_pct":18.2,"pubs":0,"specialty":0,"chain_pct":0.0,"borough":"Kingston-Upon-Thames"}},{"type":"Feature","geometry":{"type":"Polygon","coordinates":[[[0.05199,51.54416],[0.04529,51.54298],[0.04405,51.53851],[0.04952,51.53523],[0.05623,51.53641],[0.05746,51.54088],[0.05199,51.54416]]]},"properties":{"id":"88194e6885fffff","n":53,"five_pct":40.8,"low_pct":20.4,"awaiting":4,"awaiting_pct":7.5,"coffee":1,"takeaway_pct":28.3,"pubs":1,"specialty":0,"chain_pct":1.9,"borough":"Newham"}},{"type":"Feature","geometry":{"type":"Polygon","coordinates":[[[0.01653,51.50815],[0.00983,51.50696],[0.00859,51.50249],[0.01406,51.49921],[0.02076,51.50039],[0.022,51.50486],[0.01653,51.50815]]]},"properties":{"id":"88194ad209fffff","n":17,"five_pct":76.5,"low_pct":5.9,"awaiting":0,"awaiting_pct":0.0,"coffee":0,"takeaway_pct":23.5,"pubs":1,"specialty":1,"chain_pct":0.0,"borough":"Newham"}},{"type":"Feature","geometry":{"type":"Polygon","coordinates":[[[0.04776,51.55192],[0.04106,51.55074],[0.03982,51.54627],[0.04529,51.54298],[0.05199,51.54416],[0.05323,51.54863],[0.04776,51.55192]]]},"properties":{"id":"88194e68e3fffff","n":39,"five_pct":26.3,"low_pct":23.7,"awaiting":1,"awaiting_pct":2.6,"coffee":6,"takeaway_pct":23.1,"pubs":2,"specialty":0,"chain_pct":0.0,"borough":"Newham"}},{"type":"Feature","geometry":{"type":"Polygon","coordinates":[[[0.01229,51.5159],[0.00559,51.51472],[0.00436,51.51025],[0.00983,51.50696],[0.01653,51.50815],[0.01776,51.51262],[0.01229,51.5159]]]},"properties":{"id":"88194ad247fffff","n":51,"five_pct":68.8,"low_pct":4.2,"awaiting":3,"awaiting_pct":5.9,"coffee":5,"takeaway_pct":13.7,"pubs":1,"specialty":0,"chain_pct":7.8,"borough":"Newham"}},{"type":"Feature","geometry":{"type":"Polygon","coordinates":[[[0.02764,51.54837],[0.02093,51.54719],[0.0197,51.54272],[0.02517,51.53943],[0.03188,51.54062],[0.03311,51.54509],[0.02764,51.54837]]]},"properties":{"id":"88194e68adfffff","n":70,"five_pct":47.7,"low_pct":10.8,"awaiting":5,"awaiting_pct":7.1,"coffee":2,"takeaway_pct":35.7,"pubs":2,"specialty":0,"chain_pct":4.3,"borough":"Newham"}},{"type":"Feature","geometry":{"type":"Polygon","coordinates":[[[0.02817,51.52721],[0.02147,51.52603],[0.02023,51.52156],[0.0257,51.51827],[0.03241,51.51946],[0.03364,51.52393],[0.02817,51.52721]]]},"properties":{"id":"88194ad249fffff","n":44,"five_pct":35.0,"low_pct":15.0,"awaiting":4,"awaiting_pct":9.1,"coffee":3,"takeaway_pct":47.7,"pubs":1,"specialty":0,"chain_pct":0.0,"borough":"Newham"}},{"type":"Feature","geometry":{"type":"Polygon","coordinates":[[[0.0197,51.54272],[0.01299,51.54154],[0.01176,51.53707],[0.01723,51.53378],[0.02394,51.53497],[0.02517,51.53943],[0.0197,51.54272]]]},"properties":{"id":"88194e68a5fffff","n":5,"five_pct":40.0,"low_pct":0.0,"awaiting":0,"awaiting_pct":0.0,"coffee":0,"takeaway_pct":20.0,"pubs":0,"specialty":0,"chain_pct":0.0,"borough":"Newham"}},{"type":"Feature","geometry":{"type":"Polygon","coordinates":[[[0.04881,51.5096],[0.0421,51.50841],[0.04087,51.50395],[0.04634,51.50066],[0.05304,51.50184],[0.05427,51.50631],[0.04881,51.5096]]]},"properties":{"id":"88194ad259fffff","n":19,"five_pct":57.9,"low_pct":5.3,"awaiting":0,"awaiting_pct":0.0,"coffee":1,"takeaway_pct":26.3,"pubs":1,"specialty":0,"chain_pct":15.8,"borough":"Newham"}},{"type":"Feature","geometry":{"type":"Polygon","coordinates":[[[0.03611,51.53286],[0.02941,51.53168],[0.02817,51.52721],[0.03364,51.52393],[0.04034,51.52511],[0.04158,51.52958],[0.03611,51.53286]]]},"properties":{"id":"88194e68a3fffff","n":23,"five_pct":31.8,"low_pct":27.3,"awaiting":1,"awaiting_pct":4.3,"coffee":1,"takeaway_pct":43.5,"pubs":1,"specialty":0,"chain_pct":0.0,"borough":"Newham"}},{"type":"Feature","geometry":{"type":"Polygon","coordinates":[[[-0.09138,51.46348],[-0.09809,51.46228],[-0.09931,51.45781],[-0.09383,51.45452],[-0.08713,51.45572],[-0.08591,51.46019],[-0.09138,51.46348]]]},"properties":{"id":"88194ad025fffff","n":6,"five_pct":100.0,"low_pct":0.0,"awaiting":1,"awaiting_pct":16.7,"coffee":0,"takeaway_pct":16.7,"pubs":0,"specialty":0,"chain_pct":0.0,"borough":"Southwark"}},{"type":"Feature","geometry":{"type":"Polygon","coordinates":[[[-0.30896,51.4373],[-0.31567,51.43609],[-0.31688,51.4316],[-0.31139,51.42833],[-0.30468,51.42954],[-0.30347,51.43402],[-0.30896,51.4373]]]},"properties":{"id":"88194ad9c9fffff","n":10,"five_pct":75.0,"low_pct":0.0,"awaiting":2,"awaiting_pct":20.0,"coffee":0,"takeaway_pct":0.0,"pubs":1,"specialty":0,"chain_pct":10.0,"borough":"Richmond-Upon-Thames"}},{"type":"Feature","geometry":{"type":"Polygon","coordinates":[[[-0.0846,51.5115],[-0.0913,51.51031],[-0.09253,51.50584],[-0.08705,51.50256],[-0.08035,51.50375],[-0.07912,51.50822],[-0.0846,51.5115]]]},"properties":{"id":"88194ad307fffff","n":283,"five_pct":89.8,"low_pct":0.7,"awaiting":9,"awaiting_pct":3.2,"coffee":16,"takeaway_pct":24.7,"pubs":34,"specialty":3,"chain_pct":11.7,"borough":"Southwark"}},{"type":"Feature","geometry":{"type":"Polygon","coordinates":[[[-0.03587,51.50313],[-0.04257,51.50194],[-0.0438,51.49747],[-0.03833,51.49418],[-0.03162,51.49537],[-0.03039,51.49984],[-0.03587,51.50313]]]},"properties":{"id":"88194ad225fffff","n":12,"five_pct":45.5,"low_pct":0.0,"awaiting":1,"awaiting_pct":8.3,"coffee":1,"takeaway_pct":25.0,"pubs":3,"specialty":0,"chain_pct":0.0,"borough":"Southwark"}},{"type":"Feature","geometry":{"type":"Polygon","coordinates":[[[-0.28586,51.47556],[-0.29257,51.47436],[-0.29378,51.46988],[-0.28828,51.4666],[-0.28157,51.46781],[-0.28036,51.47229],[-0.28586,51.47556]]]},"properties":{"id":"88194ad869fffff","n":14,"five_pct":36.4,"low_pct":0.0,"awaiting":2,"awaiting_pct":14.3,"coffee":0,"takeaway_pct":21.4,"pubs":1,"specialty":0,"chain_pct":0.0,"borough":"Richmond-Upon-Thames"}},{"type":"Feature","geometry":{"type":"Polygon","coordinates":[[[-0.27793,51.48125],[-0.28464,51.48004],[-0.28586,51.47556],[-0.28036,51.47229],[-0.27365,51.47349],[-0.27244,51.47797],[-0.27793,51.48125]]]},"properties":{"id":"88194adb13fffff","n":7,"five_pct":57.1,"low_pct":0.0,"awaiting":0,"awaiting_pct":0.0,"coffee":2,"takeaway_pct":14.3,"pubs":1,"specialty":0,"chain_pct":14.3,"borough":"Richmond-Upon-Thames"}},{"type":"Feature","geometry":{"type":"Polygon","coordinates":[[[-0.33337,51.44143],[-0.34008,51.44022],[-0.34129,51.43574],[-0.33579,51.43246],[-0.32909,51.43367],[-0.32788,51.43815],[-0.33337,51.44143]]]},"properties":{"id":"88194ad913fffff","n":5,"five_pct":40.0,"low_pct":0.0,"awaiting":0,"awaiting_pct":0.0,"coffee":0,"takeaway_pct":0.0,"pubs":0,"specialty":0,"chain_pct":0.0,"borough":"Richmond-Upon-Thames"}},{"type":"Feature","geometry":{"type":"Polygon","coordinates":[[[-0.33767,51.44919],[-0.34437,51.44798],[-0.34558,51.44349],[-0.34008,51.44022],[-0.33337,51.44143],[-0.33217,51.44591],[-0.33767,51.44919]]]},"properties":{"id":"88194ad911fffff","n":29,"five_pct":57.1,"low_pct":0.0,"awaiting":0,"awaiting_pct":0.0,"coffee":0,"takeaway_pct":6.9,"pubs":1,"specialty":0,"chain_pct":3.4,"borough":"Richmond-Upon-Thames"}},{"type":"Feature","geometry":{"type":"Polygon","coordinates":[[[-0.04693,51.46287],[-0.05363,51.46168],[-0.05486,51.45721],[-0.04939,51.45392],[-0.04269,51.45511],[-0.04146,51.45959],[-0.04693,51.46287]]]},"properties":{"id":"88194ad001fffff","n":15,"five_pct":55.6,"low_pct":0.0,"awaiting":6,"awaiting_pct":40.0,"coffee":0,"takeaway_pct":26.7,"pubs":3,"specialty":0,"chain_pct":0.0,"borough":"Lewisham"}},{"type":"Feature","geometry":{"type":"Polygon","coordinates":[[[-0.06703,51.4593],[-0.07373,51.4581],[-0.07496,51.45363],[-0.06949,51.45035],[-0.06279,51.45154],[-0.06156,51.45601],[-0.06703,51.4593]]]},"properties":{"id":"88194ad02bfffff","n":38,"five_pct":67.6,"low_pct":0.0,"awaiting":3,"awaiting_pct":7.9,"coffee":1,"takeaway_pct":18.4,"pubs":7,"specialty":0,"chain_pct":0.0,"borough":"Southwark"}},{"type":"Feature","geometry":{"type":"Polygon","coordinates":[[[-0.35417,51.45901],[-0.36088,51.4578],[-0.36209,51.45332],[-0.35659,51.45004],[-0.34988,51.45125],[-0.34867,51.45573],[-0.35417,51.45901]]]},"properties":{"id":"88194ad903fffff","n":34,"five_pct":73.5,"low_pct":2.9,"awaiting":0,"awaiting_pct":0.0,"coffee":2,"takeaway_pct":26.5,"pubs":4,"specialty":0,"chain_pct":8.8,"borough":"Richmond-Upon-Thames"}},{"type":"Feature","geometry":{"type":"Polygon","coordinates":[[[-0.36209,51.45332],[-0.3688,51.4521],[-0.37001,51.44762],[-0.3645,51.44435],[-0.35779,51.44556],[-0.35659,51.45004],[-0.36209,51.45332]]]},"properties":{"id":"88194ad939fffff","n":11,"five_pct":72.7,"low_pct":0.0,"awaiting":0,"awaiting_pct":0.0,"coffee":0,"takeaway_pct":9.1,"pubs":1,"specialty":0,"chain_pct":0.0,"borough":"Richmond-Upon-Thames"}},{"type":"Feature","geometry":{"type":"Polygon","coordinates":[[[-0.34921,51.43004],[-0.35591,51.42883],[-0.35712,51.42435],[-0.35162,51.42107],[-0.34491,51.42228],[-0.34371,51.42677],[-0.34921,51.43004]]]},"properties":{"id":"88194ad9e1fffff","n":21,"five_pct":66.7,"low_pct":0.0,"awaiting":0,"awaiting_pct":0.0,"coffee":4,"takeaway_pct":9.5,"pubs":3,"specialty":0,"chain_pct":9.5,"borough":"Richmond-Upon-Thames"}},{"type":"Feature","geometry":{"type":"Polygon","coordinates":[[[-0.36503,51.41865],[-0.37174,51.41744],[-0.37294,51.41295],[-0.36744,51.40968],[-0.36074,51.41089],[-0.35953,51.41537],[-0.36503,51.41865]]]},"properties":{"id":"88194ad9adfffff","n":30,"five_pct":64.3,"low_pct":3.6,"awaiting":2,"awaiting_pct":6.7,"coffee":0,"takeaway_pct":6.7,"pubs":5,"specialty":1,"chain_pct":0.0,"borough":"Richmond-Upon-Thames"}},{"type":"Feature","geometry":{"type":"Polygon","coordinates":[[[-0.33633,51.40676],[-0.34304,51.40555],[-0.34425,51.40107],[-0.33875,51.39779],[-0.33205,51.399],[-0.33084,51.40349],[-0.33633,51.40676]]]},"properties":{"id":"88194ad987fffff","n":7,"five_pct":71.4,"low_pct":0.0,"awaiting":0,"awaiting_pct":0.0,"coffee":0,"takeaway_pct":0.0,"pubs":1,"specialty":0,"chain_pct":0.0,"borough":"Richmond-Upon-Thames"}},{"type":"Feature","geometry":{"type":"Polygon","coordinates":[[[-0.09621,51.49242],[-0.10292,51.49122],[-0.10414,51.48675],[-0.09866,51.48347],[-0.09196,51.48466],[-0.09073,51.48913],[-0.09621,51.49242]]]},"properties":{"id":"88194ad337fffff","n":90,"five_pct":56.0,"low_pct":1.2,"awaiting":6,"awaiting_pct":6.7,"coffee":2,"takeaway_pct":34.4,"pubs":9,"specialty":1,"chain_pct":2.2,"borough":"Southwark"}},{"type":"Feature","geometry":{"type":"Polygon","coordinates":[[[-0.19619,51.45328],[-0.20289,51.45208],[-0.20411,51.4476],[-0.19862,51.44432],[-0.19192,51.44553],[-0.1907,51.45],[-0.19619,51.45328]]]},"properties":{"id":"88194adaebfffff","n":48,"five_pct":86.4,"low_pct":2.3,"awaiting":4,"awaiting_pct":8.3,"coffee":1,"takeaway_pct":29.2,"pubs":3,"specialty":0,"chain_pct":0.0,"borough":"Wandsworth"}},{"type":"Feature","geometry":{"type":"Polygon","coordinates":[[[-0.16329,51.43361],[-0.16999,51.43241],[-0.17121,51.42793],[-0.16573,51.42465],[-0.15903,51.42585],[-0.15781,51.43033],[-0.16329,51.43361]]]},"properties":{"id":"88194adad7fffff","n":159,"five_pct":65.8,"low_pct":3.4,"awaiting":10,"awaiting_pct":6.3,"coffee":4,"takeaway_pct":10.7,"pubs":11,"specialty":1,"chain_pct":3.8,"borough":"Wandsworth"}},{"type":"Feature","geometry":{"type":"Polygon","coordinates":[[[-0.17181,51.44912],[-0.17851,51.44792],[-0.17973,51.44345],[-0.17425,51.44017],[-0.16755,51.44136],[-0.16633,51.44584],[-0.17181,51.44912]]]},"properties":{"id":"88194adac3fffff","n":11,"five_pct":90.0,"low_pct":0.0,"awaiting":1,"awaiting_pct":9.1,"coffee":2,"takeaway_pct":0.0,"pubs":1,"specialty":0,"chain_pct":0.0,"borough":"Wandsworth"}},{"type":"Feature","geometry":{"type":"Polygon","coordinates":[[[-0.16755,51.44136],[-0.17425,51.44017],[-0.17547,51.43569],[-0.16999,51.43241],[-0.16329,51.43361],[-0.16207,51.43809],[-0.16755,51.44136]]]},"properties":{"id":"88194adad5fffff","n":10,"five_pct":50.0,"low_pct":0.0,"awaiting":0,"awaiting_pct":0.0,"coffee":1,"takeaway_pct":0.0,"pubs":1,"specialty":0,"chain_pct":0.0,"borough":"Wandsworth"}},{"type":"Feature","geometry":{"type":"Polygon","coordinates":[[[-0.17547,51.43569],[-0.18217,51.43449],[-0.18339,51.43001],[-0.17791,51.42673],[-0.17121,51.42793],[-0.16999,51.43241],[-0.17547,51.43569]]]},"properties":{"id":"88194ada8bfffff","n":10,"five_pct":80.0,"low_pct":0.0,"awaiting":0,"awaiting_pct":0.0,"coffee":0,"takeaway_pct":20.0,"pubs":0,"specialty":0,"chain_pct":0.0,"borough":"Wandsworth"}},{"type":"Feature","geometry":{"type":"Polygon","coordinates":[[[-0.17242,51.47031],[-0.17912,51.46912],[-0.18034,51.46464],[-0.17486,51.46136],[-0.16815,51.46256],[-0.16693,51.46704],[-0.17242,51.47031]]]},"properties":{"id":"88194ad127fffff","n":53,"five_pct":81.6,"low_pct":4.1,"awaiting":4,"awaiting_pct":7.5,"coffee":3,"takeaway_pct":22.6,"pubs":5,"specialty":0,"chain_pct":9.4,"borough":"Wandsworth"}},{"type":"Feature","geometry":{"type":"Polygon","coordinates":[[[-0.14378,51.45839],[-0.15048,51.4572],[-0.1517,51.45272],[-0.14622,51.44944],[-0.13952,51.45063],[-0.1383,51.45511],[-0.14378,51.45839]]]},"properties":{"id":"88194ad131fffff","n":38,"five_pct":68.6,"low_pct":2.9,"awaiting":3,"awaiting_pct":7.9,"coffee":1,"takeaway_pct":23.7,"pubs":2,"specialty":1,"chain_pct":7.9,"borough":"Lambeth"}},{"type":"Feature","geometry":{"type":"Polygon","coordinates":[[[-0.34129,51.43574],[-0.348,51.43453],[-0.34921,51.43004],[-0.34371,51.42677],[-0.337,51.42798],[-0.33579,51.43246],[-0.34129,51.43574]]]},"properties":{"id":"88194ad9e9fffff","n":16,"five_pct":68.8,"low_pct":0.0,"awaiting":0,"awaiting_pct":0.0,"coffee":0,"takeaway_pct":18.8,"pubs":3,"specialty":0,"chain_pct":6.2,"borough":"Richmond-Upon-Thames"}},{"type":"Feature","geometry":{"type":"Polygon","coordinates":[[[-0.0015,51.58149],[-0.00822,51.5803],[-0.00945,51.57583],[-0.00397,51.57255],[0.00274,51.57373],[0.00397,51.5782],[-0.0015,51.58149]]]},"properties":{"id":"88194e69c9fffff","n":9,"five_pct":33.3,"low_pct":22.2,"awaiting":0,"awaiting_pct":0.0,"coffee":0,"takeaway_pct":33.3,"pubs":2,"specialty":0,"chain_pct":0.0,"borough":"Waltham Forest"}},{"type":"Feature","geometry":{"type":"Polygon","coordinates":[[[-0.03014,51.59344],[-0.03685,51.59225],[-0.03809,51.58778],[-0.0326,51.5845],[-0.02589,51.58569],[-0.02466,51.59015],[-0.03014,51.59344]]]},"properties":{"id":"88194e6911fffff","n":23,"five_pct":43.5,"low_pct":34.8,"awaiting":0,"awaiting_pct":0.0,"coffee":2,"takeaway_pct":47.8,"pubs":1,"specialty":0,"chain_pct":0.0,"borough":"Waltham Forest"}},{"type":"Feature","geometry":{"type":"Polygon","coordinates":[[[-0.22484,51.4652],[-0.23155,51.46399],[-0.23277,51.45951],[-0.22728,51.45624],[-0.22057,51.45744],[-0.21935,51.46192],[-0.22484,51.4652]]]},"properties":{"id":"88194ada33fffff","n":12,"five_pct":70.0,"low_pct":10.0,"awaiting":2,"awaiting_pct":16.7,"coffee":0,"takeaway_pct":8.3,"pubs":2,"specialty":0,"chain_pct":0.0,"borough":"Wandsworth"}},{"type":"Feature","geometry":{"type":"Polygon","coordinates":[[[-0.13893,51.42944],[-0.14563,51.42824],[-0.14685,51.42377],[-0.14137,51.42048],[-0.13467,51.42168],[-0.13345,51.42616],[-0.13893,51.42944]]]},"properties":{"id":"88194ad1adfffff","n":13,"five_pct":69.2,"low_pct":0.0,"awaiting":0,"awaiting_pct":0.0,"coffee":0,"takeaway_pct":30.8,"pubs":2,"specialty":0,"chain_pct":0.0,"borough":"Wandsworth"}},{"type":"Feature","geometry":{"type":"Polygon","coordinates":[[[-0.15111,51.43153],[-0.15781,51.43033],[-0.15903,51.42585],[-0.15355,51.42257],[-0.14685,51.42377],[-0.14563,51.42824],[-0.15111,51.43153]]]},"properties":{"id":"88194adad3fffff","n":5,"five_pct":80.0,"low_pct":0.0,"awaiting":0,"awaiting_pct":0.0,"coffee":0,"takeaway_pct":0.0,"pubs":0,"specialty":0,"chain_pct":0.0,"borough":"Wandsworth"}},{"type":"Feature","geometry":{"type":"Polygon","coordinates":[[[-0.00096,51.56033],[-0.00767,51.55915],[-0.00891,51.55468],[-0.00343,51.55139],[0.00328,51.55257],[0.00451,51.55704],[-0.00096,51.56033]]]},"properties":{"id":"88194e69d5fffff","n":24,"five_pct":17.4,"low_pct":13.0,"awaiting":1,"awaiting_pct":4.2,"coffee":1,"takeaway_pct":37.5,"pubs":3,"specialty":0,"chain_pct":8.3,"borough":"Waltham Forest"}},{"type":"Feature","geometry":{"type":"Polygon","coordinates":[[[0.01122,51.55823],[0.00451,51.55704],[0.00328,51.55257],[0.00875,51.54929],[0.01546,51.55047],[0.0167,51.55494],[0.01122,51.55823]]]},"properties":{"id":"88194e69d1fffff","n":31,"five_pct":17.9,"low_pct":10.7,"awaiting":3,"awaiting_pct":9.7,"coffee":1,"takeaway_pct":51.6,"pubs":0,"specialty":0,"chain_pct":0.0,"borough":"Waltham Forest"}},{"type":"Feature","geometry":{"type":"Polygon","coordinates":[[[0.00961,51.62168],[0.00289,51.6205],[0.00166,51.61604],[0.00714,51.61275],[0.01385,51.61393],[0.01509,51.6184],[0.00961,51.62168]]]},"properties":{"id":"88194e686dfffff","n":10,"five_pct":77.8,"low_pct":0.0,"awaiting":1,"awaiting_pct":10.0,"coffee":0,"takeaway_pct":40.0,"pubs":3,"specialty":0,"chain_pct":0.0,"borough":"Waltham Forest"}},{"type":"Feature","geometry":{"type":"Polygon","coordinates":[[[-0.02589,51.58569],[-0.0326,51.5845],[-0.03383,51.58003],[-0.02835,51.57675],[-0.02164,51.57793],[-0.02041,51.5824],[-0.02589,51.58569]]]},"properties":{"id":"88194e6913fffff","n":90,"five_pct":43.2,"low_pct":10.2,"awaiting":2,"awaiting_pct":2.2,"coffee":7,"takeaway_pct":45.6,"pubs":5,"specialty":1,"chain_pct":7.8,"borough":"Waltham Forest"}},{"type":"Feature","geometry":{"type":"Polygon","coordinates":[[[-0.19253,51.46672],[-0.19924,51.46552],[-0.20045,51.46104],[-0.19497,51.45776],[-0.18826,51.45896],[-0.18704,51.46344],[-0.19253,51.46672]]]},"properties":{"id":"88194ada13fffff","n":43,"five_pct":69.7,"low_pct":9.1,"awaiting":8,"awaiting_pct":18.6,"coffee":2,"takeaway_pct":4.7,"pubs":7,"specialty":0,"chain_pct":0.0,"borough":"Wandsworth"}},{"type":"Feature","geometry":{"type":"Polygon","coordinates":[[[-0.14556,51.52194],[-0.15227,51.52075],[-0.15349,51.51627],[-0.14801,51.51299],[-0.1413,51.51419],[-0.14007,51.51866],[-0.14556,51.52194]]]},"properties":{"id":"88195da49dfffff","n":316,"five_pct":74.2,"low_pct":6.0,"awaiting":10,"awaiting_pct":3.2,"coffee":19,"takeaway_pct":8.9,"pubs":9,"specialty":3,"chain_pct":7.0,"borough":"Westminster"}},{"type":"Feature","geometry":{"type":"Polygon","coordinates":[[[-0.14497,51.50076],[-0.15167,51.49957],[-0.1529,51.49509],[-0.14741,51.49181],[-0.1407,51.49301],[-0.13948,51.49748],[-0.14497,51.50076]]]},"properties":{"id":"88194ad169fffff","n":207,"five_pct":76.4,"low_pct":3.6,"awaiting":9,"awaiting_pct":4.3,"coffee":15,"takeaway_pct":9.7,"pubs":5,"specialty":3,"chain_pct":13.5,"borough":"Westminster"}},{"type":"Feature","geometry":{"type":"Polygon","coordinates":[[[-0.16569,51.51836],[-0.1724,51.51716],[-0.17362,51.51269],[-0.16814,51.50941],[-0.16143,51.5106],[-0.1602,51.51508],[-0.16569,51.51836]]]},"properties":{"id":"88195da4b9fffff","n":122,"five_pct":56.1,"low_pct":8.8,"awaiting":6,"awaiting_pct":4.9,"coffee":4,"takeaway_pct":6.6,"pubs":2,"specialty":1,"chain_pct":4.1,"borough":"Westminster"}},{"type":"Feature","geometry":{"type":"Polygon","coordinates":[[[-0.33307,51.56086],[-0.33979,51.55965],[-0.341,51.55518],[-0.33549,51.5519],[-0.32877,51.55311],[-0.32756,51.55759],[-0.33307,51.56086]]]},"properties":{"id":"88195dae81fffff","n":21,"five_pct":52.6,"low_pct":21.1,"awaiting":2,"awaiting_pct":9.5,"coffee":1,"takeaway_pct":28.6,"pubs":3,"specialty":0,"chain_pct":9.5,"borough":"Harrow"}},{"type":"Feature","geometry":{"type":"Polygon","coordinates":[[[0.09626,51.3819],[0.08958,51.38072],[0.08834,51.37624],[0.09379,51.37296],[0.10047,51.37414],[0.10171,51.37862],[0.09626,51.3819]]]},"properties":{"id":"88194ad719fffff","n":46,"five_pct":77.3,"low_pct":0.0,"awaiting":1,"awaiting_pct":2.2,"coffee":3,"takeaway_pct":23.9,"pubs":1,"specialty":0,"chain_pct":13.0,"borough":"Bromley"}},{"type":"Feature","geometry":{"type":"Polygon","coordinates":[[[-0.04582,51.4205],[-0.05251,51.41931],[-0.05374,51.41483],[-0.04827,51.41155],[-0.04158,51.41274],[-0.04035,51.41722],[-0.04582,51.4205]]]},"properties":{"id":"88194ad0e7fffff","n":34,"five_pct":85.3,"low_pct":0.0,"awaiting":0,"awaiting_pct":0.0,"coffee":1,"takeaway_pct":35.3,"pubs":3,"specialty":0,"chain_pct":14.7,"borough":"Bromley"}},{"type":"Feature","geometry":{"type":"Polygon","coordinates":[[[-0.04526,51.39931],[-0.05195,51.39812],[-0.05318,51.39364],[-0.04772,51.39036],[-0.04102,51.39155],[-0.0398,51.39603],[-0.04526,51.39931]]]},"properties":{"id":"88194ad0a3fffff","n":10,"five_pct":70.0,"low_pct":10.0,"awaiting":0,"awaiting_pct":0.0,"coffee":0,"takeaway_pct":50.0,"pubs":2,"specialty":0,"chain_pct":10.0,"borough":"Bromley"}},{"type":"Feature","geometry":{"type":"Polygon","coordinates":[[[-0.07807,51.41901],[-0.08476,51.41782],[-0.08599,51.41334],[-0.08052,51.41006],[-0.07382,51.41125],[-0.0726,51.41573],[-0.07807,51.41901]]]},"properties":{"id":"88194ad1d7fffff","n":15,"five_pct":85.7,"low_pct":14.3,"awaiting":1,"awaiting_pct":6.7,"coffee":1,"takeaway_pct":13.3,"pubs":2,"specialty":0,"chain_pct":0.0,"borough":"Croydon"}},{"type":"Feature","geometry":{"type":"Polygon","coordinates":[[[0.03345,51.3154],[0.02677,51.31421],[0.02554,51.30973],[0.03099,51.30644],[0.03766,51.30763],[0.0389,51.31211],[0.03345,51.3154]]]},"properties":{"id":"88194ad5ebfffff","n":19,"five_pct":64.7,"low_pct":0.0,"awaiting":1,"awaiting_pct":5.3,"coffee":0,"takeaway_pct":52.6,"pubs":3,"specialty":0,"chain_pct":5.3,"borough":"Bromley"}},{"type":"Feature","geometry":{"type":"Polygon","coordinates":[[[0.03979,51.38465],[0.0331,51.38346],[0.03187,51.37898],[0.03732,51.3757],[0.04401,51.37689],[0.04524,51.38136],[0.03979,51.38465]]]},"properties":{"id":"88194ad723fffff","n":5,"five_pct":null,"low_pct":null,"awaiting":0,"awaiting_pct":0.0,"coffee":0,"takeaway_pct":0.0,"pubs":1,"specialty":0,"chain_pct":0.0,"borough":"Bromley"}},{"type":"Feature","geometry":{"type":"Polygon","coordinates":[[[-0.03789,51.42617],[-0.04459,51.42498],[-0.04582,51.4205],[-0.04035,51.41722],[-0.03366,51.41841],[-0.03243,51.42289],[-0.03789,51.42617]]]},"properties":{"id":"88194ad0e1fffff","n":9,"five_pct":100.0,"low_pct":0.0,"awaiting":1,"awaiting_pct":11.1,"coffee":0,"takeaway_pct":44.4,"pubs":0,"specialty":0,"chain_pct":0.0,"borough":"Bromley"}},{"type":"Feature","geometry":{"type":"Polygon","coordinates":[[[-0.02464,51.3817],[-0.03133,51.3805],[-0.03255,51.37603],[-0.02709,51.37274],[-0.0204,51.37394],[-0.01918,51.37841],[-0.02464,51.3817]]]},"properties":{"id":"88194ad0b3fffff","n":15,"five_pct":73.3,"low_pct":6.7,"awaiting":0,"awaiting_pct":0.0,"coffee":0,"takeaway_pct":33.3,"pubs":1,"specialty":0,"chain_pct":6.7,"borough":"Bromley"}},{"type":"Feature","geometry":{"type":"Polygon","coordinates":[[[-0.00034,51.37751],[-0.00703,51.37632],[-0.00826,51.37184],[-0.0028,51.36856],[0.00389,51.36975],[0.00512,51.37423],[-0.00034,51.37751]]]},"properties":{"id":"88194ad569fffff","n":20,"five_pct":72.2,"low_pct":5.6,"awaiting":2,"awaiting_pct":10.0,"coffee":0,"takeaway_pct":30.0,"pubs":3,"specialty":0,"chain_pct":0.0,"borough":"Bromley"}},{"type":"Feature","geometry":{"type":"Polygon","coordinates":[[[0.09255,51.36848],[0.08587,51.3673],[0.08464,51.36282],[0.09008,51.35953],[0.09677,51.36072],[0.098,51.36519],[0.09255,51.36848]]]},"properties":{"id":"88194ad713fffff","n":9,"five_pct":75.0,"low_pct":0.0,"awaiting":0,"awaiting_pct":0.0,"coffee":0,"takeaway_pct":0.0,"pubs":2,"specialty":0,"chain_pct":0.0,"borough":"Bromley"}},{"type":"Feature","geometry":{"type":"Polygon","coordinates":[[[-0.10183,51.40199],[-0.10852,51.4008],[-0.10975,51.39632],[-0.10428,51.39304],[-0.09758,51.39423],[-0.09636,51.39871],[-0.10183,51.40199]]]},"properties":{"id":"88194ad1bbfffff","n":27,"five_pct":48.1,"low_pct":11.1,"awaiting":0,"awaiting_pct":0.0,"coffee":1,"takeaway_pct":59.3,"pubs":1,"specialty":0,"chain_pct":7.4,"borough":"Croydon"}},{"type":"Feature","geometry":{"type":"Polygon","coordinates":[[[-0.10608,51.40975],[-0.11277,51.40856],[-0.11399,51.40408],[-0.10852,51.4008],[-0.10183,51.40199],[-0.1006,51.40647],[-0.10608,51.40975]]]},"properties":{"id":"88194ad1b9fffff","n":9,"five_pct":62.5,"low_pct":12.5,"awaiting":1,"awaiting_pct":11.1,"coffee":0,"takeaway_pct":55.6,"pubs":0,"specialty":0,"chain_pct":0.0,"borough":"Croydon"}},{"type":"Feature","geometry":{"type":"Polygon","coordinates":[[[-0.10125,51.38079],[-0.10794,51.3796],[-0.10917,51.37512],[-0.1037,51.37184],[-0.09701,51.37303],[-0.09578,51.37751],[-0.10125,51.38079]]]},"properties":{"id":"88194ac267fffff","n":114,"five_pct":70.8,"low_pct":7.5,"awaiting":7,"awaiting_pct":6.1,"coffee":6,"takeaway_pct":24.6,"pubs":8,"specialty":0,"chain_pct":8.8,"borough":"Croydon"}},{"type":"Feature","geometry":{"type":"Polygon","coordinates":[[[-0.04415,51.35692],[-0.05084,51.35573],[-0.05206,51.35125],[-0.0466,51.34796],[-0.03992,51.34916],[-0.03869,51.35364],[-0.04415,51.35692]]]},"properties":{"id":"88194ac219fffff","n":5,"five_pct":60.0,"low_pct":40.0,"awaiting":0,"awaiting_pct":0.0,"coffee":0,"takeaway_pct":20.0,"pubs":0,"specialty":0,"chain_pct":0.0,"borough":"Croydon"}},{"type":"Feature","geometry":{"type":"Polygon","coordinates":[[[-0.10975,51.39632],[-0.11644,51.39512],[-0.11766,51.39064],[-0.11219,51.38736],[-0.1055,51.38856],[-0.10428,51.39304],[-0.10975,51.39632]]]},"properties":{"id":"88194ad1b3fffff","n":24,"five_pct":72.2,"low_pct":0.0,"awaiting":6,"awaiting_pct":25.0,"coffee":1,"takeaway_pct":45.8,"pubs":0,"specialty":0,"chain_pct":4.2,"borough":"Croydon"}},{"type":"Feature","geometry":{"type":"Polygon","coordinates":[[[-0.08909,51.37871],[-0.09578,51.37751],[-0.09701,51.37303],[-0.09154,51.36975],[-0.08485,51.37095],[-0.08362,51.37543],[-0.08909,51.37871]]]},"properties":{"id":"88194ac263fffff","n":62,"five_pct":80.0,"low_pct":3.3,"awaiting":1,"awaiting_pct":1.6,"coffee":7,"takeaway_pct":43.5,"pubs":4,"specialty":0,"chain_pct":14.5,"borough":"Croydon"}},{"type":"Feature","geometry":{"type":"Polygon","coordinates":[[[-0.11958,51.31358],[-0.12626,51.31238],[-0.12748,51.30789],[-0.12202,51.30461],[-0.11533,51.30581],[-0.11411,51.3103],[-0.11958,51.31358]]]},"properties":{"id":"88194ac015fffff","n":10,"five_pct":55.6,"low_pct":0.0,"awaiting":1,"awaiting_pct":10.0,"coffee":1,"takeaway_pct":10.0,"pubs":2,"specialty":0,"chain_pct":0.0,"borough":"Croydon"}},{"type":"Feature","geometry":{"type":"Polygon","coordinates":[[[-0.12133,51.3772],[-0.12802,51.376],[-0.12924,51.37152],[-0.12377,51.36824],[-0.11708,51.36944],[-0.11586,51.37392],[-0.12133,51.3772]]]},"properties":{"id":"88194ac353fffff","n":6,"five_pct":33.3,"low_pct":0.0,"awaiting":0,"awaiting_pct":0.0,"coffee":0,"takeaway_pct":16.7,"pubs":1,"specialty":0,"chain_pct":16.7,"borough":"Croydon"}},{"type":"Feature","geometry":{"type":"Polygon","coordinates":[[[-0.09643,51.35183],[-0.10312,51.35063],[-0.10434,51.34615],[-0.09888,51.34287],[-0.09219,51.34407],[-0.09097,51.34855],[-0.09643,51.35183]]]},"properties":{"id":"88194ac235fffff","n":15,"five_pct":35.7,"low_pct":21.4,"awaiting":1,"awaiting_pct":6.7,"coffee":3,"takeaway_pct":46.7,"pubs":1,"specialty":0,"chain_pct":0.0,"borough":"Croydon"}},{"type":"Feature","geometry":{"type":"Polygon","coordinates":[[[-0.05998,51.34557],[-0.06666,51.34437],[-0.06789,51.33989],[-0.06243,51.33661],[-0.05574,51.33781],[-0.05452,51.34229],[-0.05998,51.34557]]]},"properties":{"id":"88194ac217fffff","n":24,"five_pct":69.6,"low_pct":4.3,"awaiting":1,"awaiting_pct":4.2,"coffee":1,"takeaway_pct":20.8,"pubs":3,"specialty":0,"chain_pct":8.3,"borough":"Croydon"}},{"type":"Feature","geometry":{"type":"Polygon","coordinates":[[[-0.11399,51.40408],[-0.12069,51.40288],[-0.12191,51.3984],[-0.11644,51.39512],[-0.10975,51.39632],[-0.10852,51.4008],[-0.11399,51.40408]]]},"properties":{"id":"88194ad1b1fffff","n":24,"five_pct":37.5,"low_pct":4.2,"awaiting":0,"awaiting_pct":0.0,"coffee":0,"takeaway_pct":45.8,"pubs":0,"specialty":0,"chain_pct":4.2,"borough":"Croydon"}},{"type":"Feature","geometry":{"type":"Polygon","coordinates":[[[-0.09701,51.37303],[-0.1037,51.37184],[-0.10492,51.36736],[-0.09945,51.36407],[-0.09276,51.36527],[-0.09154,51.36975],[-0.09701,51.37303]]]},"properties":{"id":"88194ac229fffff","n":74,"five_pct":43.5,"low_pct":5.8,"awaiting":5,"awaiting_pct":6.8,"coffee":2,"takeaway_pct":23.0,"pubs":6,"specialty":0,"chain_pct":1.4,"borough":"Croydon"}},{"type":"Feature","geometry":{"type":"Polygon","coordinates":[[[-0.11265,51.50226],[-0.11936,51.50107],[-0.12058,51.49659],[-0.1151,51.49331],[-0.1084,51.4945],[-0.10717,51.49898],[-0.11265,51.50226]]]},"properties":{"id":"88194ad149fffff","n":75,"five_pct":62.5,"low_pct":2.8,"awaiting":3,"awaiting_pct":4.0,"coffee":4,"takeaway_pct":16.0,"pubs":9,"specialty":1,"chain_pct":4.0,"borough":"Lambeth"}},{"type":"Feature","geometry":{"type":"Polygon","coordinates":[[[-0.3258,51.58772],[-0.33253,51.58652],[-0.33374,51.58204],[-0.32822,51.57877],[-0.3215,51.57997],[-0.32029,51.58445],[-0.3258,51.58772]]]},"properties":{"id":"88195daecdfffff","n":60,"five_pct":50.0,"low_pct":6.5,"awaiting":14,"awaiting_pct":23.3,"coffee":0,"takeaway_pct":15.0,"pubs":1,"specialty":0,"chain_pct":1.7,"borough":"Harrow"}},{"type":"Feature","geometry":{"type":"Polygon","coordinates":[[[-0.29404,51.61043],[-0.30077,51.60923],[-0.30199,51.60476],[-0.29647,51.60148],[-0.28975,51.60268],[-0.28853,51.60716],[-0.29404,51.61043]]]},"properties":{"id":"88195da563fffff","n":19,"five_pct":66.7,"low_pct":0.0,"awaiting":1,"awaiting_pct":5.3,"coffee":0,"takeaway_pct":5.3,"pubs":0,"specialty":0,"chain_pct":0.0,"borough":"Harrow"}},{"type":"Feature","geometry":{"type":"Polygon","coordinates":[[[-0.37477,51.596],[-0.38149,51.59479],[-0.3827,51.59031],[-0.37718,51.58704],[-0.37046,51.58825],[-0.36925,51.59273],[-0.37477,51.596]]]},"properties":{"id":"88195dae31fffff","n":20,"five_pct":77.8,"low_pct":0.0,"awaiting":2,"awaiting_pct":10.0,"coffee":1,"takeaway_pct":10.0,"pubs":1,"specialty":0,"chain_pct":10.0,"borough":"Harrow"}},{"type":"Feature","geometry":{"type":"Polygon","coordinates":[[[-0.35889,51.60736],[-0.36562,51.60616],[-0.36683,51.60168],[-0.36131,51.59841],[-0.35458,51.59961],[-0.35337,51.60409],[-0.35889,51.60736]]]},"properties":{"id":"88195dae03fffff","n":11,"five_pct":50.0,"low_pct":0.0,"awaiting":1,"awaiting_pct":9.1,"coffee":1,"takeaway_pct":18.2,"pubs":1,"specialty":0,"chain_pct":0.0,"borough":"Harrow"}},{"type":"Feature","geometry":{"type":"Polygon","coordinates":[[[-0.37409,51.57481],[-0.38081,51.57361],[-0.38202,51.56913],[-0.3765,51.56586],[-0.36978,51.56706],[-0.36857,51.57154],[-0.37409,51.57481]]]},"properties":{"id":"88195dac5bfffff","n":11,"five_pct":50.0,"low_pct":25.0,"awaiting":2,"awaiting_pct":18.2,"coffee":0,"takeaway_pct":27.3,"pubs":0,"specialty":0,"chain_pct":9.1,"borough":"Harrow"}},{"type":"Feature","geometry":{"type":"Polygon","coordinates":[[[-0.2904,51.62386],[-0.29713,51.62266],[-0.29834,51.61818],[-0.29283,51.61491],[-0.2861,51.61611],[-0.28489,51.62058],[-0.2904,51.62386]]]},"properties":{"id":"88195da569fffff","n":5,"five_pct":null,"low_pct":null,"awaiting":0,"awaiting_pct":0.0,"coffee":0,"takeaway_pct":20.0,"pubs":0,"specialty":0,"chain_pct":20.0,"borough":"Barnet"}},{"type":"Feature","geometry":{"type":"Polygon","coordinates":[[[-0.41152,51.60219],[-0.41824,51.60099],[-0.41945,51.59651],[-0.41393,51.59324],[-0.4072,51.59444],[-0.40599,51.59892],[-0.41152,51.60219]]]},"properties":{"id":"88195dac4dfffff","n":11,"five_pct":18.2,"low_pct":18.2,"awaiting":0,"awaiting_pct":0.0,"coffee":0,"takeaway_pct":36.4,"pubs":1,"specialty":0,"chain_pct":9.1,"borough":"Hillingdon"}},{"type":"Feature","geometry":{"type":"Polygon","coordinates":[[[-0.08149,51.54609],[-0.0882,51.5449],[-0.08943,51.54043],[-0.08394,51.53715],[-0.07723,51.53834],[-0.076,51.54281],[-0.08149,51.54609]]]},"properties":{"id":"88195da693fffff","n":22,"five_pct":66.7,"low_pct":5.6,"awaiting":4,"awaiting_pct":18.2,"coffee":2,"takeaway_pct":4.5,"pubs":5,"specialty":0,"chain_pct":0.0,"borough":"Hackney"}},{"type":"Feature","geometry":{"type":"Polygon","coordinates":[[[0.00597,51.44673],[-0.00073,51.44554],[-0.00196,51.44107],[0.00351,51.43778],[0.0102,51.43897],[0.01143,51.44344],[0.00597,51.44673]]]},"properties":{"id":"88194ad2a1fffff","n":10,"five_pct":62.5,"low_pct":0.0,"awaiting":2,"awaiting_pct":20.0,"coffee":0,"takeaway_pct":30.0,"pubs":0,"specialty":0,"chain_pct":0.0,"borough":"Lewisham"}},{"type":"Feature","geometry":{"type":"Polygon","coordinates":[[[-0.01043,51.45659],[-0.01713,51.4554],[-0.01835,51.45092],[-0.01289,51.44764],[-0.00619,51.44883],[-0.00496,51.4533],[-0.01043,51.45659]]]},"properties":{"id":"88194ad053fffff","n":32,"five_pct":55.2,"low_pct":3.4,"awaiting":2,"awaiting_pct":6.2,"coffee":0,"takeaway_pct":28.1,"pubs":2,"specialty":0,"chain_pct":6.2,"borough":"Lewisham"}},{"type":"Feature","geometry":{"type":"Polygon","coordinates":[[[-0.04324,51.47629],[-0.04995,51.4751],[-0.05117,51.47063],[-0.0457,51.46734],[-0.039,51.46853],[-0.03777,51.47301],[-0.04324,51.47629]]]},"properties":{"id":"88194ad047fffff","n":27,"five_pct":41.7,"low_pct":0.0,"awaiting":3,"awaiting_pct":11.1,"coffee":4,"takeaway_pct":40.7,"pubs":2,"specialty":0,"chain_pct":3.7,"borough":"Lewisham"}},{"type":"Feature","geometry":{"type":"Polygon","coordinates":[[[-0.02204,51.4375],[-0.02874,51.43631],[-0.02997,51.43184],[-0.0245,51.42855],[-0.01781,51.42974],[-0.01658,51.43422],[-0.02204,51.4375]]]},"properties":{"id":"88194ad013fffff","n":23,"five_pct":50.0,"low_pct":0.0,"awaiting":3,"awaiting_pct":13.0,"coffee":1,"takeaway_pct":47.8,"pubs":1,"specialty":0,"chain_pct":0.0,"borough":"Lewisham"}},{"type":"Feature","geometry":{"type":"Polygon","coordinates":[[[-0.0189,51.4721],[-0.0256,51.47091],[-0.02683,51.46644],[-0.02136,51.46316],[-0.01466,51.46434],[-0.01343,51.46882],[-0.0189,51.4721]]]},"properties":{"id":"88194ad05dfffff","n":19,"five_pct":46.7,"low_pct":6.7,"awaiting":4,"awaiting_pct":21.1,"coffee":0,"takeaway_pct":31.6,"pubs":3,"specialty":0,"chain_pct":0.0,"borough":"Lewisham"}},{"type":"Feature","geometry":{"type":"Polygon","coordinates":[[[-0.18643,51.53595],[-0.19315,51.53475],[-0.19437,51.53028],[-0.18888,51.527],[-0.18216,51.5282],[-0.18094,51.53267],[-0.18643,51.53595]]]},"properties":{"id":"88195da4a9fffff","n":19,"five_pct":66.7,"low_pct":11.1,"awaiting":1,"awaiting_pct":5.3,"coffee":1,"takeaway_pct":10.5,"pubs":1,"specialty":1,"chain_pct":5.3,"borough":"Westminster"}},{"type":"Feature","geometry":{"type":"Polygon","coordinates":[[[-0.09173,51.62508],[-0.09845,51.62389],[-0.09967,51.61942],[-0.09418,51.61614],[-0.08746,51.61733],[-0.08623,51.62179],[-0.09173,51.62508]]]},"properties":{"id":"88195da65bfffff","n":5,"five_pct":null,"low_pct":null,"awaiting":1,"awaiting_pct":20.0,"coffee":0,"takeaway_pct":20.0,"pubs":2,"specialty":0,"chain_pct":0.0,"borough":"Enfield"}},{"type":"Feature","geometry":{"type":"Polygon","coordinates":[[[-0.18033,51.60513],[-0.18705,51.60394],[-0.18827,51.59947],[-0.18277,51.59619],[-0.17605,51.59738],[-0.17483,51.60186],[-0.18033,51.60513]]]},"properties":{"id":"88195da441fffff","n":5,"five_pct":40.0,"low_pct":0.0,"awaiting":0,"awaiting_pct":0.0,"coffee":0,"takeaway_pct":40.0,"pubs":0,"specialty":0,"chain_pct":0.0,"borough":"Barnet"}},{"type":"Feature","geometry":{"type":"Polygon","coordinates":[[[-0.22066,51.59797],[-0.22738,51.59677],[-0.2286,51.5923],[-0.22309,51.58902],[-0.21637,51.59022],[-0.21515,51.59469],[-0.22066,51.59797]]]},"properties":{"id":"88195da467fffff","n":17,"five_pct":35.7,"low_pct":14.3,"awaiting":3,"awaiting_pct":17.6,"coffee":0,"takeaway_pct":41.2,"pubs":0,"specialty":0,"chain_pct":0.0,"borough":"Barnet"}},{"type":"Feature","geometry":{"type":"Polygon","coordinates":[[[-0.17299,51.63196],[-0.17971,51.63077],[-0.18093,51.6263],[-0.17543,51.62302],[-0.16871,51.62421],[-0.16749,51.62868],[-0.17299,51.63196]]]},"properties":{"id":"88195da62dfffff","n":30,"five_pct":46.4,"low_pct":7.1,"awaiting":1,"awaiting_pct":3.3,"coffee":2,"takeaway_pct":16.7,"pubs":4,"specialty":0,"chain_pct":3.3,"borough":"Barnet"}},{"type":"Feature","geometry":{"type":"Polygon","coordinates":[[[-0.17359,51.65312],[-0.18032,51.65193],[-0.18154,51.64746],[-0.17604,51.64418],[-0.16931,51.64537],[-0.16809,51.64984],[-0.17359,51.65312]]]},"properties":{"id":"88195db5b3fffff","n":33,"five_pct":62.5,"low_pct":9.4,"awaiting":0,"awaiting_pct":0.0,"coffee":1,"takeaway_pct":36.4,"pubs":6,"specialty":0,"chain_pct":3.0,"borough":"Barnet"}},{"type":"Feature","geometry":{"type":"Polygon","coordinates":[[[-0.20477,51.6093],[-0.21149,51.60811],[-0.21271,51.60363],[-0.20721,51.60036],[-0.20049,51.60155],[-0.19927,51.60603],[-0.20477,51.6093]]]},"properties":{"id":"88195da469fffff","n":8,"five_pct":85.7,"low_pct":14.3,"awaiting":0,"awaiting_pct":0.0,"coffee":0,"takeaway_pct":37.5,"pubs":2,"specialty":0,"chain_pct":0.0,"borough":"Barnet"}},{"type":"Feature","geometry":{"type":"Polygon","coordinates":[[[-0.16136,51.65103],[-0.16809,51.64984],[-0.16931,51.64537],[-0.16381,51.64209],[-0.15709,51.64328],[-0.15586,51.64775],[-0.16136,51.65103]]]},"properties":{"id":"88195da66dfffff","n":18,"five_pct":41.2,"low_pct":5.9,"awaiting":1,"awaiting_pct":5.6,"coffee":1,"takeaway_pct":27.8,"pubs":1,"specialty":0,"chain_pct":5.6,"borough":"Barnet"}},{"type":"Feature","geometry":{"type":"Polygon","coordinates":[[[-0.18888,51.62063],[-0.19561,51.61944],[-0.19683,51.61497],[-0.19132,51.61169],[-0.1846,51.61288],[-0.18338,51.61736],[-0.18888,51.62063]]]},"properties":{"id":"88195da71bfffff","n":5,"five_pct":100.0,"low_pct":0.0,"awaiting":0,"awaiting_pct":0.0,"coffee":1,"takeaway_pct":0.0,"pubs":2,"specialty":0,"chain_pct":0.0,"borough":"Barnet"}},{"type":"Feature","geometry":{"type":"Polygon","coordinates":[[[-0.16443,51.61646],[-0.17116,51.61527],[-0.17238,51.6108],[-0.16688,51.60752],[-0.16016,51.60871],[-0.15894,51.61318],[-0.16443,51.61646]]]},"properties":{"id":"88195da623fffff","n":9,"five_pct":55.6,"low_pct":22.2,"awaiting":0,"awaiting_pct":0.0,"coffee":0,"takeaway_pct":33.3,"pubs":1,"specialty":0,"chain_pct":0.0,"borough":"Barnet"}},{"type":"Feature","geometry":{"type":"Polygon","coordinates":[[[-0.25734,51.60421],[-0.26406,51.60301],[-0.26528,51.59853],[-0.25977,51.59526],[-0.25305,51.59645],[-0.25183,51.60093],[-0.25734,51.60421]]]},"properties":{"id":"88195da555fffff","n":7,"five_pct":57.1,"low_pct":0.0,"awaiting":0,"awaiting_pct":0.0,"coffee":0,"takeaway_pct":14.3,"pubs":0,"specialty":0,"chain_pct":0.0,"borough":"Barnet"}},{"type":"Feature","geometry":{"type":"Polygon","coordinates":[[[-0.20415,51.58813],[-0.21087,51.58694],[-0.21209,51.58246],[-0.20659,51.57919],[-0.19987,51.58038],[-0.19865,51.58486],[-0.20415,51.58813]]]},"properties":{"id":"88195da405fffff","n":11,"five_pct":60.0,"low_pct":0.0,"awaiting":1,"awaiting_pct":9.1,"coffee":1,"takeaway_pct":0.0,"pubs":1,"specialty":0,"chain_pct":9.1,"borough":"Barnet"}},{"type":"Feature","geometry":{"type":"Polygon","coordinates":[[[-0.14427,51.62004],[-0.15099,51.61884],[-0.15221,51.61437],[-0.14672,51.61109],[-0.14,51.61228],[-0.13877,51.61675],[-0.14427,51.62004]]]},"properties":{"id":"88195da607fffff","n":15,"five_pct":27.3,"low_pct":0.0,"awaiting":4,"awaiting_pct":26.7,"coffee":0,"takeaway_pct":40.0,"pubs":1,"specialty":0,"chain_pct":0.0,"borough":"Barnet"}},{"type":"Feature","geometry":{"type":"Polygon","coordinates":[[[-0.16871,51.62421],[-0.17543,51.62302],[-0.17666,51.61855],[-0.17116,51.61527],[-0.16443,51.61646],[-0.16321,51.62093],[-0.16871,51.62421]]]},"properties":{"id":"88195da621fffff","n":5,"five_pct":null,"low_pct":null,"awaiting":1,"awaiting_pct":20.0,"coffee":0,"takeaway_pct":20.0,"pubs":1,"specialty":0,"chain_pct":0.0,"borough":"Barnet"}},{"type":"Feature","geometry":{"type":"Polygon","coordinates":[[[-0.15221,51.61437],[-0.15894,51.61318],[-0.16016,51.60871],[-0.15466,51.60543],[-0.14794,51.60662],[-0.14672,51.61109],[-0.15221,51.61437]]]},"properties":{"id":"88195da63dfffff","n":12,"five_pct":41.7,"low_pct":0.0,"awaiting":0,"awaiting_pct":0.0,"coffee":1,"takeaway_pct":41.7,"pubs":0,"specialty":0,"chain_pct":8.3,"borough":"Barnet"}},{"type":"Feature","geometry":{"type":"Polygon","coordinates":[[[-0.27021,51.62745],[-0.27694,51.62626],[-0.27816,51.62178],[-0.27265,51.61851],[-0.26592,51.6197],[-0.26471,51.62418],[-0.27021,51.62745]]]},"properties":{"id":"88195da54dfffff","n":7,"five_pct":33.3,"low_pct":0.0,"awaiting":0,"awaiting_pct":0.0,"coffee":0,"takeaway_pct":57.1,"pubs":0,"specialty":0,"chain_pct":0.0,"borough":"Barnet"}},{"type":"Feature","geometry":{"type":"Polygon","coordinates":[[[-0.24146,51.61555],[-0.24818,51.61435],[-0.2494,51.60988],[-0.24389,51.6066],[-0.23717,51.6078],[-0.23595,51.61227],[-0.24146,51.61555]]]},"properties":{"id":"88195da737fffff","n":5,"five_pct":20.0,"low_pct":20.0,"awaiting":0,"awaiting_pct":0.0,"coffee":0,"takeaway_pct":0.0,"pubs":1,"specialty":0,"chain_pct":0.0,"borough":"Barnet"}},{"type":"Feature","geometry":{"type":"Polygon","coordinates":[[[-0.14854,51.62778],[-0.15526,51.62659],[-0.15649,51.62212],[-0.15099,51.61884],[-0.14427,51.62004],[-0.14304,51.6245],[-0.14854,51.62778]]]},"properties":{"id":"88195da605fffff","n":5,"five_pct":40.0,"low_pct":20.0,"awaiting":0,"awaiting_pct":0.0,"coffee":0,"takeaway_pct":60.0,"pubs":0,"specialty":0,"chain_pct":0.0,"borough":"Barnet"}},{"type":"Feature","geometry":{"type":"Polygon","coordinates":[[[-0.0571,51.5419],[-0.06381,51.54071],[-0.06504,51.53624],[-0.05956,51.53296],[-0.05285,51.53415],[-0.05162,51.53862],[-0.0571,51.5419]]]},"properties":{"id":"88194ad349fffff","n":137,"five_pct":62.6,"low_pct":12.2,"awaiting":13,"awaiting_pct":9.5,"coffee":1,"takeaway_pct":15.3,"pubs":9,"specialty":2,"chain_pct":0.0,"borough":"Hackney"}},{"type":"Feature","geometry":{"type":"Polygon","coordinates":[[[-0.06135,51.54966],[-0.06807,51.54847],[-0.06929,51.544],[-0.06381,51.54071],[-0.0571,51.5419],[-0.05587,51.54637],[-0.06135,51.54966]]]},"properties":{"id":"88194e69a7fffff","n":23,"five_pct":52.6,"low_pct":5.3,"awaiting":4,"awaiting_pct":17.4,"coffee":3,"takeaway_pct":17.4,"pubs":1,"specialty":0,"chain_pct":0.0,"borough":"Hackney"}},{"type":"Feature","geometry":{"type":"Polygon","coordinates":[[[-0.12058,51.49659],[-0.12729,51.4954],[-0.12851,51.49092],[-0.12303,51.48764],[-0.11633,51.48884],[-0.1151,51.49331],[-0.12058,51.49659]]]},"properties":{"id":"88194ad141fffff","n":46,"five_pct":57.8,"low_pct":4.4,"awaiting":1,"awaiting_pct":2.2,"coffee":1,"takeaway_pct":17.4,"pubs":4,"specialty":0,"chain_pct":2.2,"borough":"Lambeth"}},{"type":"Feature","geometry":{"type":"Polygon","coordinates":[[[-0.04491,51.53981],[-0.05162,51.53862],[-0.05285,51.53415],[-0.04738,51.53086],[-0.04067,51.53205],[-0.03944,51.53652],[-0.04491,51.53981]]]},"properties":{"id":"88194e69b5fffff","n":28,"five_pct":63.6,"low_pct":22.7,"awaiting":5,"awaiting_pct":17.9,"coffee":0,"takeaway_pct":7.1,"pubs":7,"specialty":1,"chain_pct":0.0,"borough":"Hackney"}},{"type":"Feature","geometry":{"type":"Polygon","coordinates":[[[-0.03328,51.55887],[-0.03999,51.55769],[-0.04122,51.55322],[-0.03574,51.54993],[-0.02903,51.55112],[-0.0278,51.55559],[-0.03328,51.55887]]]},"properties":{"id":"88194e6985fffff","n":8,"five_pct":66.7,"low_pct":0.0,"awaiting":2,"awaiting_pct":25.0,"coffee":0,"takeaway_pct":25.0,"pubs":0,"specialty":0,"chain_pct":0.0,"borough":"Hackney"}},{"type":"Feature","geometry":{"type":"Polygon","coordinates":[[[-0.06192,51.57082],[-0.06863,51.56963],[-0.06986,51.56516],[-0.06438,51.56188],[-0.05767,51.56307],[-0.05643,51.56754],[-0.06192,51.57082]]]},"properties":{"id":"88195da6dbfffff","n":26,"five_pct":70.8,"low_pct":4.2,"awaiting":2,"awaiting_pct":7.7,"coffee":0,"takeaway_pct":15.4,"pubs":2,"specialty":0,"chain_pct":0.0,"borough":"Hackney"}},{"type":"Feature","geometry":{"type":"Polygon","coordinates":[[[0.07736,51.49763],[0.07066,51.49645],[0.06943,51.49198],[0.07489,51.48869],[0.08159,51.48988],[0.08282,51.49435],[0.07736,51.49763]]]},"properties":{"id":"88194e6d63fffff","n":28,"five_pct":65.2,"low_pct":4.3,"awaiting":5,"awaiting_pct":17.9,"coffee":1,"takeaway_pct":17.9,"pubs":3,"specialty":1,"chain_pct":3.6,"borough":"Greenwich"}},{"type":"Feature","geometry":{"type":"Polygon","coordinates":[[[-0.06873,51.52283],[-0.07544,51.52164],[-0.07666,51.51716],[-0.07118,51.51388],[-0.06448,51.51507],[-0.06325,51.51954],[-0.06873,51.52283]]]},"properties":{"id":"88194ad309fffff","n":325,"five_pct":69.6,"low_pct":6.6,"awaiting":36,"awaiting_pct":11.1,"coffee":15,"takeaway_pct":23.7,"pubs":19,"specialty":1,"chain_pct":1.8,"borough":"Tower Hamlets"}},{"type":"Feature","geometry":{"type":"Polygon","coordinates":[[[-0.12367,51.46198],[-0.13037,51.46079],[-0.13159,51.45631],[-0.12612,51.45303],[-0.11941,51.45422],[-0.11819,51.4587],[-0.12367,51.46198]]]},"properties":{"id":"88194ad115fffff","n":44,"five_pct":37.2,"low_pct":7.0,"awaiting":1,"awaiting_pct":2.3,"coffee":2,"takeaway_pct":40.9,"pubs":4,"specialty":0,"chain_pct":0.0,"borough":"Lambeth"}},{"type":"Feature","geometry":{"type":"Polygon","coordinates":[[[-0.12793,51.46974],[-0.13463,51.46854],[-0.13585,51.46407],[-0.13037,51.46079],[-0.12367,51.46198],[-0.12245,51.46646],[-0.12793,51.46974]]]},"properties":{"id":"88194ad103fffff","n":56,"five_pct":45.3,"low_pct":13.2,"awaiting":3,"awaiting_pct":5.4,"coffee":3,"takeaway_pct":25.0,"pubs":12,"specialty":0,"chain_pct":1.8,"borough":"Lambeth"}},{"type":"Feature","geometry":{"type":"Polygon","coordinates":[[[-0.13952,51.45063],[-0.14622,51.44944],[-0.14744,51.44496],[-0.14196,51.44168],[-0.13526,51.44288],[-0.13404,51.44735],[-0.13952,51.45063]]]},"properties":{"id":"88194ad133fffff","n":13,"five_pct":41.7,"low_pct":0.0,"awaiting":1,"awaiting_pct":7.7,"coffee":1,"takeaway_pct":69.2,"pubs":0,"specialty":0,"chain_pct":0.0,"borough":"Lambeth"}},{"type":"Feature","geometry":{"type":"Polygon","coordinates":[[[0.05838,51.61326],[0.05167,51.61208],[0.05043,51.60762],[0.05591,51.60433],[0.06262,51.60551],[0.06386,51.60997],[0.05838,51.61326]]]},"properties":{"id":"88194e684bfffff","n":8,"five_pct":87.5,"low_pct":12.5,"awaiting":0,"awaiting_pct":0.0,"coffee":1,"takeaway_pct":25.0,"pubs":1,"specialty":0,"chain_pct":12.5,"borough":"Redbridge"}},{"type":"Feature","geometry":{"type":"Polygon","coordinates":[[[0.06737,51.57661],[0.06066,51.57543],[0.05942,51.57096],[0.06489,51.56768],[0.0716,51.56886],[0.07284,51.57332],[0.06737,51.57661]]]},"properties":{"id":"88194e681bfffff","n":35,"five_pct":71.0,"low_pct":12.9,"awaiting":4,"awaiting_pct":11.4,"coffee":1,"takeaway_pct":34.3,"pubs":0,"specialty":0,"chain_pct":0.0,"borough":"Redbridge"}},{"type":"Feature","geometry":{"type":"Polygon","coordinates":[[[0.07531,51.58225],[0.06861,51.58107],[0.06737,51.57661],[0.07284,51.57332],[0.07955,51.5745],[0.08078,51.57897],[0.07531,51.58225]]]},"properties":{"id":"88194e6aa5fffff","n":22,"five_pct":52.4,"low_pct":14.3,"awaiting":1,"awaiting_pct":4.5,"coffee":2,"takeaway_pct":31.8,"pubs":1,"specialty":0,"chain_pct":0.0,"borough":"Redbridge"}},{"type":"Feature","geometry":{"type":"Polygon","coordinates":[[[0.12029,51.56042],[0.11358,51.55924],[0.11234,51.55477],[0.11781,51.55149],[0.12451,51.55266],[0.12575,51.55713],[0.12029,51.56042]]]},"properties":{"id":"88194e6abbfffff","n":7,"five_pct":40.0,"low_pct":0.0,"awaiting":2,"awaiting_pct":28.6,"coffee":0,"takeaway_pct":14.3,"pubs":1,"specialty":0,"chain_pct":0.0,"borough":"Barking and Dagenham"}},{"type":"Feature","geometry":{"type":"Polygon","coordinates":[[[0.11607,51.56817],[0.10936,51.56699],[0.10812,51.56253],[0.11358,51.55924],[0.12029,51.56042],[0.12153,51.56488],[0.11607,51.56817]]]},"properties":{"id":"88194e6ab9fffff","n":46,"five_pct":48.8,"low_pct":7.3,"awaiting":5,"awaiting_pct":10.9,"coffee":1,"takeaway_pct":50.0,"pubs":1,"specialty":0,"chain_pct":4.3,"borough":"Redbridge"}},{"type":"Feature","geometry":{"type":"Polygon","coordinates":[[[0.08377,51.56675],[0.07707,51.56557],[0.07583,51.5611],[0.0813,51.55782],[0.088,51.559],[0.08924,51.56346],[0.08377,51.56675]]]},"properties":{"id":"88194e68c9fffff","n":75,"five_pct":36.9,"low_pct":16.9,"awaiting":10,"awaiting_pct":13.3,"coffee":5,"takeaway_pct":41.3,"pubs":1,"specialty":0,"chain_pct":0.0,"borough":"Redbridge"}},{"type":"Feature","geometry":{"type":"Polygon","coordinates":[[[0.10289,51.61257],[0.09618,51.61139],[0.09494,51.60693],[0.10041,51.60364],[0.10712,51.60482],[0.10836,51.60928],[0.10289,51.61257]]]},"properties":{"id":"88194e6a17fffff","n":7,"five_pct":85.7,"low_pct":0.0,"awaiting":0,"awaiting_pct":0.0,"coffee":0,"takeaway_pct":28.6,"pubs":1,"specialty":0,"chain_pct":0.0,"borough":"Redbridge"}},{"type":"Feature","geometry":{"type":"Polygon","coordinates":[[[0.10762,51.58367],[0.10091,51.5825],[0.09967,51.57803],[0.10514,51.57475],[0.11184,51.57592],[0.11309,51.58039],[0.10762,51.58367]]]},"properties":{"id":"88194e6a85fffff","n":5,"five_pct":null,"low_pct":null,"awaiting":2,"awaiting_pct":40.0,"coffee":0,"takeaway_pct":20.0,"pubs":0,"specialty":0,"chain_pct":0.0,"borough":"Redbridge"}},{"type":"Feature","geometry":{"type":"Polygon","coordinates":[[[0.05043,51.60762],[0.04372,51.60644],[0.04248,51.60197],[0.04795,51.59869],[0.05467,51.59987],[0.05591,51.60433],[0.05043,51.60762]]]},"properties":{"id":"88194e6843fffff","n":9,"five_pct":77.8,"low_pct":0.0,"awaiting":0,"awaiting_pct":0.0,"coffee":0,"takeaway_pct":44.4,"pubs":1,"specialty":0,"chain_pct":0.0,"borough":"Redbridge"}},{"type":"Feature","geometry":{"type":"Polygon","coordinates":[[[0.08699,51.60129],[0.08027,51.60011],[0.07903,51.59565],[0.0845,51.59236],[0.09122,51.59354],[0.09246,51.598],[0.08699,51.60129]]]},"properties":{"id":"88194e6ae5fffff","n":13,"five_pct":75.0,"low_pct":8.3,"awaiting":1,"awaiting_pct":7.7,"coffee":0,"takeaway_pct":38.5,"pubs":4,"specialty":0,"chain_pct":0.0,"borough":"Redbridge"}},{"type":"Feature","geometry":{"type":"Polygon","coordinates":[[[0.02658,51.59068],[0.01987,51.5895],[0.01863,51.58503],[0.02411,51.58175],[0.03082,51.58293],[0.03206,51.58739],[0.02658,51.59068]]]},"properties":{"id":"88194e6807fffff","n":6,"five_pct":66.7,"low_pct":0.0,"awaiting":0,"awaiting_pct":0.0,"coffee":0,"takeaway_pct":66.7,"pubs":0,"specialty":0,"chain_pct":0.0,"borough":"Redbridge"}},{"type":"Feature","geometry":{"type":"Polygon","coordinates":[[[0.13619,51.5717],[0.12948,51.57052],[0.12824,51.56606],[0.1337,51.56277],[0.1404,51.56394],[0.14165,51.56841],[0.13619,51.5717]]]},"properties":{"id":"88194e6a9dfffff","n":23,"five_pct":47.6,"low_pct":0.0,"awaiting":2,"awaiting_pct":8.7,"coffee":1,"takeaway_pct":56.5,"pubs":1,"specialty":0,"chain_pct":0.0,"borough":"Barking and Dagenham"}},{"type":"Feature","geometry":{"type":"Polygon","coordinates":[[[-0.02424,51.5222],[-0.03095,51.52101],[-0.03218,51.51654],[-0.0267,51.51326],[-0.02,51.51445],[-0.01877,51.51892],[-0.02424,51.5222]]]},"properties":{"id":"88194ad265fffff","n":14,"five_pct":83.3,"low_pct":8.3,"awaiting":2,"awaiting_pct":14.3,"coffee":0,"takeaway_pct":28.6,"pubs":0,"specialty":1,"chain_pct":0.0,"borough":"Tower Hamlets"}},{"type":"Feature","geometry":{"type":"Polygon","coordinates":[[[-0.04436,51.51864],[-0.05106,51.51745],[-0.05229,51.51298],[-0.04682,51.5097],[-0.04011,51.51088],[-0.03888,51.51535],[-0.04436,51.51864]]]},"properties":{"id":"88194ad351fffff","n":37,"five_pct":69.4,"low_pct":0.0,"awaiting":0,"awaiting_pct":0.0,"coffee":0,"takeaway_pct":24.3,"pubs":4,"specialty":0,"chain_pct":0.0,"borough":"Tower Hamlets"}},{"type":"Feature","geometry":{"type":"Polygon","coordinates":[[[-0.05229,51.51298],[-0.059,51.51179],[-0.06023,51.50732],[-0.05475,51.50403],[-0.04805,51.50522],[-0.04682,51.5097],[-0.05229,51.51298]]]},"properties":{"id":"88194ad357fffff","n":22,"five_pct":52.6,"low_pct":10.5,"awaiting":2,"awaiting_pct":9.1,"coffee":0,"takeaway_pct":22.7,"pubs":1,"specialty":0,"chain_pct":0.0,"borough":"Tower Hamlets"}},{"type":"Feature","geometry":{"type":"Polygon","coordinates":[[[-0.0163,51.52786],[-0.02301,51.52667],[-0.02424,51.5222],[-0.01877,51.51892],[-0.01206,51.5201],[-0.01083,51.52457],[-0.0163,51.52786]]]},"properties":{"id":"88194ad26dfffff","n":49,"five_pct":72.3,"low_pct":0.0,"awaiting":1,"awaiting_pct":2.0,"coffee":3,"takeaway_pct":32.7,"pubs":2,"specialty":0,"chain_pct":2.0,"borough":"Tower Hamlets"}},{"type":"Feature","geometry":{"type":"Polygon","coordinates":[[[0.13246,51.5583],[0.12575,51.55713],[0.12451,51.55266],[0.12997,51.54937],[0.13667,51.55055],[0.13792,51.55501],[0.13246,51.5583]]]},"properties":{"id":"88194e6a97fffff","n":13,"five_pct":58.3,"low_pct":0.0,"awaiting":1,"awaiting_pct":7.7,"coffee":0,"takeaway_pct":61.5,"pubs":1,"specialty":0,"chain_pct":0.0,"borough":"Barking and Dagenham"}},{"type":"Feature","geometry":{"type":"Polygon","coordinates":[[[0.14835,51.56958],[0.14165,51.56841],[0.1404,51.56394],[0.14586,51.56065],[0.15257,51.56183],[0.15381,51.56629],[0.14835,51.56958]]]},"properties":{"id":"88194e6a99fffff","n":15,"five_pct":50.0,"low_pct":0.0,"awaiting":1,"awaiting_pct":6.7,"coffee":0,"takeaway_pct":26.7,"pubs":0,"specialty":0,"chain_pct":13.3,"borough":"Barking and Dagenham"}},{"type":"Feature","geometry":{"type":"Polygon","coordinates":[[[0.14511,51.53504],[0.13841,51.53387],[0.13716,51.5294],[0.14262,51.52611],[0.14932,51.52729],[0.15057,51.53175],[0.14511,51.53504]]]},"properties":{"id":"88194e6f0dfffff","n":15,"five_pct":40.0,"low_pct":6.7,"awaiting":0,"awaiting_pct":0.0,"coffee":0,"takeaway_pct":40.0,"pubs":1,"specialty":0,"chain_pct":6.7,"borough":"Barking and Dagenham"}},{"type":"Feature","geometry":{"type":"Polygon","coordinates":[[[0.161,51.54632],[0.1543,51.54515],[0.15305,51.54068],[0.15851,51.53739],[0.16521,51.53857],[0.16645,51.54303],[0.161,51.54632]]]},"properties":{"id":"88194e6f41fffff","n":21,"five_pct":40.0,"low_pct":10.0,"awaiting":1,"awaiting_pct":4.8,"coffee":0,"takeaway_pct":66.7,"pubs":2,"specialty":0,"chain_pct":0.0,"borough":"Barking and Dagenham"}},{"type":"Feature","geometry":{"type":"Polygon","coordinates":[[[0.15257,51.56183],[0.14586,51.56065],[0.14462,51.55619],[0.15008,51.5529],[0.15678,51.55407],[0.15803,51.55854],[0.15257,51.56183]]]},"properties":{"id":"88194e6a9bfffff","n":7,"five_pct":85.7,"low_pct":0.0,"awaiting":0,"awaiting_pct":0.0,"coffee":0,"takeaway_pct":57.1,"pubs":0,"specialty":0,"chain_pct":0.0,"borough":"Barking and Dagenham"}},{"type":"Feature","geometry":{"type":"Polygon","coordinates":[[[0.14884,51.54844],[0.14214,51.54726],[0.14089,51.5428],[0.14635,51.53951],[0.15305,51.54068],[0.1543,51.54515],[0.14884,51.54844]]]},"properties":{"id":"88194e6f45fffff","n":20,"five_pct":72.2,"low_pct":11.1,"awaiting":2,"awaiting_pct":10.0,"coffee":0,"takeaway_pct":60.0,"pubs":1,"specialty":0,"chain_pct":15.0,"borough":"Barking and Dagenham"}},{"type":"Feature","geometry":{"type":"Polygon","coordinates":[[[-0.05798,51.42259],[-0.06468,51.4214],[-0.0659,51.41692],[-0.06043,51.41364],[-0.05374,51.41483],[-0.05251,51.41931],[-0.05798,51.42259]]]},"properties":{"id":"88194ad1dbfffff","n":17,"five_pct":64.7,"low_pct":5.9,"awaiting":0,"awaiting_pct":0.0,"coffee":1,"takeaway_pct":41.2,"pubs":1,"specialty":0,"chain_pct":0.0,"borough":"Bromley"}},{"type":"Feature","geometry":{"type":"Polygon","coordinates":[[[-0.01726,51.40856],[-0.02396,51.40736],[-0.02518,51.40289],[-0.01972,51.3996],[-0.01303,51.4008],[-0.0118,51.40527],[-0.01726,51.40856]]]},"properties":{"id":"88194ad081fffff","n":8,"five_pct":71.4,"low_pct":0.0,"awaiting":0,"awaiting_pct":0.0,"coffee":0,"takeaway_pct":37.5,"pubs":2,"specialty":0,"chain_pct":0.0,"borough":"Bromley"}},{"type":"Feature","geometry":{"type":"Polygon","coordinates":[[[0.03557,51.39241],[0.02888,51.39122],[0.02764,51.38675],[0.0331,51.38346],[0.03979,51.38465],[0.04102,51.38912],[0.03557,51.39241]]]},"properties":{"id":"88194ad721fffff","n":6,"five_pct":83.3,"low_pct":0.0,"awaiting":0,"awaiting_pct":0.0,"coffee":0,"takeaway_pct":0.0,"pubs":1,"specialty":0,"chain_pct":0.0,"borough":"Bromley"}},{"type":"Feature","geometry":{"type":"Polygon","coordinates":[[[-0.08174,51.40558],[-0.08844,51.40438],[-0.08966,51.39991],[-0.08419,51.39662],[-0.0775,51.39782],[-0.07627,51.4023],[-0.08174,51.40558]]]},"properties":{"id":"88194ad191fffff","n":7,"five_pct":50.0,"low_pct":0.0,"awaiting":1,"awaiting_pct":14.3,"coffee":0,"takeaway_pct":42.9,"pubs":0,"specialty":0,"chain_pct":0.0,"borough":"Croydon"}},{"type":"Feature","geometry":{"type":"Polygon","coordinates":[[[-0.09391,51.40767],[-0.1006,51.40647],[-0.10183,51.40199],[-0.09636,51.39871],[-0.08966,51.39991],[-0.08844,51.40438],[-0.09391,51.40767]]]},"properties":{"id":"88194ad195fffff","n":12,"five_pct":27.3,"low_pct":27.3,"awaiting":1,"awaiting_pct":8.3,"coffee":0,"takeaway_pct":33.3,"pubs":0,"specialty":0,"chain_pct":0.0,"borough":"Croydon"}},{"type":"Feature","geometry":{"type":"Polygon","coordinates":[[[-0.36117,51.55156],[-0.36789,51.55035],[-0.3691,51.54587],[-0.36359,51.5426],[-0.35687,51.54381],[-0.35566,51.54829],[-0.36117,51.55156]]]},"properties":{"id":"88195daea3fffff","n":8,"five_pct":75.0,"low_pct":0.0,"awaiting":0,"awaiting_pct":0.0,"coffee":0,"takeaway_pct":25.0,"pubs":1,"specialty":0,"chain_pct":12.5,"borough":"Ealing"}},{"type":"Feature","geometry":{"type":"Polygon","coordinates":[[[-0.37997,51.50554],[-0.38669,51.50433],[-0.38789,51.49985],[-0.38238,51.49658],[-0.37567,51.49779],[-0.37446,51.50227],[-0.37997,51.50554]]]},"properties":{"id":"88195dac95fffff","n":87,"five_pct":28.0,"low_pct":28.0,"awaiting":5,"awaiting_pct":5.7,"coffee":3,"takeaway_pct":21.8,"pubs":2,"specialty":0,"chain_pct":0.0,"borough":"Ealing"}},{"type":"Feature","geometry":{"type":"Polygon","coordinates":[[[-0.27494,51.51588],[-0.28165,51.51468],[-0.28286,51.5102],[-0.27736,51.50692],[-0.27065,51.50812],[-0.26944,51.5126],[-0.27494,51.51588]]]},"properties":{"id":"88194adb5dfffff","n":40,"five_pct":47.1,"low_pct":20.6,"awaiting":6,"awaiting_pct":15.0,"coffee":0,"takeaway_pct":27.5,"pubs":3,"specialty":0,"chain_pct":0.0,"borough":"Ealing"}},{"type":"Feature","geometry":{"type":"Polygon","coordinates":[[[-0.25844,51.50605],[-0.26515,51.50485],[-0.26637,51.50037],[-0.26087,51.49709],[-0.25416,51.4983],[-0.25294,51.50277],[-0.25844,51.50605]]]},"properties":{"id":"88194adb5bfffff","n":24,"five_pct":75.0,"low_pct":10.0,"awaiting":4,"awaiting_pct":16.7,"coffee":0,"takeaway_pct":79.2,"pubs":1,"specialty":0,"chain_pct":0.0,"borough":"Ealing"}},{"type":"Feature","geometry":{"type":"Polygon","coordinates":[[[-0.35687,51.54381],[-0.36359,51.5426],[-0.36479,51.53812],[-0.35928,51.53485],[-0.35256,51.53605],[-0.35135,51.54053],[-0.35687,51.54381]]]},"properties":{"id":"88195daeb5fffff","n":5,"five_pct":40.0,"low_pct":0.0,"awaiting":0,"awaiting_pct":0.0,"coffee":2,"takeaway_pct":20.0,"pubs":0,"specialty":0,"chain_pct":0.0,"borough":"Ealing"}},{"type":"Feature","geometry":{"type":"Polygon","coordinates":[[[-0.3734,51.55362],[-0.38013,51.55242],[-0.38133,51.54794],[-0.37582,51.54467],[-0.3691,51.54587],[-0.36789,51.55035],[-0.3734,51.55362]]]},"properties":{"id":"88195daea7fffff","n":6,"five_pct":20.0,"low_pct":0.0,"awaiting":1,"awaiting_pct":16.7,"coffee":0,"takeaway_pct":33.3,"pubs":0,"specialty":0,"chain_pct":0.0,"borough":"Ealing"}},{"type":"Feature","geometry":{"type":"Polygon","coordinates":[[[-0.07639,51.65753],[-0.08312,51.65635],[-0.08435,51.65188],[-0.07885,51.6486],[-0.07213,51.64978],[-0.0709,51.65425],[-0.07639,51.65753]]]},"properties":{"id":"88195db483fffff","n":59,"five_pct":53.7,"low_pct":7.4,"awaiting":5,"awaiting_pct":8.5,"coffee":6,"takeaway_pct":22.0,"pubs":5,"specialty":0,"chain_pct":8.5,"borough":"Enfield"}},{"type":"Feature","geometry":{"type":"Polygon","coordinates":[[[-0.0673,51.62088],[-0.07402,51.6197],[-0.07525,51.61523],[-0.06976,51.61195],[-0.06305,51.61313],[-0.06182,51.6176],[-0.0673,51.62088]]]},"properties":{"id":"88194e6963fffff","n":42,"five_pct":43.6,"low_pct":15.4,"awaiting":3,"awaiting_pct":7.1,"coffee":3,"takeaway_pct":33.3,"pubs":4,"specialty":0,"chain_pct":4.8,"borough":"Enfield"}},{"type":"Feature","geometry":{"type":"Polygon","coordinates":[[[-0.10025,51.64057],[-0.10698,51.63939],[-0.1082,51.63492],[-0.10271,51.63164],[-0.09599,51.63282],[-0.09476,51.63729],[-0.10025,51.64057]]]},"properties":{"id":"88195db4b7fffff","n":14,"five_pct":57.1,"low_pct":7.1,"awaiting":0,"awaiting_pct":0.0,"coffee":3,"takeaway_pct":7.1,"pubs":3,"specialty":0,"chain_pct":0.0,"borough":"Enfield"}},{"type":"Feature","geometry":{"type":"Polygon","coordinates":[[[-0.11615,51.62926],[-0.12288,51.62807],[-0.1241,51.6236],[-0.11861,51.62032],[-0.11189,51.62151],[-0.11066,51.62598],[-0.11615,51.62926]]]},"properties":{"id":"88195da655fffff","n":11,"five_pct":90.0,"low_pct":0.0,"awaiting":1,"awaiting_pct":9.1,"coffee":0,"takeaway_pct":0.0,"pubs":3,"specialty":0,"chain_pct":0.0,"borough":"Enfield"}},{"type":"Feature","geometry":{"type":"Polygon","coordinates":[[[-0.0514,51.63219],[-0.05812,51.631],[-0.05935,51.62654],[-0.05387,51.62325],[-0.04715,51.62444],[-0.04591,51.62891],[-0.0514,51.63219]]]},"properties":{"id":"88194e6945fffff","n":24,"five_pct":47.8,"low_pct":4.3,"awaiting":1,"awaiting_pct":4.2,"coffee":2,"takeaway_pct":33.3,"pubs":0,"specialty":0,"chain_pct":0.0,"borough":"Enfield"}},{"type":"Feature","geometry":{"type":"Polygon","coordinates":[[[-0.12896,51.65251],[-0.13569,51.65132],[-0.13691,51.64685],[-0.13142,51.64357],[-0.12469,51.64476],[-0.12346,51.64923],[-0.12896,51.65251]]]},"properties":{"id":"88195da64dfffff","n":16,"five_pct":40.0,"low_pct":20.0,"awaiting":1,"awaiting_pct":6.2,"coffee":0,"takeaway_pct":31.2,"pubs":2,"specialty":0,"chain_pct":0.0,"borough":"Enfield"}},{"type":"Feature","geometry":{"type":"Polygon","coordinates":[[[-0.03069,51.61459],[-0.03741,51.61341],[-0.03864,51.60894],[-0.03316,51.60565],[-0.02644,51.60684],[-0.02521,51.61131],[-0.03069,51.61459]]]},"properties":{"id":"88194e6955fffff","n":7,"five_pct":57.1,"low_pct":0.0,"awaiting":0,"awaiting_pct":0.0,"coffee":0,"takeaway_pct":42.9,"pubs":1,"specialty":0,"chain_pct":14.3,"borough":"Waltham Forest"}},{"type":"Feature","geometry":{"type":"Polygon","coordinates":[[[-0.04289,51.61669],[-0.04961,51.6155],[-0.05084,51.61104],[-0.04536,51.60775],[-0.03864,51.60894],[-0.03741,51.61341],[-0.04289,51.61669]]]},"properties":{"id":"88194e6909fffff","n":8,"five_pct":57.1,"low_pct":42.9,"awaiting":0,"awaiting_pct":0.0,"coffee":1,"takeaway_pct":0.0,"pubs":1,"specialty":0,"chain_pct":0.0,"borough":"Enfield"}},{"type":"Feature","geometry":{"type":"Polygon","coordinates":[[[-0.08804,51.63848],[-0.09476,51.63729],[-0.09599,51.63282],[-0.0905,51.62954],[-0.08378,51.63073],[-0.08254,51.6352],[-0.08804,51.63848]]]},"properties":{"id":"88195db4b3fffff","n":19,"five_pct":57.9,"low_pct":5.3,"awaiting":0,"awaiting_pct":0.0,"coffee":0,"takeaway_pct":36.8,"pubs":4,"specialty":0,"chain_pct":0.0,"borough":"Enfield"}},{"type":"Feature","geometry":{"type":"Polygon","coordinates":[[[-0.05622,51.66108],[-0.06295,51.6599],[-0.06418,51.65543],[-0.05869,51.65215],[-0.05196,51.65333],[-0.05073,51.6578],[-0.05622,51.66108]]]},"properties":{"id":"88195db4d7fffff","n":14,"five_pct":64.3,"low_pct":14.3,"awaiting":0,"awaiting_pct":0.0,"coffee":0,"takeaway_pct":35.7,"pubs":4,"specialty":0,"chain_pct":28.6,"borough":"Enfield"}},{"type":"Feature","geometry":{"type":"Polygon","coordinates":[[[-0.0355,51.64349],[-0.04222,51.6423],[-0.04345,51.63784],[-0.03796,51.63455],[-0.03124,51.63574],[-0.03001,51.6402],[-0.0355,51.64349]]]},"properties":{"id":"88194e6b27fffff","n":6,"five_pct":40.0,"low_pct":40.0,"awaiting":1,"awaiting_pct":16.7,"coffee":0,"takeaway_pct":0.0,"pubs":1,"specialty":0,"chain_pct":16.7,"borough":"Enfield"}},{"type":"Feature","geometry":{"type":"Polygon","coordinates":[[[-0.02014,51.67592],[-0.02686,51.67474],[-0.02809,51.67028],[-0.02261,51.66699],[-0.01588,51.66817],[-0.01465,51.67264],[-0.02014,51.67592]]]},"properties":{"id":"88194e6b6dfffff","n":10,"five_pct":40.0,"low_pct":10.0,"awaiting":0,"awaiting_pct":0.0,"coffee":0,"takeaway_pct":20.0,"pubs":2,"specialty":0,"chain_pct":0.0,"borough":"Enfield"}},{"type":"Feature","geometry":{"type":"Polygon","coordinates":[[[-0.04345,51.63784],[-0.05017,51.63665],[-0.0514,51.63219],[-0.04591,51.62891],[-0.0392,51.63009],[-0.03796,51.63455],[-0.04345,51.63784]]]},"properties":{"id":"88194e694dfffff","n":6,"five_pct":83.3,"low_pct":0.0,"awaiting":0,"awaiting_pct":0.0,"coffee":0,"takeaway_pct":33.3,"pubs":0,"specialty":0,"chain_pct":0.0,"borough":"Enfield"}},{"type":"Feature","geometry":{"type":"Polygon","coordinates":[[[-0.14914,51.64894],[-0.15586,51.64775],[-0.15709,51.64328],[-0.15159,51.64],[-0.14486,51.64119],[-0.14364,51.64566],[-0.14914,51.64894]]]},"properties":{"id":"88195da669fffff","n":8,"five_pct":42.9,"low_pct":0.0,"awaiting":1,"awaiting_pct":12.5,"coffee":1,"takeaway_pct":0.0,"pubs":0,"specialty":0,"chain_pct":0.0,"borough":"Enfield"}},{"type":"Feature","geometry":{"type":"Polygon","coordinates":[[[0.09374,51.48777],[0.08705,51.48659],[0.08581,51.48212],[0.09127,51.47883],[0.09796,51.48001],[0.0992,51.48448],[0.09374,51.48777]]]},"properties":{"id":"88194e6d01fffff","n":8,"five_pct":71.4,"low_pct":0.0,"awaiting":1,"awaiting_pct":12.5,"coffee":2,"takeaway_pct":25.0,"pubs":1,"specialty":0,"chain_pct":12.5,"borough":"Greenwich"}},{"type":"Feature","geometry":{"type":"Polygon","coordinates":[[[0.06149,51.48633],[0.05479,51.48515],[0.05356,51.48068],[0.05902,51.47739],[0.06571,51.47857],[0.06695,51.48304],[0.06149,51.48633]]]},"properties":{"id":"88194e6d21fffff","n":6,"five_pct":83.3,"low_pct":0.0,"awaiting":0,"awaiting_pct":0.0,"coffee":0,"takeaway_pct":0.0,"pubs":0,"specialty":0,"chain_pct":0.0,"borough":"Greenwich"}},{"type":"Feature","geometry":{"type":"Polygon","coordinates":[[[0.03399,51.45595],[0.02729,51.45477],[0.02606,51.45029],[0.03152,51.44701],[0.03821,51.44819],[0.03945,51.45266],[0.03399,51.45595]]]},"properties":{"id":"88194ad28dfffff","n":5,"five_pct":100.0,"low_pct":0.0,"awaiting":0,"awaiting_pct":0.0,"coffee":1,"takeaway_pct":0.0,"pubs":1,"specialty":0,"chain_pct":20.0,"borough":"Greenwich"}},{"type":"Feature","geometry":{"type":"Polygon","coordinates":[[[0.02923,51.48488],[0.02253,51.48369],[0.0213,51.47922],[0.02676,51.47594],[0.03346,51.47712],[0.03469,51.48159],[0.02923,51.48488]]]},"properties":{"id":"88194ad211fffff","n":6,"five_pct":83.3,"low_pct":0.0,"awaiting":0,"awaiting_pct":0.0,"coffee":0,"takeaway_pct":33.3,"pubs":1,"specialty":0,"chain_pct":0.0,"borough":"Greenwich"}},{"type":"Feature","geometry":{"type":"Polygon","coordinates":[[[0.07838,51.4553],[0.07169,51.45412],[0.07045,51.44964],[0.07591,51.44636],[0.0826,51.44754],[0.08384,51.45201],[0.07838,51.4553]]]},"properties":{"id":"88194ad2d9fffff","n":9,"five_pct":77.8,"low_pct":0.0,"awaiting":0,"awaiting_pct":0.0,"coffee":0,"takeaway_pct":33.3,"pubs":1,"specialty":0,"chain_pct":11.1,"borough":"Greenwich"}},{"type":"Feature","geometry":{"type":"Polygon","coordinates":[[[0.07365,51.48423],[0.06695,51.48304],[0.06571,51.47857],[0.07118,51.47528],[0.07787,51.47647],[0.07911,51.48094],[0.07365,51.48423]]]},"properties":{"id":"88194e6d2bfffff","n":31,"five_pct":54.8,"low_pct":0.0,"awaiting":0,"awaiting_pct":0.0,"coffee":3,"takeaway_pct":32.3,"pubs":3,"specialty":0,"chain_pct":0.0,"borough":"Greenwich"}},{"type":"Feature","geometry":{"type":"Polygon","coordinates":[[[0.02553,51.47147],[0.01883,51.47028],[0.0176,51.46581],[0.02306,51.46252],[0.02976,51.46371],[0.03099,51.46818],[0.02553,51.47147]]]},"properties":{"id":"88194ad2e9fffff","n":5,"five_pct":80.0,"low_pct":20.0,"awaiting":0,"awaiting_pct":0.0,"coffee":0,"takeaway_pct":40.0,"pubs":0,"specialty":0,"chain_pct":0.0,"borough":"Greenwich"}},{"type":"Feature","geometry":{"type":"Polygon","coordinates":[[[0.04139,51.48278],[0.03469,51.48159],[0.03346,51.47712],[0.03892,51.47384],[0.04562,51.47502],[0.04686,51.47949],[0.04139,51.48278]]]},"properties":{"id":"88194ad21bfffff","n":10,"five_pct":80.0,"low_pct":10.0,"awaiting":0,"awaiting_pct":0.0,"coffee":1,"takeaway_pct":50.0,"pubs":1,"specialty":0,"chain_pct":10.0,"borough":"Greenwich"}},{"type":"Feature","geometry":{"type":"Polygon","coordinates":[[[0.05726,51.49409],[0.05056,51.4929],[0.04933,51.48843],[0.05479,51.48515],[0.06149,51.48633],[0.06273,51.4908],[0.05726,51.49409]]]},"properties":{"id":"88194e6d2dfffff","n":10,"five_pct":66.7,"low_pct":11.1,"awaiting":1,"awaiting_pct":10.0,"coffee":0,"takeaway_pct":40.0,"pubs":2,"specialty":0,"chain_pct":0.0,"borough":"Greenwich"}},{"type":"Feature","geometry":{"type":"Polygon","coordinates":[[[-0.29118,51.38505],[-0.29788,51.38384],[-0.29909,51.37935],[-0.2936,51.37608],[-0.2869,51.37729],[-0.28569,51.38177],[-0.29118,51.38505]]]},"properties":{"id":"88194aca4dfffff","n":7,"five_pct":20.0,"low_pct":0.0,"awaiting":2,"awaiting_pct":28.6,"coffee":1,"takeaway_pct":57.1,"pubs":0,"specialty":0,"chain_pct":0.0,"borough":"Kingston-Upon-Thames"}},{"type":"Feature","geometry":{"type":"Polygon","coordinates":[[[-0.21382,51.36486],[-0.22052,51.36366],[-0.22173,51.35917],[-0.21625,51.35589],[-0.20956,51.3571],[-0.20834,51.36158],[-0.21382,51.36486]]]},"properties":{"id":"88194ac145fffff","n":39,"five_pct":57.1,"low_pct":2.9,"awaiting":3,"awaiting_pct":7.7,"coffee":4,"takeaway_pct":12.8,"pubs":5,"specialty":0,"chain_pct":5.1,"borough":"Sutton"}},{"type":"Feature","geometry":{"type":"Polygon","coordinates":[[[-0.21444,51.38607],[-0.22114,51.38487],[-0.22235,51.38038],[-0.21687,51.37711],[-0.21018,51.37831],[-0.20896,51.38279],[-0.21444,51.38607]]]},"properties":{"id":"88194ad899fffff","n":12,"five_pct":81.8,"low_pct":0.0,"awaiting":1,"awaiting_pct":8.3,"coffee":0,"takeaway_pct":41.7,"pubs":1,"specialty":0,"chain_pct":0.0,"borough":"Sutton"}},{"type":"Feature","geometry":{"type":"Polygon","coordinates":[[[-0.16149,51.37],[-0.16818,51.3688],[-0.1694,51.36432],[-0.16392,51.36104],[-0.15723,51.36224],[-0.15601,51.36672],[-0.16149,51.37]]]},"properties":{"id":"88194ac339fffff","n":30,"five_pct":83.3,"low_pct":3.3,"awaiting":0,"awaiting_pct":0.0,"coffee":1,"takeaway_pct":23.3,"pubs":7,"specialty":0,"chain_pct":6.7,"borough":"Sutton"}},{"type":"Feature","geometry":{"type":"Polygon","coordinates":[[[-0.17426,51.39329],[-0.18096,51.39209],[-0.18217,51.3876],[-0.1767,51.38432],[-0.17,51.38553],[-0.16878,51.39001],[-0.17426,51.39329]]]},"properties":{"id":"88194ac363fffff","n":5,"five_pct":80.0,"low_pct":0.0,"awaiting":0,"awaiting_pct":0.0,"coffee":0,"takeaway_pct":100.0,"pubs":0,"specialty":0,"chain_pct":20.0,"borough":"Sutton"}},{"type":"Feature","geometry":{"type":"Polygon","coordinates":[[[-0.1329,51.35808],[-0.1396,51.35688],[-0.14081,51.3524],[-0.13534,51.34912],[-0.12865,51.35032],[-0.12743,51.3548],[-0.1329,51.35808]]]},"properties":{"id":"88194ac313fffff","n":5,"five_pct":60.0,"low_pct":0.0,"awaiting":0,"awaiting_pct":0.0,"coffee":0,"takeaway_pct":40.0,"pubs":0,"specialty":0,"chain_pct":0.0,"borough":"Sutton"}},{"type":"Feature","geometry":{"type":"Polygon","coordinates":[[[-0.01424,51.60474],[-0.02096,51.60356],[-0.02219,51.59909],[-0.01671,51.5958],[-0.00999,51.59699],[-0.00876,51.60146],[-0.01424,51.60474]]]},"properties":{"id":"88194e6953fffff","n":6,"five_pct":16.7,"low_pct":0.0,"awaiting":0,"awaiting_pct":0.0,"coffee":1,"takeaway_pct":50.0,"pubs":1,"specialty":0,"chain_pct":0.0,"borough":"Waltham Forest"}},{"type":"Feature","geometry":{"type":"Polygon","coordinates":[[[-0.03809,51.58778],[-0.0448,51.5866],[-0.04603,51.58213],[-0.04055,51.57885],[-0.03383,51.58003],[-0.0326,51.5845],[-0.03809,51.58778]]]},"properties":{"id":"88194e6917fffff","n":8,"five_pct":12.5,"low_pct":0.0,"awaiting":0,"awaiting_pct":0.0,"coffee":0,"takeaway_pct":62.5,"pubs":1,"specialty":0,"chain_pct":0.0,"borough":"Waltham Forest"}},{"type":"Feature","geometry":{"type":"Polygon","coordinates":[[[-0.01315,51.56243],[-0.01986,51.56124],[-0.02109,51.55678],[-0.01562,51.55349],[-0.00891,51.55468],[-0.00767,51.55915],[-0.01315,51.56243]]]},"properties":{"id":"88194e6989fffff","n":17,"five_pct":52.9,"low_pct":17.6,"awaiting":0,"awaiting_pct":0.0,"coffee":1,"takeaway_pct":17.6,"pubs":1,"specialty":0,"chain_pct":5.9,"borough":"Waltham Forest"}},{"type":"Feature","geometry":{"type":"Polygon","coordinates":[[[-0.01054,51.61814],[-0.01726,51.61696],[-0.01849,51.61249],[-0.01301,51.60921],[-0.00629,51.61039],[-0.00506,51.61485],[-0.01054,51.61814]]]},"properties":{"id":"88194e6959fffff","n":5,"five_pct":20.0,"low_pct":20.0,"awaiting":0,"awaiting_pct":0.0,"coffee":0,"takeaway_pct":40.0,"pubs":1,"specialty":0,"chain_pct":0.0,"borough":"Waltham Forest"}},{"type":"Feature","geometry":{"type":"Polygon","coordinates":[[[0.0059,51.60829],[-0.00081,51.6071],[-0.00205,51.60264],[0.00343,51.59935],[0.01015,51.60054],[0.01138,51.605],[0.0059,51.60829]]]},"properties":{"id":"88194e6867fffff","n":8,"five_pct":62.5,"low_pct":0.0,"awaiting":0,"awaiting_pct":0.0,"coffee":0,"takeaway_pct":62.5,"pubs":2,"specialty":0,"chain_pct":0.0,"borough":"Waltham Forest"}},{"type":"Feature","geometry":{"type":"Polygon","coordinates":[[[-0.14616,51.54312],[-0.15287,51.54193],[-0.15409,51.53745],[-0.1486,51.53417],[-0.14189,51.53537],[-0.14067,51.53984],[-0.14616,51.54312]]]},"properties":{"id":"88195da4c3fffff","n":347,"five_pct":42.7,"low_pct":9.3,"awaiting":46,"awaiting_pct":13.3,"coffee":15,"takeaway_pct":45.8,"pubs":20,"specialty":1,"chain_pct":4.3,"borough":"Camden"}},{"type":"Feature","geometry":{"type":"Polygon","coordinates":[[[0.17037,51.48851],[0.16368,51.48733],[0.16244,51.48286],[0.16789,51.47957],[0.17458,51.48075],[0.17583,51.48522],[0.17037,51.48851]]]},"properties":{"id":"88194e6c6bfffff","n":15,"five_pct":58.3,"low_pct":8.3,"awaiting":3,"awaiting_pct":20.0,"coffee":0,"takeaway_pct":40.0,"pubs":1,"specialty":0,"chain_pct":0.0,"borough":"Bexley"}},{"type":"Feature","geometry":{"type":"Polygon","coordinates":[[[0.13118,51.43911],[0.12449,51.43793],[0.12326,51.43346],[0.12871,51.43017],[0.13539,51.43135],[0.13664,51.43582],[0.13118,51.43911]]]},"properties":{"id":"88194e6d89fffff","n":9,"five_pct":77.8,"low_pct":0.0,"awaiting":0,"awaiting_pct":0.0,"coffee":1,"takeaway_pct":44.4,"pubs":1,"specialty":0,"chain_pct":11.1,"borough":"Bexley"}},{"type":"Feature","geometry":{"type":"Polygon","coordinates":[[[0.13069,51.46028],[0.124,51.4591],[0.12276,51.45463],[0.12821,51.45134],[0.13491,51.45252],[0.13615,51.45699],[0.13069,51.46028]]]},"properties":{"id":"88194e6dcdfffff","n":12,"five_pct":58.3,"low_pct":0.0,"awaiting":0,"awaiting_pct":0.0,"coffee":0,"takeaway_pct":25.0,"pubs":3,"specialty":0,"chain_pct":8.3,"borough":"Bexley"}},{"type":"Feature","geometry":{"type":"Polygon","coordinates":[[[0.17506,51.45959],[0.16836,51.45841],[0.16712,51.45394],[0.17257,51.45065],[0.17926,51.45183],[0.1805,51.4563],[0.17506,51.45959]]]},"properties":{"id":"88194e6c39fffff","n":26,"five_pct":37.5,"low_pct":12.5,"awaiting":2,"awaiting_pct":7.7,"coffee":0,"takeaway_pct":42.3,"pubs":6,"specialty":0,"chain_pct":0.0,"borough":"Bexley"}},{"type":"Feature","geometry":{"type":"Polygon","coordinates":[[[0.09104,51.43202],[0.08435,51.43084],[0.08311,51.42637],[0.08857,51.42308],[0.09526,51.42426],[0.09649,51.42873],[0.09104,51.43202]]]},"properties":{"id":"88194e6da1fffff","n":7,"five_pct":71.4,"low_pct":0.0,"awaiting":0,"awaiting_pct":0.0,"coffee":0,"takeaway_pct":14.3,"pubs":3,"specialty":0,"chain_pct":0.0,"borough":"Bexley"}},{"type":"Feature","geometry":{"type":"Polygon","coordinates":[[[0.13863,51.46593],[0.13193,51.46475],[0.13069,51.46028],[0.13615,51.45699],[0.14284,51.45817],[0.14408,51.46264],[0.13863,51.46593]]]},"properties":{"id":"88194e6c27fffff","n":40,"five_pct":63.2,"low_pct":2.6,"awaiting":1,"awaiting_pct":2.5,"coffee":3,"takeaway_pct":22.5,"pubs":7,"specialty":0,"chain_pct":0.0,"borough":"Bexley"}},{"type":"Feature","geometry":{"type":"Polygon","coordinates":[[[0.16617,51.49626],[0.15947,51.49509],[0.15823,51.49062],[0.16368,51.48733],[0.17037,51.48851],[0.17162,51.49297],[0.16617,51.49626]]]},"properties":{"id":"88194e6c69fffff","n":12,"five_pct":41.7,"low_pct":8.3,"awaiting":0,"awaiting_pct":0.0,"coffee":0,"takeaway_pct":41.7,"pubs":1,"specialty":0,"chain_pct":0.0,"borough":"Bexley"}},{"type":"Feature","geometry":{"type":"Polygon","coordinates":[[[0.14656,51.47157],[0.13987,51.4704],[0.13863,51.46593],[0.14408,51.46264],[0.15077,51.46382],[0.15202,51.46828],[0.14656,51.47157]]]},"properties":{"id":"88194e6c21fffff","n":6,"five_pct":66.7,"low_pct":16.7,"awaiting":0,"awaiting_pct":0.0,"coffee":0,"takeaway_pct":50.0,"pubs":1,"specialty":0,"chain_pct":0.0,"borough":"Bexley"}},{"type":"Feature","geometry":{"type":"Polygon","coordinates":[[[0.09425,51.4666],[0.08755,51.46542],[0.08632,51.46095],[0.09177,51.45766],[0.09847,51.45885],[0.0997,51.46332],[0.09425,51.4666]]]},"properties":{"id":"88194e6d3bfffff","n":5,"five_pct":null,"low_pct":null,"awaiting":1,"awaiting_pct":20.0,"coffee":0,"takeaway_pct":40.0,"pubs":2,"specialty":0,"chain_pct":0.0,"borough":"Bexley"}},{"type":"Feature","geometry":{"type":"Polygon","coordinates":[[[0.12177,51.49696],[0.11508,51.49578],[0.11384,51.49131],[0.11929,51.48802],[0.12599,51.4892],[0.12723,51.49367],[0.12177,51.49696]]]},"properties":{"id":"88194e6d5dfffff","n":14,"five_pct":75.0,"low_pct":0.0,"awaiting":2,"awaiting_pct":14.3,"coffee":1,"takeaway_pct":50.0,"pubs":1,"specialty":0,"chain_pct":21.4,"borough":"Greenwich"}},{"type":"Feature","geometry":{"type":"Polygon","coordinates":[[[0.11756,51.50471],[0.11086,51.50353],[0.10962,51.49907],[0.11508,51.49578],[0.12177,51.49696],[0.12301,51.50142],[0.11756,51.50471]]]},"properties":{"id":"88194e6d4bfffff","n":6,"five_pct":66.7,"low_pct":0.0,"awaiting":0,"awaiting_pct":0.0,"coffee":0,"takeaway_pct":33.3,"pubs":1,"specialty":0,"chain_pct":0.0,"borough":"Greenwich"}},{"type":"Feature","geometry":{"type":"Polygon","coordinates":[[[-0.29209,51.54689],[-0.29881,51.54569],[-0.30002,51.54121],[-0.29452,51.53794],[-0.2878,51.53914],[-0.28659,51.54362],[-0.29209,51.54689]]]},"properties":{"id":"88195da5a5fffff","n":54,"five_pct":65.2,"low_pct":15.2,"awaiting":8,"awaiting_pct":14.8,"coffee":0,"takeaway_pct":63.0,"pubs":0,"specialty":0,"chain_pct":1.9,"borough":"Brent"}},{"type":"Feature","geometry":{"type":"Polygon","coordinates":[[[-0.27558,51.53707],[-0.2823,51.53587],[-0.28351,51.53139],[-0.27801,51.52811],[-0.27129,51.52931],[-0.27008,51.53379],[-0.27558,51.53707]]]},"properties":{"id":"88195da5a3fffff","n":20,"five_pct":87.5,"low_pct":0.0,"awaiting":4,"awaiting_pct":20.0,"coffee":0,"takeaway_pct":50.0,"pubs":0,"specialty":0,"chain_pct":0.0,"borough":"Brent"}},{"type":"Feature","geometry":{"type":"Polygon","coordinates":[[[-0.19071,51.5437],[-0.19742,51.54251],[-0.19864,51.53803],[-0.19315,51.53475],[-0.18643,51.53595],[-0.18521,51.54042],[-0.19071,51.5437]]]},"properties":{"id":"88195da4e7fffff","n":55,"five_pct":74.5,"low_pct":2.0,"awaiting":2,"awaiting_pct":3.6,"coffee":1,"takeaway_pct":23.6,"pubs":6,"specialty":0,"chain_pct":7.3,"borough":"Camden"}},{"type":"Feature","geometry":{"type":"Polygon","coordinates":[[[-0.26528,51.59853],[-0.272,51.59733],[-0.27322,51.59286],[-0.26771,51.58958],[-0.26099,51.59078],[-0.25977,51.59526],[-0.26528,51.59853]]]},"properties":{"id":"88195da50bfffff","n":32,"five_pct":80.6,"low_pct":3.2,"awaiting":1,"awaiting_pct":3.1,"coffee":0,"takeaway_pct":56.2,"pubs":1,"specialty":0,"chain_pct":6.2,"borough":"Brent"}},{"type":"Feature","geometry":{"type":"Polygon","coordinates":[[[-0.2475,51.54635],[-0.25421,51.54515],[-0.25543,51.54067],[-0.24993,51.53739],[-0.24321,51.5386],[-0.242,51.54307],[-0.2475,51.54635]]]},"properties":{"id":"88195da581fffff","n":23,"five_pct":57.1,"low_pct":0.0,"awaiting":2,"awaiting_pct":8.7,"coffee":0,"takeaway_pct":56.5,"pubs":0,"specialty":0,"chain_pct":0.0,"borough":"Brent"}},{"type":"Feature","geometry":{"type":"Polygon","coordinates":[[[-0.30861,51.55672],[-0.31533,51.55552],[-0.31654,51.55104],[-0.31104,51.54776],[-0.30432,51.54897],[-0.3031,51.55344],[-0.30861,51.55672]]]},"properties":{"id":"88195daed7fffff","n":11,"five_pct":60.0,"low_pct":0.0,"awaiting":1,"awaiting_pct":9.1,"coffee":0,"takeaway_pct":27.3,"pubs":0,"specialty":0,"chain_pct":0.0,"borough":"Brent"}},{"type":"Feature","geometry":{"type":"Polygon","coordinates":[[[-0.25971,51.54843],[-0.26643,51.54722],[-0.26765,51.54275],[-0.26215,51.53947],[-0.25543,51.54067],[-0.25421,51.54515],[-0.25971,51.54843]]]},"properties":{"id":"88195da585fffff","n":6,"five_pct":100.0,"low_pct":0.0,"awaiting":0,"awaiting_pct":0.0,"coffee":0,"takeaway_pct":50.0,"pubs":0,"specialty":0,"chain_pct":0.0,"borough":"Brent"}},{"type":"Feature","geometry":{"type":"Polygon","coordinates":[[[-0.27751,51.60061],[-0.28424,51.59941],[-0.28545,51.59493],[-0.27994,51.59166],[-0.27322,51.59286],[-0.272,51.59733],[-0.27751,51.60061]]]},"properties":{"id":"88195da501fffff","n":15,"five_pct":66.7,"low_pct":0.0,"awaiting":0,"awaiting_pct":0.0,"coffee":0,"takeaway_pct":40.0,"pubs":2,"specialty":0,"chain_pct":0.0,"borough":"Harrow"}},{"type":"Feature","geometry":{"type":"Polygon","coordinates":[[[-0.24019,51.5732],[-0.24691,51.572],[-0.24813,51.56753],[-0.24263,51.56425],[-0.23591,51.56545],[-0.23469,51.56992],[-0.24019,51.5732]]]},"properties":{"id":"88195da5cdfffff","n":25,"five_pct":90.5,"low_pct":0.0,"awaiting":4,"awaiting_pct":16.0,"coffee":0,"takeaway_pct":92.0,"pubs":0,"specialty":0,"chain_pct":0.0,"borough":"Brent"}},{"type":"Feature","geometry":{"type":"Polygon","coordinates":[[[-0.28545,51.59493],[-0.29218,51.59373],[-0.29339,51.58926],[-0.28788,51.58598],[-0.28116,51.58718],[-0.27994,51.59166],[-0.28545,51.59493]]]},"properties":{"id":"88195da507fffff","n":11,"five_pct":75.0,"low_pct":0.0,"awaiting":3,"awaiting_pct":27.3,"coffee":1,"takeaway_pct":18.2,"pubs":2,"specialty":0,"chain_pct":0.0,"borough":"Brent"}},{"type":"Feature","geometry":{"type":"Polygon","coordinates":[[[-0.27322,51.59286],[-0.27994,51.59166],[-0.28116,51.58718],[-0.27565,51.58391],[-0.26893,51.58511],[-0.26771,51.58958],[-0.27322,51.59286]]]},"properties":{"id":"88195da503fffff","n":8,"five_pct":42.9,"low_pct":0.0,"awaiting":1,"awaiting_pct":12.5,"coffee":0,"takeaway_pct":25.0,"pubs":0,"specialty":0,"chain_pct":12.5,"borough":"Brent"}},{"type":"Feature","geometry":{"type":"Polygon","coordinates":[[[-0.26765,51.54275],[-0.27437,51.54155],[-0.27558,51.53707],[-0.27008,51.53379],[-0.26336,51.53499],[-0.26215,51.53947],[-0.26765,51.54275]]]},"properties":{"id":"88195da5abfffff","n":5,"five_pct":null,"low_pct":null,"awaiting":1,"awaiting_pct":20.0,"coffee":0,"takeaway_pct":0.0,"pubs":0,"specialty":0,"chain_pct":0.0,"borough":"Brent"}},{"type":"Feature","geometry":{"type":"Polygon","coordinates":[[[-0.26099,51.59078],[-0.26771,51.58958],[-0.26893,51.58511],[-0.26343,51.58183],[-0.2567,51.58303],[-0.25549,51.58751],[-0.26099,51.59078]]]},"properties":{"id":"88195da51dfffff","n":13,"five_pct":66.7,"low_pct":8.3,"awaiting":1,"awaiting_pct":7.7,"coffee":0,"takeaway_pct":30.8,"pubs":2,"specialty":0,"chain_pct":0.0,"borough":"Brent"}},{"type":"Feature","geometry":{"type":"Polygon","coordinates":[[[-0.20719,51.55354],[-0.21391,51.55234],[-0.21513,51.54787],[-0.20963,51.54459],[-0.20292,51.54579],[-0.2017,51.55026],[-0.20719,51.55354]]]},"properties":{"id":"88195da5d9fffff","n":10,"five_pct":55.6,"low_pct":11.1,"awaiting":1,"awaiting_pct":10.0,"coffee":2,"takeaway_pct":30.0,"pubs":0,"specialty":0,"chain_pct":10.0,"borough":"Brent"}},{"type":"Feature","geometry":{"type":"Polygon","coordinates":[[[-0.2878,51.53914],[-0.29452,51.53794],[-0.29573,51.53346],[-0.29023,51.53019],[-0.28351,51.53139],[-0.2823,51.53587],[-0.2878,51.53914]]]},"properties":{"id":"88195da5a7fffff","n":12,"five_pct":33.3,"low_pct":22.2,"awaiting":3,"awaiting_pct":25.0,"coffee":0,"takeaway_pct":25.0,"pubs":1,"specialty":0,"chain_pct":0.0,"borough":"Ealing"}},{"type":"Feature","geometry":{"type":"Polygon","coordinates":[[[-0.22797,51.57112],[-0.23469,51.56992],[-0.23591,51.56545],[-0.23041,51.56217],[-0.22369,51.56337],[-0.22247,51.56785],[-0.22797,51.57112]]]},"properties":{"id":"88195da5c9fffff","n":13,"five_pct":72.7,"low_pct":0.0,"awaiting":1,"awaiting_pct":7.7,"coffee":0,"takeaway_pct":38.5,"pubs":1,"specialty":0,"chain_pct":7.7,"borough":"Brent"}},{"type":"Feature","geometry":{"type":"Polygon","coordinates":[[[-0.18277,51.54937],[-0.18949,51.54818],[-0.19071,51.5437],[-0.18521,51.54042],[-0.1785,51.54162],[-0.17728,51.5461],[-0.18277,51.54937]]]},"properties":{"id":"88195da4e1fffff","n":33,"five_pct":58.1,"low_pct":3.2,"awaiting":2,"awaiting_pct":6.1,"coffee":7,"takeaway_pct":12.1,"pubs":2,"specialty":0,"chain_pct":15.2,"borough":"Camden"}},{"type":"Feature","geometry":{"type":"Polygon","coordinates":[[[-0.17484,51.55504],[-0.18155,51.55385],[-0.18277,51.54937],[-0.17728,51.5461],[-0.17056,51.54729],[-0.16934,51.55176],[-0.17484,51.55504]]]},"properties":{"id":"88195da4e9fffff","n":30,"five_pct":48.3,"low_pct":6.9,"awaiting":1,"awaiting_pct":3.3,"coffee":0,"takeaway_pct":13.3,"pubs":0,"specialty":0,"chain_pct":3.3,"borough":"Camden"}},{"type":"Feature","geometry":{"type":"Polygon","coordinates":[[[-0.18705,51.55713],[-0.19376,51.55593],[-0.19498,51.55146],[-0.18949,51.54818],[-0.18277,51.54937],[-0.18155,51.55385],[-0.18705,51.55713]]]},"properties":{"id":"88195da4edfffff","n":48,"five_pct":60.5,"low_pct":2.6,"awaiting":9,"awaiting_pct":18.8,"coffee":2,"takeaway_pct":16.7,"pubs":3,"specialty":1,"chain_pct":6.2,"borough":"Camden"}},{"type":"Feature","geometry":{"type":"Polygon","coordinates":[[[-0.14675,51.56429],[-0.15347,51.5631],[-0.15469,51.55863],[-0.1492,51.55535],[-0.14248,51.55654],[-0.14126,51.56101],[-0.14675,51.56429]]]},"properties":{"id":"88195da6a7fffff","n":27,"five_pct":69.6,"low_pct":0.0,"awaiting":4,"awaiting_pct":14.8,"coffee":2,"takeaway_pct":18.5,"pubs":3,"specialty":1,"chain_pct":0.0,"borough":"Camden"}},{"type":"Feature","geometry":{"type":"Polygon","coordinates":[[[-0.11749,51.53119],[-0.1242,51.53],[-0.12543,51.52553],[-0.11994,51.52224],[-0.11324,51.52344],[-0.11201,51.52791],[-0.11749,51.53119]]]},"properties":{"id":"88195da4dbfffff","n":95,"five_pct":45.1,"low_pct":14.3,"awaiting":4,"awaiting_pct":4.2,"coffee":2,"takeaway_pct":9.5,"pubs":13,"specialty":2,"chain_pct":3.2,"borough":"Camden"}},{"type":"Feature","geometry":{"type":"Polygon","coordinates":[[[-0.13336,51.51986],[-0.14007,51.51866],[-0.1413,51.51419],[-0.13581,51.51091],[-0.1291,51.5121],[-0.12788,51.51658],[-0.13336,51.51986]]]},"properties":{"id":"88195da499fffff","n":778,"five_pct":66.0,"low_pct":7.0,"awaiting":21,"awaiting_pct":2.7,"coffee":26,"takeaway_pct":6.6,"pubs":42,"specialty":6,"chain_pct":4.5,"borough":"Westminster"}},{"type":"Feature","geometry":{"type":"Polygon","coordinates":[[[-0.12969,51.53328],[-0.1364,51.53209],[-0.13763,51.52761],[-0.13214,51.52433],[-0.12543,51.52553],[-0.1242,51.53],[-0.12969,51.53328]]]},"properties":{"id":"88195da4d1fffff","n":133,"five_pct":62.6,"low_pct":7.8,"awaiting":18,"awaiting_pct":13.5,"coffee":11,"takeaway_pct":20.3,"pubs":16,"specialty":2,"chain_pct":13.5,"borough":"Camden"}},{"type":"Feature","geometry":{"type":"Polygon","coordinates":[[[-0.13454,51.5622],[-0.14126,51.56101],[-0.14248,51.55654],[-0.13699,51.55326],[-0.13028,51.55445],[-0.12906,51.55892],[-0.13454,51.5622]]]},"properties":{"id":"88195da6a3fffff","n":32,"five_pct":50.0,"low_pct":13.3,"awaiting":2,"awaiting_pct":6.2,"coffee":0,"takeaway_pct":21.9,"pubs":3,"specialty":0,"chain_pct":3.1,"borough":"Camden"}},{"type":"Feature","geometry":{"type":"Polygon","coordinates":[[[-0.10162,51.54252],[-0.10833,51.54133],[-0.10956,51.53686],[-0.10407,51.53357],[-0.09736,51.53477],[-0.09614,51.53924],[-0.10162,51.54252]]]},"properties":{"id":"88194ad36dfffff","n":162,"five_pct":66.7,"low_pct":4.7,"awaiting":12,"awaiting_pct":7.4,"coffee":4,"takeaway_pct":11.1,"pubs":24,"specialty":1,"chain_pct":4.3,"borough":"Islington"}},{"type":"Feature","geometry":{"type":"Polygon","coordinates":[[[-0.20107,51.48223],[-0.20778,51.48103],[-0.209,51.47655],[-0.20351,51.47328],[-0.1968,51.47448],[-0.19558,51.47895],[-0.20107,51.48223]]]},"properties":{"id":"88194ada1dfffff","n":69,"five_pct":62.5,"low_pct":3.1,"awaiting":5,"awaiting_pct":7.2,"coffee":4,"takeaway_pct":13.0,"pubs":2,"specialty":1,"chain_pct":5.8,"borough":"Hammersmith and Fulham"}},{"type":"Feature","geometry":{"type":"Polygon","coordinates":[[[-0.21816,51.51326],[-0.22488,51.51206],[-0.22609,51.50758],[-0.2206,51.5043],[-0.21389,51.5055],[-0.21267,51.50998],[-0.21816,51.51326]]]},"properties":{"id":"88194ada45fffff","n":128,"five_pct":84.6,"low_pct":0.9,"awaiting":11,"awaiting_pct":8.6,"coffee":10,"takeaway_pct":10.9,"pubs":5,"specialty":0,"chain_pct":13.3,"borough":"Hammersmith and Fulham"}},{"type":"Feature","geometry":{"type":"Polygon","coordinates":[[[-0.19314,51.48791],[-0.19985,51.48671],[-0.20107,51.48223],[-0.19558,51.47895],[-0.18887,51.48015],[-0.18765,51.48463],[-0.19314,51.48791]]]},"properties":{"id":"88194ada57fffff","n":61,"five_pct":82.5,"low_pct":0.0,"awaiting":4,"awaiting_pct":6.6,"coffee":1,"takeaway_pct":8.2,"pubs":9,"specialty":1,"chain_pct":13.1,"borough":"Hammersmith and Fulham"}},{"type":"Feature","geometry":{"type":"Polygon","coordinates":[[[-0.10704,51.5926],[-0.11376,51.59141],[-0.11499,51.58694],[-0.10949,51.58366],[-0.10278,51.58485],[-0.10155,51.58932],[-0.10704,51.5926]]]},"properties":{"id":"88195da6c5fffff","n":31,"five_pct":58.1,"low_pct":9.7,"awaiting":0,"awaiting_pct":0.0,"coffee":4,"takeaway_pct":25.8,"pubs":0,"specialty":0,"chain_pct":3.2,"borough":"Haringey"}},{"type":"Feature","geometry":{"type":"Polygon","coordinates":[[[-0.0991,51.59826],[-0.10581,51.59707],[-0.10704,51.5926],[-0.10155,51.58932],[-0.09483,51.59051],[-0.09361,51.59498],[-0.0991,51.59826]]]},"properties":{"id":"88195da6cdfffff","n":37,"five_pct":55.6,"low_pct":2.8,"awaiting":1,"awaiting_pct":2.7,"coffee":1,"takeaway_pct":24.3,"pubs":1,"specialty":0,"chain_pct":8.1,"borough":"Haringey"}},{"type":"Feature","geometry":{"type":"Polygon","coordinates":[[[-0.1113,51.60035],[-0.11802,51.59916],[-0.11925,51.59469],[-0.11376,51.59141],[-0.10704,51.5926],[-0.10581,51.59707],[-0.1113,51.60035]]]},"properties":{"id":"88195da613fffff","n":99,"five_pct":85.6,"low_pct":2.1,"awaiting":2,"awaiting_pct":2.0,"coffee":4,"takeaway_pct":29.3,"pubs":6,"specialty":0,"chain_pct":7.1,"borough":"Haringey"}},{"type":"Feature","geometry":{"type":"Polygon","coordinates":[[[-0.06305,51.61313],[-0.06976,51.61195],[-0.071,51.60748],[-0.06551,51.6042],[-0.05879,51.60538],[-0.05756,51.60985],[-0.06305,51.61313]]]},"properties":{"id":"88194e6905fffff","n":37,"five_pct":60.0,"low_pct":5.7,"awaiting":1,"awaiting_pct":2.7,"coffee":1,"takeaway_pct":40.5,"pubs":5,"specialty":0,"chain_pct":8.1,"borough":"Enfield"}},{"type":"Feature","geometry":{"type":"Polygon","coordinates":[[[-0.1394,51.59112],[-0.14612,51.58993],[-0.14735,51.58546],[-0.14185,51.58218],[-0.13514,51.58337],[-0.13391,51.58784],[-0.1394,51.59112]]]},"properties":{"id":"88195da6e5fffff","n":18,"five_pct":77.8,"low_pct":0.0,"awaiting":0,"awaiting_pct":0.0,"coffee":1,"takeaway_pct":0.0,"pubs":5,"specialty":0,"chain_pct":5.6,"borough":"Haringey"}},{"type":"Feature","geometry":{"type":"Polygon","coordinates":[[[-0.10646,51.57144],[-0.11317,51.57025],[-0.1144,51.56578],[-0.10891,51.5625],[-0.1022,51.56369],[-0.10097,51.56816],[-0.10646,51.57144]]]},"properties":{"id":"88195da681fffff","n":127,"five_pct":56.6,"low_pct":10.7,"awaiting":5,"awaiting_pct":3.9,"coffee":5,"takeaway_pct":18.1,"pubs":9,"specialty":1,"chain_pct":6.3,"borough":"Islington"}},{"type":"Feature","geometry":{"type":"Polygon","coordinates":[[[-0.10278,51.58485],[-0.10949,51.58366],[-0.11072,51.57919],[-0.10523,51.57591],[-0.09852,51.5771],[-0.09729,51.58157],[-0.10278,51.58485]]]},"properties":{"id":"88195da6c7fffff","n":40,"five_pct":82.1,"low_pct":2.6,"awaiting":0,"awaiting_pct":0.0,"coffee":2,"takeaway_pct":7.5,"pubs":2,"specialty":0,"chain_pct":2.5,"borough":"Haringey"}},{"type":"Feature","geometry":{"type":"Polygon","coordinates":[[[-0.08689,51.59617],[-0.09361,51.59498],[-0.09483,51.59051],[-0.08935,51.58723],[-0.08263,51.58842],[-0.0814,51.59289],[-0.08689,51.59617]]]},"properties":{"id":"88195da6c9fffff","n":11,"five_pct":72.7,"low_pct":0.0,"awaiting":0,"awaiting_pct":0.0,"coffee":0,"takeaway_pct":18.2,"pubs":0,"specialty":0,"chain_pct":0.0,"borough":"Haringey"}},{"type":"Feature","geometry":{"type":"Polygon","coordinates":[[[-0.09057,51.58276],[-0.09729,51.58157],[-0.09852,51.5771],[-0.09303,51.57382],[-0.08632,51.57501],[-0.08509,51.57948],[-0.09057,51.58276]]]},"properties":{"id":"88195da6c3fffff","n":35,"five_pct":84.4,"low_pct":6.2,"awaiting":3,"awaiting_pct":8.6,"coffee":0,"takeaway_pct":8.6,"pubs":2,"specialty":0,"chain_pct":2.9,"borough":"Haringey"}},{"type":"Feature","geometry":{"type":"Polygon","coordinates":[[[-0.14735,51.58546],[-0.15407,51.58427],[-0.15529,51.57979],[-0.1498,51.57652],[-0.14308,51.57771],[-0.14185,51.58218],[-0.14735,51.58546]]]},"properties":{"id":"88195da45bfffff","n":10,"five_pct":70.0,"low_pct":0.0,"awaiting":0,"awaiting_pct":0.0,"coffee":0,"takeaway_pct":20.0,"pubs":2,"specialty":0,"chain_pct":0.0,"borough":"Haringey"}},{"type":"Feature","geometry":{"type":"Polygon","coordinates":[[[-0.11557,51.6081],[-0.12229,51.60692],[-0.12351,51.60245],[-0.11802,51.59916],[-0.1113,51.60035],[-0.11008,51.60482],[-0.11557,51.6081]]]},"properties":{"id":"88195da611fffff","n":27,"five_pct":70.4,"low_pct":7.4,"awaiting":0,"awaiting_pct":0.0,"coffee":1,"takeaway_pct":22.2,"pubs":5,"specialty":0,"chain_pct":0.0,"borough":"Haringey"}},{"type":"Feature","geometry":{"type":"Polygon","coordinates":[[[-0.07525,51.61523],[-0.08197,51.61404],[-0.0832,51.60957],[-0.07771,51.60629],[-0.071,51.60748],[-0.06976,51.61195],[-0.07525,51.61523]]]},"properties":{"id":"88194e6929fffff","n":27,"five_pct":40.0,"low_pct":4.0,"awaiting":2,"awaiting_pct":7.4,"coffee":1,"takeaway_pct":25.9,"pubs":0,"specialty":0,"chain_pct":0.0,"borough":"Enfield"}},{"type":"Feature","geometry":{"type":"Polygon","coordinates":[[[-0.10762,51.61376],[-0.11434,51.61257],[-0.11557,51.6081],[-0.11008,51.60482],[-0.10336,51.60601],[-0.10213,51.61048],[-0.10762,51.61376]]]},"properties":{"id":"88195da619fffff","n":39,"five_pct":36.8,"low_pct":18.4,"awaiting":0,"awaiting_pct":0.0,"coffee":1,"takeaway_pct":7.7,"pubs":3,"specialty":0,"chain_pct":2.6,"borough":"Enfield"}},{"type":"Feature","geometry":{"type":"Polygon","coordinates":[[[-0.05084,51.61104],[-0.05756,51.60985],[-0.05879,51.60538],[-0.0533,51.6021],[-0.04659,51.60329],[-0.04536,51.60775],[-0.05084,51.61104]]]},"properties":{"id":"88194e6901fffff","n":11,"five_pct":63.6,"low_pct":0.0,"awaiting":0,"awaiting_pct":0.0,"coffee":0,"takeaway_pct":18.2,"pubs":1,"specialty":0,"chain_pct":0.0,"borough":"Haringey"}},{"type":"Feature","geometry":{"type":"Polygon","coordinates":[[[-0.15956,51.58755],[-0.16628,51.58635],[-0.1675,51.58188],[-0.16201,51.5786],[-0.15529,51.57979],[-0.15407,51.58427],[-0.15956,51.58755]]]},"properties":{"id":"88195da451fffff","n":7,"five_pct":42.9,"low_pct":0.0,"awaiting":0,"awaiting_pct":0.0,"coffee":0,"takeaway_pct":14.3,"pubs":0,"specialty":0,"chain_pct":0.0,"borough":"Haringey"}},{"type":"Feature","geometry":{"type":"Polygon","coordinates":[[[-0.34961,51.57068],[-0.35633,51.56947],[-0.35754,51.565],[-0.35203,51.56172],[-0.3453,51.56293],[-0.34409,51.56741],[-0.34961,51.57068]]]},"properties":{"id":"88195daee3fffff","n":51,"five_pct":40.9,"low_pct":18.2,"awaiting":7,"awaiting_pct":13.7,"coffee":1,"takeaway_pct":51.0,"pubs":3,"specialty":0,"chain_pct":2.0,"borough":"Harrow"}},{"type":"Feature","geometry":{"type":"Polygon","coordinates":[[[-0.35754,51.565],[-0.36426,51.56379],[-0.36547,51.55931],[-0.35996,51.55604],[-0.35324,51.55724],[-0.35203,51.56172],[-0.35754,51.565]]]},"properties":{"id":"88195daea9fffff","n":32,"five_pct":44.4,"low_pct":18.5,"awaiting":4,"awaiting_pct":12.5,"coffee":0,"takeaway_pct":6.2,"pubs":4,"specialty":0,"chain_pct":6.2,"borough":"Harrow"}},{"type":"Feature","geometry":{"type":"Polygon","coordinates":[[[0.21711,51.56462],[0.21041,51.56345],[0.20916,51.55899],[0.21461,51.5557],[0.22131,51.55687],[0.22256,51.56133],[0.21711,51.56462]]]},"properties":{"id":"88194e618bfffff","n":50,"five_pct":70.8,"low_pct":0.0,"awaiting":2,"awaiting_pct":4.0,"coffee":2,"takeaway_pct":8.0,"pubs":5,"specialty":0,"chain_pct":10.0,"borough":"Havering"}},{"type":"Feature","geometry":{"type":"Polygon","coordinates":[[[0.16847,51.5731],[0.16176,51.57193],[0.16052,51.56747],[0.16598,51.56418],[0.17268,51.56535],[0.17393,51.56981],[0.16847,51.5731]]]},"properties":{"id":"88194e61adfffff","n":6,"five_pct":100.0,"low_pct":0.0,"awaiting":0,"awaiting_pct":0.0,"coffee":0,"takeaway_pct":0.0,"pubs":1,"specialty":0,"chain_pct":0.0,"borough":"Havering"}},{"type":"Feature","geometry":{"type":"Polygon","coordinates":[[[0.20495,51.56675],[0.19825,51.56558],[0.197,51.56111],[0.20245,51.55782],[0.20916,51.55899],[0.21041,51.56345],[0.20495,51.56675]]]},"properties":{"id":"88194e6181fffff","n":15,"five_pct":60.0,"low_pct":0.0,"awaiting":2,"awaiting_pct":13.3,"coffee":0,"takeaway_pct":26.7,"pubs":2,"specialty":0,"chain_pct":0.0,"borough":"Havering"}},{"type":"Feature","geometry":{"type":"Polygon","coordinates":[[[-0.49083,51.54527],[-0.49755,51.54406],[-0.49875,51.53957],[-0.49323,51.5363],[-0.4865,51.53752],[-0.4853,51.542],[-0.49083,51.54527]]]},"properties":{"id":"88195dade3fffff","n":24,"five_pct":45.0,"low_pct":20.0,"awaiting":4,"awaiting_pct":16.7,"coffee":0,"takeaway_pct":79.2,"pubs":3,"specialty":0,"chain_pct":0.0,"borough":"Hillingdon"}},{"type":"Feature","geometry":{"type":"Polygon","coordinates":[[[-0.38202,51.56913],[-0.38874,51.56792],[-0.38995,51.56344],[-0.38443,51.56017],[-0.37771,51.56138],[-0.3765,51.56586],[-0.38202,51.56913]]]},"properties":{"id":"88195dac53fffff","n":6,"five_pct":null,"low_pct":null,"awaiting":1,"awaiting_pct":16.7,"coffee":0,"takeaway_pct":50.0,"pubs":0,"specialty":0,"chain_pct":0.0,"borough":"Hillingdon"}},{"type":"Feature","geometry":{"type":"Polygon","coordinates":[[[-0.41736,51.53293],[-0.42408,51.53172],[-0.42528,51.52723],[-0.41977,51.52396],[-0.41304,51.52517],[-0.41184,51.52966],[-0.41736,51.53293]]]},"properties":{"id":"88195dace7fffff","n":15,"five_pct":66.7,"low_pct":13.3,"awaiting":0,"awaiting_pct":0.0,"coffee":0,"takeaway_pct":46.7,"pubs":3,"specialty":0,"chain_pct":0.0,"borough":"Hillingdon"}},{"type":"Feature","geometry":{"type":"Polygon","coordinates":[[[-0.41875,51.57532],[-0.42548,51.57411],[-0.42668,51.56963],[-0.42116,51.56636],[-0.41444,51.56757],[-0.41323,51.57205],[-0.41875,51.57532]]]},"properties":{"id":"88195dac01fffff","n":27,"five_pct":81.5,"low_pct":11.1,"awaiting":0,"awaiting_pct":0.0,"coffee":3,"takeaway_pct":7.4,"pubs":3,"specialty":0,"chain_pct":14.8,"borough":"Hillingdon"}},{"type":"Feature","geometry":{"type":"Polygon","coordinates":[[[-0.46561,51.51996],[-0.47233,51.51874],[-0.47353,51.51426],[-0.46801,51.51099],[-0.46129,51.5122],[-0.46009,51.51669],[-0.46561,51.51996]]]},"properties":{"id":"88195dad95fffff","n":12,"five_pct":18.2,"low_pct":27.3,"awaiting":1,"awaiting_pct":8.3,"coffee":0,"takeaway_pct":41.7,"pubs":0,"specialty":0,"chain_pct":0.0,"borough":"Hillingdon"}},{"type":"Feature","geometry":{"type":"Polygon","coordinates":[[[-0.4865,51.53752],[-0.49323,51.5363],[-0.49443,51.53182],[-0.4889,51.52855],[-0.48218,51.52976],[-0.48098,51.53425],[-0.4865,51.53752]]]},"properties":{"id":"88195dad85fffff","n":6,"five_pct":83.3,"low_pct":16.7,"awaiting":0,"awaiting_pct":0.0,"coffee":0,"takeaway_pct":0.0,"pubs":1,"specialty":0,"chain_pct":0.0,"borough":"Hillingdon"}},{"type":"Feature","geometry":{"type":"Polygon","coordinates":[[[-0.38721,51.47865],[-0.39392,51.47743],[-0.39513,51.47295],[-0.38962,51.46968],[-0.3829,51.47089],[-0.3817,51.47537],[-0.38721,51.47865]]]},"properties":{"id":"88194ad967fffff","n":45,"five_pct":51.2,"low_pct":7.3,"awaiting":4,"awaiting_pct":8.9,"coffee":1,"takeaway_pct":37.8,"pubs":1,"specialty":0,"chain_pct":2.2,"borough":"Hounslow"}},{"type":"Feature","geometry":{"type":"Polygon","coordinates":[[[-0.39014,51.44398],[-0.39685,51.44277],[-0.39805,51.43829],[-0.39254,51.43501],[-0.38584,51.43623],[-0.38463,51.44071],[-0.39014,51.44398]]]},"properties":{"id":"88195d36cbfffff","n":21,"five_pct":88.9,"low_pct":0.0,"awaiting":3,"awaiting_pct":14.3,"coffee":0,"takeaway_pct":38.1,"pubs":2,"specialty":0,"chain_pct":14.3,"borough":"Hounslow"}},{"type":"Feature","geometry":{"type":"Polygon","coordinates":[[[-0.37567,51.49779],[-0.38238,51.49658],[-0.38359,51.4921],[-0.37808,51.48882],[-0.37136,51.49003],[-0.37016,51.49452],[-0.37567,51.49779]]]},"properties":{"id":"88195dac97fffff","n":7,"five_pct":null,"low_pct":null,"awaiting":3,"awaiting_pct":42.9,"coffee":0,"takeaway_pct":42.9,"pubs":1,"specialty":0,"chain_pct":0.0,"borough":"Ealing"}},{"type":"Feature","geometry":{"type":"Polygon","coordinates":[[[-0.27429,51.49469],[-0.28101,51.49348],[-0.28222,51.489],[-0.27672,51.48573],[-0.27001,51.48693],[-0.2688,51.49141],[-0.27429,51.49469]]]},"properties":{"id":"88194adb19fffff","n":16,"five_pct":80.0,"low_pct":6.7,"awaiting":1,"awaiting_pct":6.2,"coffee":0,"takeaway_pct":18.8,"pubs":4,"specialty":0,"chain_pct":12.5,"borough":"Hounslow"}},{"type":"Feature","geometry":{"type":"Polygon","coordinates":[[[-0.26637,51.50037],[-0.27308,51.49917],[-0.27429,51.49469],[-0.2688,51.49141],[-0.26208,51.49262],[-0.26087,51.49709],[-0.26637,51.50037]]]},"properties":{"id":"88194adb53fffff","n":52,"five_pct":61.7,"low_pct":10.6,"awaiting":4,"awaiting_pct":7.7,"coffee":3,"takeaway_pct":32.7,"pubs":6,"specialty":0,"chain_pct":9.6,"borough":"Ealing"}},{"type":"Feature","geometry":{"type":"Polygon","coordinates":[[[-0.32612,51.46833],[-0.33283,51.46712],[-0.33404,51.46264],[-0.32854,51.45936],[-0.32183,51.46057],[-0.32062,51.46505],[-0.32612,51.46833]]]},"properties":{"id":"88194ad951fffff","n":6,"five_pct":null,"low_pct":null,"awaiting":2,"awaiting_pct":33.3,"coffee":0,"takeaway_pct":33.3,"pubs":1,"specialty":0,"chain_pct":0.0,"borough":"Hounslow"}},{"type":"Feature","geometry":{"type":"Polygon","coordinates":[[[-0.35055,51.47246],[-0.35726,51.47125],[-0.35847,51.46677],[-0.35296,51.46349],[-0.34625,51.4647],[-0.34504,51.46918],[-0.35055,51.47246]]]},"properties":{"id":"88194ad909fffff","n":39,"five_pct":42.4,"low_pct":0.0,"awaiting":6,"awaiting_pct":15.4,"coffee":0,"takeaway_pct":15.4,"pubs":0,"specialty":0,"chain_pct":2.6,"borough":"Hounslow"}},{"type":"Feature","geometry":{"type":"Polygon","coordinates":[[[-0.4311,51.45792],[-0.43781,51.4567],[-0.43902,51.45222],[-0.4335,51.44894],[-0.42679,51.45016],[-0.42559,51.45464],[-0.4311,51.45792]]]},"properties":{"id":"88195d3617fffff","n":18,"five_pct":66.7,"low_pct":0.0,"awaiting":3,"awaiting_pct":16.7,"coffee":1,"takeaway_pct":33.3,"pubs":1,"specialty":0,"chain_pct":16.7,"borough":"Hounslow"}},{"type":"Feature","geometry":{"type":"Polygon","coordinates":[[[-0.29872,51.49883],[-0.30543,51.49763],[-0.30664,51.49315],[-0.30114,51.48987],[-0.29443,51.49108],[-0.29322,51.49556],[-0.29872,51.49883]]]},"properties":{"id":"88194adb03fffff","n":7,"five_pct":66.7,"low_pct":0.0,"awaiting":1,"awaiting_pct":14.3,"coffee":0,"takeaway_pct":28.6,"pubs":0,"specialty":0,"chain_pct":0.0,"borough":"Ealing"}},{"type":"Feature","geometry":{"type":"Polygon","coordinates":[[[-0.31457,51.48746],[-0.32128,51.48625],[-0.32249,51.48177],[-0.31699,51.4785],[-0.31028,51.4797],[-0.30906,51.48418],[-0.31457,51.48746]]]},"properties":{"id":"88194adb31fffff","n":14,"five_pct":50.0,"low_pct":16.7,"awaiting":1,"awaiting_pct":7.1,"coffee":0,"takeaway_pct":21.4,"pubs":3,"specialty":0,"chain_pct":0.0,"borough":"Hounslow"}},{"type":"Feature","geometry":{"type":"Polygon","coordinates":[[[-0.28286,51.5102],[-0.28958,51.50899],[-0.29079,51.50451],[-0.28529,51.50124],[-0.27858,51.50244],[-0.27736,51.50692],[-0.28286,51.5102]]]},"properties":{"id":"88194adb55fffff","n":24,"five_pct":36.4,"low_pct":4.5,"awaiting":2,"awaiting_pct":8.3,"coffee":0,"takeaway_pct":45.8,"pubs":0,"specialty":0,"chain_pct":4.2,"borough":"Ealing"}},{"type":"Feature","geometry":{"type":"Polygon","coordinates":[[[-0.1144,51.56578],[-0.12112,51.56459],[-0.12234,51.56012],[-0.11685,51.55683],[-0.11014,51.55803],[-0.10891,51.5625],[-0.1144,51.56578]]]},"properties":{"id":"88195da687fffff","n":93,"five_pct":48.8,"low_pct":9.5,"awaiting":9,"awaiting_pct":9.7,"coffee":2,"takeaway_pct":23.7,"pubs":10,"specialty":0,"chain_pct":2.2,"borough":"Islington"}},{"type":"Feature","geometry":{"type":"Polygon","coordinates":[[[-0.30272,51.3659],[-0.30942,51.36468],[-0.31063,51.3602],[-0.30514,51.35692],[-0.29844,51.35813],[-0.29723,51.36262],[-0.30272,51.3659]]]},"properties":{"id":"88194aca0dfffff","n":5,"five_pct":100.0,"low_pct":0.0,"awaiting":0,"awaiting_pct":0.0,"coffee":0,"takeaway_pct":20.0,"pubs":0,"specialty":0,"chain_pct":0.0,"borough":"Kingston-Upon-Thames"}},{"type":"Feature","geometry":{"type":"Polygon","coordinates":[[[-0.31063,51.3602],[-0.31733,51.35899],[-0.31853,51.3545],[-0.31304,51.35122],[-0.30635,51.35243],[-0.30514,51.35692],[-0.31063,51.3602]]]},"properties":{"id":"88194aca05fffff","n":6,"five_pct":83.3,"low_pct":0.0,"awaiting":0,"awaiting_pct":0.0,"coffee":0,"takeaway_pct":33.3,"pubs":0,"specialty":0,"chain_pct":0.0,"borough":"Kingston-Upon-Thames"}},{"type":"Feature","geometry":{"type":"Polygon","coordinates":[[[-0.30831,51.41609],[-0.31501,51.41488],[-0.31622,51.41039],[-0.31073,51.40712],[-0.30403,51.40833],[-0.30282,51.41281],[-0.30831,51.41609]]]},"properties":{"id":"88194ad9d5fffff","n":108,"five_pct":73.8,"low_pct":2.9,"awaiting":4,"awaiting_pct":3.7,"coffee":8,"takeaway_pct":12.0,"pubs":12,"specialty":1,"chain_pct":12.0,"borough":"Kingston-Upon-Thames"}},{"type":"Feature","geometry":{"type":"Polygon","coordinates":[[[-0.20658,51.53236],[-0.21329,51.53116],[-0.21451,51.52669],[-0.20902,51.52341],[-0.2023,51.52461],[-0.20108,51.52908],[-0.20658,51.53236]]]},"properties":{"id":"88195da4a5fffff","n":26,"five_pct":66.7,"low_pct":4.2,"awaiting":1,"awaiting_pct":3.8,"coffee":1,"takeaway_pct":11.5,"pubs":1,"specialty":0,"chain_pct":0.0,"borough":"Westminster"}},{"type":"Feature","geometry":{"type":"Polygon","coordinates":[[[-0.15716,51.50285],[-0.16387,51.50165],[-0.16509,51.49718],[-0.1596,51.4939],[-0.1529,51.49509],[-0.15167,51.49957],[-0.15716,51.50285]]]},"properties":{"id":"88194ad16dfffff","n":102,"five_pct":87.8,"low_pct":2.0,"awaiting":4,"awaiting_pct":3.9,"coffee":4,"takeaway_pct":2.9,"pubs":6,"specialty":0,"chain_pct":1.0,"borough":"Kensington and Chelsea"}},{"type":"Feature","geometry":{"type":"Polygon","coordinates":[[[-0.17729,51.49926],[-0.184,51.49806],[-0.18522,51.49359],[-0.17973,51.49031],[-0.17302,51.4915],[-0.1718,51.49598],[-0.17729,51.49926]]]},"properties":{"id":"88194ada59fffff","n":153,"five_pct":87.9,"low_pct":0.7,"awaiting":2,"awaiting_pct":1.3,"coffee":8,"takeaway_pct":8.5,"pubs":8,"specialty":2,"chain_pct":8.5,"borough":"Kensington and Chelsea"}},{"type":"Feature","geometry":{"type":"Polygon","coordinates":[[[-0.27172,51.40988],[-0.27843,51.40868],[-0.27964,51.40419],[-0.27415,51.40091],[-0.26745,51.40212],[-0.26623,51.4066],[-0.27172,51.40988]]]},"properties":{"id":"88194ad8e7fffff","n":20,"five_pct":60.0,"low_pct":10.0,"awaiting":0,"awaiting_pct":0.0,"coffee":0,"takeaway_pct":40.0,"pubs":0,"specialty":0,"chain_pct":0.0,"borough":"Kingston-Upon-Thames"}},{"type":"Feature","geometry":{"type":"Polygon","coordinates":[[[-0.26745,51.40212],[-0.27415,51.40091],[-0.27536,51.39643],[-0.26987,51.39315],[-0.26317,51.39436],[-0.26196,51.39885],[-0.26745,51.40212]]]},"properties":{"id":"88194ad8a9fffff","n":5,"five_pct":60.0,"low_pct":20.0,"awaiting":0,"awaiting_pct":0.0,"coffee":0,"takeaway_pct":40.0,"pubs":1,"specialty":0,"chain_pct":0.0,"borough":"Kingston-Upon-Thames"}},{"type":"Feature","geometry":{"type":"Polygon","coordinates":[[[-0.19376,51.5091],[-0.20047,51.5079],[-0.20169,51.50342],[-0.1962,51.50014],[-0.18948,51.50134],[-0.18826,51.50582],[-0.19376,51.5091]]]},"properties":{"id":"88194ada4bfffff","n":81,"five_pct":94.7,"low_pct":0.0,"awaiting":4,"awaiting_pct":4.9,"coffee":8,"takeaway_pct":8.6,"pubs":7,"specialty":1,"chain_pct":4.9,"borough":"Kensington and Chelsea"}},{"type":"Feature","geometry":{"type":"Polygon","coordinates":[[[-0.18582,51.51477],[-0.19254,51.51357],[-0.19376,51.5091],[-0.18826,51.50582],[-0.18155,51.50701],[-0.18033,51.51149],[-0.18582,51.51477]]]},"properties":{"id":"88195da4b5fffff","n":81,"five_pct":60.3,"low_pct":7.7,"awaiting":3,"awaiting_pct":3.7,"coffee":2,"takeaway_pct":8.6,"pubs":2,"specialty":0,"chain_pct":7.4,"borough":"Westminster"}},{"type":"Feature","geometry":{"type":"Polygon","coordinates":[[[-0.01563,51.34497],[-0.02231,51.34378],[-0.02354,51.3393],[-0.01808,51.33602],[-0.0114,51.33721],[-0.01017,51.34169],[-0.01563,51.34497]]]},"properties":{"id":"88194ad523fffff","n":17,"five_pct":58.8,"low_pct":0.0,"awaiting":0,"awaiting_pct":0.0,"coffee":1,"takeaway_pct":47.1,"pubs":1,"specialty":0,"chain_pct":11.8,"borough":"Croydon"}},{"type":"Feature","geometry":{"type":"Polygon","coordinates":[[[-0.32546,51.44712],[-0.33217,51.44591],[-0.33337,51.44143],[-0.32788,51.43815],[-0.32117,51.43936],[-0.31996,51.44385],[-0.32546,51.44712]]]},"properties":{"id":"88194ad91bfffff","n":34,"five_pct":68.8,"low_pct":0.0,"awaiting":1,"awaiting_pct":2.9,"coffee":4,"takeaway_pct":2.9,"pubs":6,"specialty":1,"chain_pct":8.8,"borough":"Richmond-Upon-Thames"}},{"type":"Feature","geometry":{"type":"Polygon","coordinates":[[[-0.29974,51.40057],[-0.30645,51.39936],[-0.30766,51.39487],[-0.30216,51.3916],[-0.29546,51.39281],[-0.29425,51.39729],[-0.29974,51.40057]]]},"properties":{"id":"88194ad999fffff","n":21,"five_pct":76.2,"low_pct":0.0,"awaiting":0,"awaiting_pct":0.0,"coffee":1,"takeaway_pct":23.8,"pubs":5,"specialty":0,"chain_pct":4.8,"borough":"Kingston-Upon-Thames"}},{"type":"Feature","geometry":{"type":"Polygon","coordinates":[[[-0.31194,51.40263],[-0.31864,51.40142],[-0.31985,51.39694],[-0.31436,51.39366],[-0.30766,51.39487],[-0.30645,51.39936],[-0.31194,51.40263]]]},"properties":{"id":"88194ad99dfffff","n":7,"five_pct":66.7,"low_pct":0.0,"awaiting":1,"awaiting_pct":14.3,"coffee":0,"takeaway_pct":0.0,"pubs":4,"specialty":0,"chain_pct":0.0,"borough":"Kingston-Upon-Thames"}},{"type":"Feature","geometry":{"type":"Polygon","coordinates":[[[-0.30403,51.40833],[-0.31073,51.40712],[-0.31194,51.40263],[-0.30645,51.39936],[-0.29974,51.40057],[-0.29853,51.40505],[-0.30403,51.40833]]]},"properties":{"id":"88194ad9d7fffff","n":36,"five_pct":75.0,"low_pct":6.2,"awaiting":4,"awaiting_pct":11.1,"coffee":0,"takeaway_pct":13.9,"pubs":3,"specialty":0,"chain_pct":5.6,"borough":"Kingston-Upon-Thames"}},{"type":"Feature","geometry":{"type":"Polygon","coordinates":[[[-0.32744,51.51073],[-0.33416,51.50952],[-0.33537,51.50504],[-0.32987,51.50176],[-0.32315,51.50297],[-0.32194,51.50745],[-0.32744,51.51073]]]},"properties":{"id":"88194adb29fffff","n":17,"five_pct":53.3,"low_pct":0.0,"awaiting":1,"awaiting_pct":5.9,"coffee":1,"takeaway_pct":17.6,"pubs":4,"specialty":0,"chain_pct":5.9,"borough":"Ealing"}},{"type":"Feature","geometry":{"type":"Polygon","coordinates":[[[-0.1907,51.40313],[-0.1974,51.40192],[-0.19861,51.39744],[-0.19313,51.39416],[-0.18643,51.39536],[-0.18522,51.39985],[-0.1907,51.40313]]]},"properties":{"id":"88194ac365fffff","n":51,"five_pct":83.0,"low_pct":2.1,"awaiting":4,"awaiting_pct":7.8,"coffee":1,"takeaway_pct":15.7,"pubs":3,"specialty":0,"chain_pct":2.0,"borough":"Merton"}},{"type":"Feature","geometry":{"type":"Polygon","coordinates":[[[-0.19984,51.43984],[-0.20654,51.43864],[-0.20776,51.43416],[-0.20228,51.43089],[-0.19557,51.43209],[-0.19436,51.43657],[-0.19984,51.43984]]]},"properties":{"id":"88194ada85fffff","n":18,"five_pct":81.2,"low_pct":0.0,"awaiting":1,"awaiting_pct":5.6,"coffee":1,"takeaway_pct":5.6,"pubs":0,"specialty":0,"chain_pct":5.6,"borough":"Merton"}},{"type":"Feature","geometry":{"type":"Polygon","coordinates":[[[-0.23151,51.41711],[-0.23822,51.41591],[-0.23943,51.41143],[-0.23394,51.40815],[-0.22724,51.40935],[-0.22603,51.41383],[-0.23151,51.41711]]]},"properties":{"id":"88194ad8c1fffff","n":27,"five_pct":92.0,"low_pct":0.0,"awaiting":2,"awaiting_pct":7.4,"coffee":0,"takeaway_pct":14.8,"pubs":2,"specialty":0,"chain_pct":3.7,"borough":"Merton"}},{"type":"Feature","geometry":{"type":"Polygon","coordinates":[[[-0.15903,51.42585],[-0.16573,51.42465],[-0.16695,51.42017],[-0.16147,51.41689],[-0.15477,51.41809],[-0.15355,51.42257],[-0.15903,51.42585]]]},"properties":{"id":"88194ada99fffff","n":42,"five_pct":61.0,"low_pct":7.3,"awaiting":1,"awaiting_pct":2.4,"coffee":1,"takeaway_pct":19.0,"pubs":3,"specialty":0,"chain_pct":2.4,"borough":"Wandsworth"}},{"type":"Feature","geometry":{"type":"Polygon","coordinates":[[[-0.1706,51.40673],[-0.1773,51.40553],[-0.17852,51.40105],[-0.17304,51.39777],[-0.16634,51.39897],[-0.16512,51.40345],[-0.1706,51.40673]]]},"properties":{"id":"88194ac369fffff","n":7,"five_pct":85.7,"low_pct":0.0,"awaiting":0,"awaiting_pct":0.0,"coffee":0,"takeaway_pct":14.3,"pubs":0,"specialty":0,"chain_pct":0.0,"borough":"Merton"}},{"type":"Feature","geometry":{"type":"Polygon","coordinates":[[[-0.17486,51.41449],[-0.18156,51.41329],[-0.18278,51.40881],[-0.1773,51.40553],[-0.1706,51.40673],[-0.16938,51.41121],[-0.17486,51.41449]]]},"properties":{"id":"88194ada97fffff","n":8,"five_pct":62.5,"low_pct":12.5,"awaiting":0,"awaiting_pct":0.0,"coffee":1,"takeaway_pct":25.0,"pubs":0,"specialty":0,"chain_pct":37.5,"borough":"Merton"}},{"type":"Feature","geometry":{"type":"Polygon","coordinates":[[[-0.23943,51.41143],[-0.24613,51.41022],[-0.24735,51.40574],[-0.24186,51.40246],[-0.23516,51.40367],[-0.23394,51.40815],[-0.23943,51.41143]]]},"properties":{"id":"88194ad8c7fffff","n":8,"five_pct":100.0,"low_pct":0.0,"awaiting":1,"awaiting_pct":12.5,"coffee":1,"takeaway_pct":0.0,"pubs":1,"specialty":0,"chain_pct":25.0,"borough":"Merton"}},{"type":"Feature","geometry":{"type":"Polygon","coordinates":[[[-0.22298,51.40159],[-0.22967,51.40039],[-0.23089,51.39591],[-0.2254,51.39263],[-0.21871,51.39383],[-0.21749,51.39831],[-0.22298,51.40159]]]},"properties":{"id":"88194ad8d5fffff","n":6,"five_pct":100.0,"low_pct":0.0,"awaiting":1,"awaiting_pct":16.7,"coffee":0,"takeaway_pct":16.7,"pubs":0,"specialty":0,"chain_pct":0.0,"borough":"Merton"}},{"type":"Feature","geometry":{"type":"Polygon","coordinates":[[[-0.19557,51.43209],[-0.20228,51.43089],[-0.20349,51.42641],[-0.19801,51.42313],[-0.19131,51.42433],[-0.19009,51.42881],[-0.19557,51.43209]]]},"properties":{"id":"88194ada87fffff","n":8,"five_pct":62.5,"low_pct":0.0,"awaiting":0,"awaiting_pct":0.0,"coffee":2,"takeaway_pct":12.5,"pubs":0,"specialty":0,"chain_pct":0.0,"borough":"Merton"}},{"type":"Feature","geometry":{"type":"Polygon","coordinates":[[[-0.20653,51.39176],[-0.21322,51.39055],[-0.21444,51.38607],[-0.20896,51.38279],[-0.20226,51.384],[-0.20105,51.38848],[-0.20653,51.39176]]]},"properties":{"id":"88194ad8d3fffff","n":6,"five_pct":100.0,"low_pct":0.0,"awaiting":0,"awaiting_pct":0.0,"coffee":0,"takeaway_pct":33.3,"pubs":0,"specialty":0,"chain_pct":0.0,"borough":"Sutton"}},{"type":"Feature","geometry":{"type":"Polygon","coordinates":[[[-0.18278,51.40881],[-0.18948,51.40761],[-0.1907,51.40313],[-0.18522,51.39985],[-0.17852,51.40105],[-0.1773,51.40553],[-0.18278,51.40881]]]},"properties":{"id":"88194ac36dfffff","n":7,"five_pct":57.1,"low_pct":0.0,"awaiting":0,"awaiting_pct":0.0,"coffee":0,"takeaway_pct":0.0,"pubs":0,"specialty":0,"chain_pct":0.0,"borough":"Merton"}},{"type":"Feature","geometry":{"type":"Polygon","coordinates":[[[-0.19861,51.39744],[-0.20531,51.39624],[-0.20653,51.39176],[-0.20105,51.38848],[-0.19435,51.38968],[-0.19313,51.39416],[-0.19861,51.39744]]]},"properties":{"id":"88194ad8dbfffff","n":7,"five_pct":42.9,"low_pct":0.0,"awaiting":0,"awaiting_pct":0.0,"coffee":0,"takeaway_pct":14.3,"pubs":1,"specialty":0,"chain_pct":0.0,"borough":"Merton"}},{"type":"Feature","geometry":{"type":"Polygon","coordinates":[[[-0.13644,51.48525],[-0.14315,51.48406],[-0.14437,51.47958],[-0.13889,51.4763],[-0.13218,51.47749],[-0.13096,51.48197],[-0.13644,51.48525]]]},"properties":{"id":"88194ad10dfffff","n":74,"five_pct":91.7,"low_pct":0.0,"awaiting":14,"awaiting_pct":18.9,"coffee":3,"takeaway_pct":6.8,"pubs":2,"specialty":0,"chain_pct":2.7,"borough":"Wandsworth"}},{"type":"Feature","geometry":{"type":"Polygon","coordinates":[[[0.00752,51.54482],[0.00081,51.54364],[-0.00042,51.53917],[0.00505,51.53588],[0.01176,51.53707],[0.01299,51.54154],[0.00752,51.54482]]]},"properties":{"id":"88194e6999fffff","n":83,"five_pct":45.1,"low_pct":9.8,"awaiting":1,"awaiting_pct":1.2,"coffee":2,"takeaway_pct":30.1,"pubs":6,"specialty":0,"chain_pct":7.2,"borough":"Newham"}},{"type":"Feature","geometry":{"type":"Polygon","coordinates":[[[-0.00042,51.53917],[-0.00713,51.53798],[-0.00836,51.53351],[-0.00289,51.53023],[0.00382,51.53141],[0.00505,51.53588],[-0.00042,51.53917]]]},"properties":{"id":"88194e6991fffff","n":13,"five_pct":30.8,"low_pct":7.7,"awaiting":0,"awaiting_pct":0.0,"coffee":1,"takeaway_pct":0.0,"pubs":1,"specialty":0,"chain_pct":0.0,"borough":"Newham"}},{"type":"Feature","geometry":{"type":"Polygon","coordinates":[[[0.00382,51.53141],[-0.00289,51.53023],[-0.00412,51.52576],[0.00135,51.52248],[0.00806,51.52366],[0.00929,51.52813],[0.00382,51.53141]]]},"properties":{"id":"88194e6993fffff","n":18,"five_pct":75.0,"low_pct":0.0,"awaiting":2,"awaiting_pct":11.1,"coffee":0,"takeaway_pct":16.7,"pubs":1,"specialty":0,"chain_pct":0.0,"borough":"Newham"}},{"type":"Feature","geometry":{"type":"Polygon","coordinates":[[[0.02394,51.53497],[0.01723,51.53378],[0.01599,51.52931],[0.02147,51.52603],[0.02817,51.52721],[0.02941,51.53168],[0.02394,51.53497]]]},"properties":{"id":"88194e68a7fffff","n":20,"five_pct":31.2,"low_pct":18.8,"awaiting":3,"awaiting_pct":15.0,"coffee":1,"takeaway_pct":50.0,"pubs":5,"specialty":0,"chain_pct":0.0,"borough":"Newham"}},{"type":"Feature","geometry":{"type":"Polygon","coordinates":[[[0.04405,51.53851],[0.03735,51.53733],[0.03611,51.53286],[0.04158,51.52958],[0.04828,51.53076],[0.04952,51.53523],[0.04405,51.53851]]]},"properties":{"id":"88194e68abfffff","n":26,"five_pct":33.3,"low_pct":4.2,"awaiting":2,"awaiting_pct":7.7,"coffee":1,"takeaway_pct":53.8,"pubs":0,"specialty":0,"chain_pct":3.8,"borough":"Newham"}},{"type":"Feature","geometry":{"type":"Polygon","coordinates":[[[0.06891,51.51314],[0.06221,51.51196],[0.06097,51.50749],[0.06644,51.50421],[0.07314,51.50539],[0.07437,51.50986],[0.06891,51.51314]]]},"properties":{"id":"88194e6d6dfffff","n":12,"five_pct":72.7,"low_pct":0.0,"awaiting":1,"awaiting_pct":8.3,"coffee":0,"takeaway_pct":8.3,"pubs":0,"specialty":0,"chain_pct":8.3,"borough":"Newham"}},{"type":"Feature","geometry":{"type":"Polygon","coordinates":[[[0.03188,51.54062],[0.02517,51.53943],[0.02394,51.53497],[0.02941,51.53168],[0.03611,51.53286],[0.03735,51.53733],[0.03188,51.54062]]]},"properties":{"id":"88194e68a1fffff","n":122,"five_pct":21.6,"low_pct":20.6,"awaiting":20,"awaiting_pct":16.4,"coffee":4,"takeaway_pct":58.2,"pubs":2,"specialty":0,"chain_pct":0.8,"borough":"Newham"}},{"type":"Feature","geometry":{"type":"Polygon","coordinates":[[[0.06468,51.5209],[0.05798,51.51972],[0.05674,51.51525],[0.06221,51.51196],[0.06891,51.51314],[0.07015,51.51761],[0.06468,51.5209]]]},"properties":{"id":"88194e68bbfffff","n":11,"five_pct":77.8,"low_pct":0.0,"awaiting":2,"awaiting_pct":18.2,"coffee":0,"takeaway_pct":18.2,"pubs":1,"specialty":0,"chain_pct":9.1,"borough":"Newham"}},{"type":"Feature","geometry":{"type":"Polygon","coordinates":[[[0.03558,51.55402],[0.02888,51.55284],[0.02764,51.54837],[0.03311,51.54509],[0.03982,51.54627],[0.04106,51.55074],[0.03558,51.55402]]]},"properties":{"id":"88194e68e7fffff","n":10,"five_pct":30.0,"low_pct":10.0,"awaiting":0,"awaiting_pct":0.0,"coffee":0,"takeaway_pct":30.0,"pubs":2,"specialty":0,"chain_pct":0.0,"borough":"Newham"}},{"type":"Feature","geometry":{"type":"Polygon","coordinates":[[[0.01599,51.52931],[0.00929,51.52813],[0.00806,51.52366],[0.01353,51.52037],[0.02023,51.52156],[0.02147,51.52603],[0.01599,51.52931]]]},"properties":{"id":"88194ad24dfffff","n":6,"five_pct":null,"low_pct":null,"awaiting":1,"awaiting_pct":16.7,"coffee":0,"takeaway_pct":16.7,"pubs":0,"specialty":0,"chain_pct":0.0,"borough":"Newham"}},{"type":"Feature","geometry":{"type":"Polygon","coordinates":[[[0.01176,51.53707],[0.00505,51.53588],[0.00382,51.53141],[0.00929,51.52813],[0.01599,51.52931],[0.01723,51.53378],[0.01176,51.53707]]]},"properties":{"id":"88194e699bfffff","n":16,"five_pct":25.0,"low_pct":6.2,"awaiting":0,"awaiting_pct":0.0,"coffee":0,"takeaway_pct":43.8,"pubs":2,"specialty":0,"chain_pct":0.0,"borough":"Newham"}},{"type":"Feature","geometry":{"type":"Polygon","coordinates":[[[0.04034,51.52511],[0.03364,51.52393],[0.03241,51.51946],[0.03787,51.51617],[0.04458,51.51735],[0.04581,51.52182],[0.04034,51.52511]]]},"properties":{"id":"88194e68b5fffff","n":5,"five_pct":100.0,"low_pct":0.0,"awaiting":0,"awaiting_pct":0.0,"coffee":2,"takeaway_pct":0.0,"pubs":0,"specialty":0,"chain_pct":0.0,"borough":"Newham"}},{"type":"Feature","geometry":{"type":"Polygon","coordinates":[[[0.05994,51.54981],[0.05323,51.54863],[0.05199,51.54416],[0.05746,51.54088],[0.06417,51.54206],[0.06541,51.54653],[0.05994,51.54981]]]},"properties":{"id":"88194e688dfffff","n":7,"five_pct":28.6,"low_pct":42.9,"awaiting":0,"awaiting_pct":0.0,"coffee":2,"takeaway_pct":28.6,"pubs":0,"specialty":0,"chain_pct":0.0,"borough":"Newham"}},{"type":"Feature","geometry":{"type":"Polygon","coordinates":[[[-0.10472,51.50793],[-0.11143,51.50673],[-0.11265,51.50226],[-0.10717,51.49898],[-0.10046,51.50017],[-0.09924,51.50464],[-0.10472,51.50793]]]},"properties":{"id":"88194ad323fffff","n":125,"five_pct":75.9,"low_pct":1.7,"awaiting":9,"awaiting_pct":7.2,"coffee":2,"takeaway_pct":16.0,"pubs":18,"specialty":3,"chain_pct":5.6,"borough":"Southwark"}},{"type":"Feature","geometry":{"type":"Polygon","coordinates":[[[-0.08656,51.43453],[-0.09326,51.43334],[-0.09448,51.42886],[-0.08901,51.42558],[-0.08231,51.42677],[-0.08109,51.43125],[-0.08656,51.43453]]]},"properties":{"id":"88194ad1c3fffff","n":13,"five_pct":58.3,"low_pct":0.0,"awaiting":1,"awaiting_pct":7.7,"coffee":1,"takeaway_pct":30.8,"pubs":2,"specialty":0,"chain_pct":0.0,"borough":"Lambeth"}},{"type":"Feature","geometry":{"type":"Polygon","coordinates":[[[-0.07553,51.47481],[-0.08223,51.47362],[-0.08346,51.46914],[-0.07798,51.46586],[-0.07128,51.46705],[-0.07005,51.47153],[-0.07553,51.47481]]]},"properties":{"id":"88194ad067fffff","n":32,"five_pct":84.0,"low_pct":0.0,"awaiting":7,"awaiting_pct":21.9,"coffee":0,"takeaway_pct":28.1,"pubs":4,"specialty":0,"chain_pct":3.1,"borough":"Southwark"}},{"type":"Feature","geometry":{"type":"Polygon","coordinates":[[[-0.06816,51.50165],[-0.07487,51.50046],[-0.07609,51.49599],[-0.07062,51.49271],[-0.06391,51.4939],[-0.06269,51.49837],[-0.06816,51.50165]]]},"properties":{"id":"88194ad315fffff","n":46,"five_pct":77.5,"low_pct":5.0,"awaiting":5,"awaiting_pct":10.9,"coffee":1,"takeaway_pct":50.0,"pubs":6,"specialty":1,"chain_pct":0.0,"borough":"Southwark"}},{"type":"Feature","geometry":{"type":"Polygon","coordinates":[[[-0.07609,51.49599],[-0.0828,51.4948],[-0.08403,51.49032],[-0.07855,51.48704],[-0.07185,51.48823],[-0.07062,51.49271],[-0.07609,51.49599]]]},"properties":{"id":"88194ad33bfffff","n":55,"five_pct":41.7,"low_pct":2.1,"awaiting":6,"awaiting_pct":10.9,"coffee":0,"takeaway_pct":32.7,"pubs":3,"specialty":0,"chain_pct":1.8,"borough":"Southwark"}},{"type":"Feature","geometry":{"type":"Polygon","coordinates":[[[-0.08035,51.50375],[-0.08705,51.50256],[-0.08828,51.49808],[-0.0828,51.4948],[-0.07609,51.49599],[-0.07487,51.50046],[-0.08035,51.50375]]]},"properties":{"id":"88194ad339fffff","n":116,"five_pct":77.1,"low_pct":1.0,"awaiting":11,"awaiting_pct":9.5,"coffee":3,"takeaway_pct":21.6,"pubs":12,"specialty":1,"chain_pct":0.0,"borough":"Southwark"}},{"type":"Feature","geometry":{"type":"Polygon","coordinates":[[[-0.05967,51.48614],[-0.06637,51.48495],[-0.0676,51.48048],[-0.06212,51.47719],[-0.05542,51.47839],[-0.05419,51.48286],[-0.05967,51.48614]]]},"properties":{"id":"88194ad069fffff","n":83,"five_pct":73.9,"low_pct":5.8,"awaiting":13,"awaiting_pct":15.7,"coffee":3,"takeaway_pct":59.0,"pubs":2,"specialty":0,"chain_pct":1.2,"borough":"Southwark"}},{"type":"Feature","geometry":{"type":"Polygon","coordinates":[[[-0.07978,51.48257],[-0.08648,51.48138],[-0.08771,51.4769],[-0.08223,51.47362],[-0.07553,51.47481],[-0.0743,51.47929],[-0.07978,51.48257]]]},"properties":{"id":"88194ad065fffff","n":24,"five_pct":42.9,"low_pct":9.5,"awaiting":2,"awaiting_pct":8.3,"coffee":1,"takeaway_pct":33.3,"pubs":0,"specialty":0,"chain_pct":0.0,"borough":"Southwark"}},{"type":"Feature","geometry":{"type":"Polygon","coordinates":[[[-0.0438,51.49747],[-0.05051,51.49628],[-0.05173,51.4918],[-0.04626,51.48852],[-0.03956,51.48971],[-0.03833,51.49418],[-0.0438,51.49747]]]},"properties":{"id":"88194ad31bfffff","n":48,"five_pct":68.2,"low_pct":2.3,"awaiting":4,"awaiting_pct":8.3,"coffee":3,"takeaway_pct":35.4,"pubs":5,"specialty":0,"chain_pct":6.2,"borough":"Southwark"}},{"type":"Feature","geometry":{"type":"Polygon","coordinates":[[[-0.24924,51.46935],[-0.25595,51.46814],[-0.25717,51.46366],[-0.25167,51.46039],[-0.24497,51.46159],[-0.24375,51.46607],[-0.24924,51.46935]]]},"properties":{"id":"88194ad84bfffff","n":11,"five_pct":70.0,"low_pct":10.0,"awaiting":1,"awaiting_pct":9.1,"coffee":0,"takeaway_pct":0.0,"pubs":1,"specialty":0,"chain_pct":0.0,"borough":"Wandsworth"}},{"type":"Feature","geometry":{"type":"Polygon","coordinates":[[[-0.29014,51.48332],[-0.29685,51.48212],[-0.29807,51.47763],[-0.29257,51.47436],[-0.28586,51.47556],[-0.28464,51.48004],[-0.29014,51.48332]]]},"properties":{"id":"88194adb17fffff","n":11,"five_pct":81.8,"low_pct":9.1,"awaiting":0,"awaiting_pct":0.0,"coffee":1,"takeaway_pct":0.0,"pubs":0,"specialty":1,"chain_pct":18.2,"borough":"Richmond-Upon-Thames"}},{"type":"Feature","geometry":{"type":"Polygon","coordinates":[[[-0.337,51.42798],[-0.34371,51.42677],[-0.34491,51.42228],[-0.33942,51.41901],[-0.33271,51.42022],[-0.3315,51.4247],[-0.337,51.42798]]]},"properties":{"id":"88194ad9ebfffff","n":32,"five_pct":73.3,"low_pct":0.0,"awaiting":1,"awaiting_pct":3.1,"coffee":4,"takeaway_pct":9.4,"pubs":4,"specialty":1,"chain_pct":6.2,"borough":"Richmond-Upon-Thames"}},{"type":"Feature","geometry":{"type":"Polygon","coordinates":[[[-0.06023,51.50732],[-0.06693,51.50613],[-0.06816,51.50165],[-0.06269,51.49837],[-0.05598,51.49956],[-0.05475,51.50403],[-0.06023,51.50732]]]},"properties":{"id":"88194ad31dfffff","n":32,"five_pct":81.2,"low_pct":6.2,"awaiting":0,"awaiting_pct":0.0,"coffee":2,"takeaway_pct":9.4,"pubs":6,"specialty":0,"chain_pct":3.1,"borough":"Tower Hamlets"}},{"type":"Feature","geometry":{"type":"Polygon","coordinates":[[[-0.09679,51.51359],[-0.10349,51.5124],[-0.10472,51.50793],[-0.09924,51.50464],[-0.09253,51.50584],[-0.0913,51.51031],[-0.09679,51.51359]]]},"properties":{"id":"88194ad32bfffff","n":107,"five_pct":89.6,"low_pct":1.0,"awaiting":10,"awaiting_pct":9.3,"coffee":10,"takeaway_pct":15.0,"pubs":6,"specialty":2,"chain_pct":10.3,"borough":"Southwark"}},{"type":"Feature","geometry":{"type":"Polygon","coordinates":[[[-0.05486,51.45721],[-0.06156,51.45601],[-0.06279,51.45154],[-0.05731,51.44826],[-0.05062,51.44945],[-0.04939,51.45392],[-0.05486,51.45721]]]},"properties":{"id":"88194ad007fffff","n":7,"five_pct":83.3,"low_pct":0.0,"awaiting":1,"awaiting_pct":14.3,"coffee":0,"takeaway_pct":42.9,"pubs":2,"specialty":0,"chain_pct":0.0,"borough":"Southwark"}},{"type":"Feature","geometry":{"type":"Polygon","coordinates":[[[-0.07496,51.45363],[-0.08166,51.45244],[-0.08288,51.44796],[-0.07741,51.44468],[-0.07071,51.44587],[-0.06949,51.45035],[-0.07496,51.45363]]]},"properties":{"id":"88194ad023fffff","n":10,"five_pct":60.0,"low_pct":10.0,"awaiting":0,"awaiting_pct":0.0,"coffee":0,"takeaway_pct":30.0,"pubs":2,"specialty":0,"chain_pct":0.0,"borough":"Southwark"}},{"type":"Feature","geometry":{"type":"Polygon","coordinates":[[[-0.31325,51.44505],[-0.31996,51.44385],[-0.32117,51.43936],[-0.31567,51.43609],[-0.30896,51.4373],[-0.30775,51.44178],[-0.31325,51.44505]]]},"properties":{"id":"88194ad827fffff","n":11,"five_pct":70.0,"low_pct":0.0,"awaiting":0,"awaiting_pct":0.0,"coffee":0,"takeaway_pct":18.2,"pubs":0,"specialty":0,"chain_pct":0.0,"borough":"Richmond-Upon-Thames"}},{"type":"Feature","geometry":{"type":"Polygon","coordinates":[[[-0.29378,51.46988],[-0.30049,51.46867],[-0.3017,51.46419],[-0.2962,51.46091],[-0.28949,51.46212],[-0.28828,51.4666],[-0.29378,51.46988]]]},"properties":{"id":"88194ad861fffff","n":33,"five_pct":66.7,"low_pct":3.0,"awaiting":0,"awaiting_pct":0.0,"coffee":3,"takeaway_pct":6.1,"pubs":6,"specialty":0,"chain_pct":0.0,"borough":"Richmond-Upon-Thames"}},{"type":"Feature","geometry":{"type":"Polygon","coordinates":[[[-0.18826,51.45896],[-0.19497,51.45776],[-0.19619,51.45328],[-0.1907,51.45],[-0.184,51.4512],[-0.18278,51.45568],[-0.18826,51.45896]]]},"properties":{"id":"88194adac5fffff","n":48,"five_pct":80.4,"low_pct":4.3,"awaiting":2,"awaiting_pct":4.2,"coffee":4,"takeaway_pct":10.4,"pubs":4,"specialty":0,"chain_pct":14.6,"borough":"Wandsworth"}},{"type":"Feature","geometry":{"type":"Polygon","coordinates":[[[-0.20045,51.46104],[-0.20716,51.45984],[-0.20838,51.45536],[-0.20289,51.45208],[-0.19619,51.45328],[-0.19497,51.45776],[-0.20045,51.46104]]]},"properties":{"id":"88194adae9fffff","n":20,"five_pct":76.5,"low_pct":5.9,"awaiting":2,"awaiting_pct":10.0,"coffee":1,"takeaway_pct":25.0,"pubs":2,"specialty":0,"chain_pct":0.0,"borough":"Wandsworth"}},{"type":"Feature","geometry":{"type":"Polygon","coordinates":[[[-0.15962,51.44704],[-0.16633,51.44584],[-0.16755,51.44136],[-0.16207,51.43809],[-0.15537,51.43928],[-0.15414,51.44376],[-0.15962,51.44704]]]},"properties":{"id":"88194adaddfffff","n":13,"five_pct":76.9,"low_pct":15.4,"awaiting":0,"awaiting_pct":0.0,"coffee":1,"takeaway_pct":7.7,"pubs":0,"specialty":0,"chain_pct":15.4,"borough":"Wandsworth"}},{"type":"Feature","geometry":{"type":"Polygon","coordinates":[[[-0.14744,51.44496],[-0.15414,51.44376],[-0.15537,51.43928],[-0.14988,51.436],[-0.14318,51.4372],[-0.14196,51.44168],[-0.14744,51.44496]]]},"properties":{"id":"88194adad9fffff","n":45,"five_pct":78.6,"low_pct":4.8,"awaiting":3,"awaiting_pct":6.7,"coffee":3,"takeaway_pct":8.9,"pubs":2,"specialty":0,"chain_pct":6.7,"borough":"Wandsworth"}},{"type":"Feature","geometry":{"type":"Polygon","coordinates":[[[-0.16815,51.46256],[-0.17486,51.46136],[-0.17607,51.45688],[-0.17059,51.4536],[-0.16389,51.4548],[-0.16267,51.45928],[-0.16815,51.46256]]]},"properties":{"id":"88194adac9fffff","n":76,"five_pct":86.7,"low_pct":0.0,"awaiting":1,"awaiting_pct":1.3,"coffee":4,"takeaway_pct":3.9,"pubs":11,"specialty":0,"chain_pct":6.6,"borough":"Wandsworth"}},{"type":"Feature","geometry":{"type":"Polygon","coordinates":[[[-0.16023,51.46823],[-0.16693,51.46704],[-0.16815,51.46256],[-0.16267,51.45928],[-0.15596,51.46048],[-0.15474,51.46495],[-0.16023,51.46823]]]},"properties":{"id":"88194ad123fffff","n":61,"five_pct":83.1,"low_pct":3.4,"awaiting":2,"awaiting_pct":3.3,"coffee":3,"takeaway_pct":18.0,"pubs":6,"specialty":0,"chain_pct":8.2,"borough":"Wandsworth"}},{"type":"Feature","geometry":{"type":"Polygon","coordinates":[[[-0.04749,51.48405],[-0.05419,51.48286],[-0.05542,51.47839],[-0.04995,51.4751],[-0.04324,51.47629],[-0.04202,51.48076],[-0.04749,51.48405]]]},"properties":{"id":"88194ad045fffff","n":30,"five_pct":51.9,"low_pct":7.4,"awaiting":3,"awaiting_pct":10.0,"coffee":0,"takeaway_pct":36.7,"pubs":3,"specialty":0,"chain_pct":3.3,"borough":"Lewisham"}},{"type":"Feature","geometry":{"type":"Polygon","coordinates":[[[-0.05173,51.4918],[-0.05844,51.49061],[-0.05967,51.48614],[-0.05419,51.48286],[-0.04749,51.48405],[-0.04626,51.48852],[-0.05173,51.4918]]]},"properties":{"id":"88194ad313fffff","n":28,"five_pct":54.2,"low_pct":0.0,"awaiting":3,"awaiting_pct":10.7,"coffee":0,"takeaway_pct":53.6,"pubs":2,"specialty":0,"chain_pct":0.0,"borough":"Southwark"}},{"type":"Feature","geometry":{"type":"Polygon","coordinates":[[[-0.05542,51.47839],[-0.06212,51.47719],[-0.06335,51.47272],[-0.05788,51.46944],[-0.05117,51.47063],[-0.04995,51.4751],[-0.05542,51.47839]]]},"properties":{"id":"88194ad06bfffff","n":20,"five_pct":50.0,"low_pct":0.0,"awaiting":4,"awaiting_pct":20.0,"coffee":1,"takeaway_pct":45.0,"pubs":1,"specialty":0,"chain_pct":0.0,"borough":"Southwark"}},{"type":"Feature","geometry":{"type":"Polygon","coordinates":[[[-0.07921,51.46139],[-0.08591,51.46019],[-0.08713,51.45572],[-0.08166,51.45244],[-0.07496,51.45363],[-0.07373,51.4581],[-0.07921,51.46139]]]},"properties":{"id":"88194ad021fffff","n":33,"five_pct":50.0,"low_pct":0.0,"awaiting":6,"awaiting_pct":18.2,"coffee":0,"takeaway_pct":15.2,"pubs":2,"specialty":0,"chain_pct":0.0,"borough":"Southwark"}},{"type":"Feature","geometry":{"type":"Polygon","coordinates":[[[-0.34988,51.45125],[-0.35659,51.45004],[-0.35779,51.44556],[-0.35229,51.44228],[-0.34558,51.44349],[-0.34437,51.44798],[-0.34988,51.45125]]]},"properties":{"id":"88194ad915fffff","n":7,"five_pct":57.1,"low_pct":14.3,"awaiting":0,"awaiting_pct":0.0,"coffee":0,"takeaway_pct":14.3,"pubs":1,"specialty":0,"chain_pct":0.0,"borough":"Richmond-Upon-Thames"}},{"type":"Feature","geometry":{"type":"Polygon","coordinates":[[[-0.14011,51.47182],[-0.14682,51.47063],[-0.14804,51.46615],[-0.14256,51.46287],[-0.13585,51.46407],[-0.13463,51.46854],[-0.14011,51.47182]]]},"properties":{"id":"88194ad107fffff","n":39,"five_pct":60.0,"low_pct":5.7,"awaiting":4,"awaiting_pct":10.3,"coffee":1,"takeaway_pct":17.9,"pubs":7,"specialty":1,"chain_pct":2.6,"borough":"Lambeth"}},{"type":"Feature","geometry":{"type":"Polygon","coordinates":[[[-0.0137,51.58359],[-0.02041,51.5824],[-0.02164,51.57793],[-0.01616,51.57465],[-0.00945,51.57583],[-0.00822,51.5803],[-0.0137,51.58359]]]},"properties":{"id":"88194e69cdfffff","n":79,"five_pct":35.1,"low_pct":11.7,"awaiting":2,"awaiting_pct":2.5,"coffee":5,"takeaway_pct":27.8,"pubs":4,"specialty":0,"chain_pct":1.3,"borough":"Waltham Forest"}},{"type":"Feature","geometry":{"type":"Polygon","coordinates":[[[-0.00521,51.56808],[-0.01192,51.5669],[-0.01315,51.56243],[-0.00767,51.55915],[-0.00096,51.56033],[0.00027,51.5648],[-0.00521,51.56808]]]},"properties":{"id":"88194e69c3fffff","n":52,"five_pct":40.4,"low_pct":13.5,"awaiting":0,"awaiting_pct":0.0,"coffee":1,"takeaway_pct":17.3,"pubs":2,"specialty":0,"chain_pct":1.9,"borough":"Waltham Forest"}},{"type":"Feature","geometry":{"type":"Polygon","coordinates":[[[-0.01479,51.62589],[-0.02151,51.62471],[-0.02274,51.62024],[-0.01726,51.61696],[-0.01054,51.61814],[-0.00931,51.6226],[-0.01479,51.62589]]]},"properties":{"id":"88194e6b37fffff","n":27,"five_pct":64.0,"low_pct":4.0,"awaiting":2,"awaiting_pct":7.4,"coffee":0,"takeaway_pct":25.9,"pubs":1,"specialty":0,"chain_pct":3.7,"borough":"Waltham Forest"}},{"type":"Feature","geometry":{"type":"Polygon","coordinates":[[[-0.14863,51.48734],[-0.15534,51.48614],[-0.15656,51.48166],[-0.15108,51.47838],[-0.14437,51.47958],[-0.14315,51.48406],[-0.14863,51.48734]]]},"properties":{"id":"88194ad163fffff","n":58,"five_pct":92.3,"low_pct":0.0,"awaiting":6,"awaiting_pct":10.3,"coffee":2,"takeaway_pct":0.0,"pubs":1,"specialty":0,"chain_pct":10.3,"borough":"Wandsworth"}},{"type":"Feature","geometry":{"type":"Polygon","coordinates":[[[-0.20411,51.4476],[-0.21081,51.4464],[-0.21203,51.44192],[-0.20654,51.43864],[-0.19984,51.43984],[-0.19862,51.44432],[-0.20411,51.4476]]]},"properties":{"id":"88194adae3fffff","n":17,"five_pct":85.7,"low_pct":0.0,"awaiting":3,"awaiting_pct":17.6,"coffee":3,"takeaway_pct":5.9,"pubs":1,"specialty":0,"chain_pct":5.9,"borough":"Wandsworth"}},{"type":"Feature","geometry":{"type":"Polygon","coordinates":[[[-0.24069,51.45383],[-0.2474,51.45263],[-0.24861,51.44815],[-0.24312,51.44487],[-0.23641,51.44607],[-0.2352,51.45055],[-0.24069,51.45383]]]},"properties":{"id":"88194ad851fffff","n":21,"five_pct":68.4,"low_pct":0.0,"awaiting":1,"awaiting_pct":4.8,"coffee":0,"takeaway_pct":33.3,"pubs":1,"specialty":0,"chain_pct":9.5,"borough":"Wandsworth"}},{"type":"Feature","geometry":{"type":"Polygon","coordinates":[[[-0.12851,51.49092],[-0.13522,51.48973],[-0.13644,51.48525],[-0.13096,51.48197],[-0.12426,51.48317],[-0.12303,51.48764],[-0.12851,51.49092]]]},"properties":{"id":"88194ad147fffff","n":35,"five_pct":60.6,"low_pct":9.1,"awaiting":2,"awaiting_pct":5.7,"coffee":1,"takeaway_pct":20.0,"pubs":3,"specialty":0,"chain_pct":5.7,"borough":"Lambeth"}},{"type":"Feature","geometry":{"type":"Polygon","coordinates":[[[-0.00575,51.58924],[-0.01246,51.58805],[-0.0137,51.58359],[-0.00822,51.5803],[-0.0015,51.58149],[-0.00027,51.58595],[-0.00575,51.58924]]]},"properties":{"id":"88194e6827fffff","n":35,"five_pct":58.8,"low_pct":0.0,"awaiting":0,"awaiting_pct":0.0,"coffee":2,"takeaway_pct":14.3,"pubs":7,"specialty":1,"chain_pct":0.0,"borough":"Waltham Forest"}},{"type":"Feature","geometry":{"type":"Polygon","coordinates":[[[-0.12675,51.42736],[-0.13345,51.42616],[-0.13467,51.42168],[-0.1292,51.4184],[-0.1225,51.4196],[-0.12127,51.42408],[-0.12675,51.42736]]]},"properties":{"id":"88194ad1a9fffff","n":30,"five_pct":60.7,"low_pct":7.1,"awaiting":2,"awaiting_pct":6.7,"coffee":0,"takeaway_pct":40.0,"pubs":2,"specialty":0,"chain_pct":3.3,"borough":"Lambeth"}},{"type":"Feature","geometry":{"type":"Polygon","coordinates":[[[-0.1901,51.52252],[-0.19681,51.52133],[-0.19803,51.51685],[-0.19254,51.51357],[-0.18582,51.51477],[-0.1846,51.51924],[-0.1901,51.52252]]]},"properties":{"id":"88195da4a3fffff","n":96,"five_pct":74.4,"low_pct":3.3,"awaiting":4,"awaiting_pct":4.2,"coffee":5,"takeaway_pct":11.5,"pubs":2,"specialty":1,"chain_pct":4.2,"borough":"Westminster"}},{"type":"Feature","geometry":{"type":"Polygon","coordinates":[[[-0.15776,51.52403],[-0.16447,51.52283],[-0.16569,51.51836],[-0.1602,51.51508],[-0.15349,51.51627],[-0.15227,51.52075],[-0.15776,51.52403]]]},"properties":{"id":"88195da483fffff","n":194,"five_pct":75.5,"low_pct":6.4,"awaiting":3,"awaiting_pct":1.5,"coffee":12,"takeaway_pct":5.7,"pubs":4,"specialty":1,"chain_pct":6.7,"borough":"Westminster"}},{"type":"Feature","geometry":{"type":"Polygon","coordinates":[[[-0.13277,51.49868],[-0.13948,51.49748],[-0.1407,51.49301],[-0.13522,51.48973],[-0.12851,51.49092],[-0.12729,51.4954],[-0.13277,51.49868]]]},"properties":{"id":"88194ad145fffff","n":148,"five_pct":66.7,"low_pct":9.2,"awaiting":4,"awaiting_pct":2.7,"coffee":7,"takeaway_pct":7.4,"pubs":6,"specialty":1,"chain_pct":6.8,"borough":"Westminster"}},{"type":"Feature","geometry":{"type":"Polygon","coordinates":[[[-0.16996,51.52611],[-0.17667,51.52492],[-0.17789,51.52044],[-0.1724,51.51716],[-0.16569,51.51836],[-0.16447,51.52283],[-0.16996,51.52611]]]},"properties":{"id":"88195da487fffff","n":122,"five_pct":44.4,"low_pct":18.8,"awaiting":3,"awaiting_pct":2.5,"coffee":9,"takeaway_pct":8.2,"pubs":5,"specialty":0,"chain_pct":5.7,"borough":"Westminster"}},{"type":"Feature","geometry":{"type":"Polygon","coordinates":[[[-0.17789,51.52044],[-0.1846,51.51924],[-0.18582,51.51477],[-0.18033,51.51149],[-0.17362,51.51269],[-0.1724,51.51716],[-0.17789,51.52044]]]},"properties":{"id":"88195da4bdfffff","n":160,"five_pct":78.8,"low_pct":7.1,"awaiting":2,"awaiting_pct":1.2,"coffee":14,"takeaway_pct":4.4,"pubs":5,"specialty":2,"chain_pct":10.6,"borough":"Westminster"}},{"type":"Feature","geometry":{"type":"Polygon","coordinates":[[[-0.28351,51.53139],[-0.29023,51.53019],[-0.29144,51.52571],[-0.28594,51.52243],[-0.27922,51.52363],[-0.27801,51.52811],[-0.28351,51.53139]]]},"properties":{"id":"88194adb49fffff","n":21,"five_pct":50.0,"low_pct":18.8,"awaiting":5,"awaiting_pct":23.8,"coffee":0,"takeaway_pct":9.5,"pubs":2,"specialty":0,"chain_pct":4.8,"borough":"Ealing"}},{"type":"Feature","geometry":{"type":"Polygon","coordinates":[[[0.01497,51.41003],[0.00827,51.40884],[0.00704,51.40437],[0.0125,51.40108],[0.01919,51.40227],[0.02043,51.40674],[0.01497,51.41003]]]},"properties":{"id":"88194ad0d1fffff","n":104,"five_pct":89.2,"low_pct":1.0,"awaiting":1,"awaiting_pct":1.0,"coffee":6,"takeaway_pct":14.4,"pubs":11,"specialty":0,"chain_pct":14.4,"borough":"Bromley"}},{"type":"Feature","geometry":{"type":"Polygon","coordinates":[[[-0.02095,51.39513],[-0.02764,51.39394],[-0.02887,51.38946],[-0.02341,51.38617],[-0.01672,51.38737],[-0.01549,51.39184],[-0.02095,51.39513]]]},"properties":{"id":"88194ad0b9fffff","n":16,"five_pct":93.3,"low_pct":0.0,"awaiting":1,"awaiting_pct":6.2,"coffee":0,"takeaway_pct":18.8,"pubs":3,"specialty":0,"chain_pct":0.0,"borough":"Bromley"}},{"type":"Feature","geometry":{"type":"Polygon","coordinates":[[[-0.0215,51.41632],[-0.02819,51.41513],[-0.02942,51.41065],[-0.02396,51.40736],[-0.01726,51.40856],[-0.01603,51.41303],[-0.0215,51.41632]]]},"properties":{"id":"88194ad08dfffff","n":22,"five_pct":77.3,"low_pct":0.0,"awaiting":0,"awaiting_pct":0.0,"coffee":1,"takeaway_pct":9.1,"pubs":5,"specialty":0,"chain_pct":0.0,"borough":"Bromley"}},{"type":"Feature","geometry":{"type":"Polygon","coordinates":[[[-0.03311,51.39722],[-0.0398,51.39603],[-0.04102,51.39155],[-0.03556,51.38827],[-0.02887,51.38946],[-0.02764,51.39394],[-0.03311,51.39722]]]},"properties":{"id":"88194ad0bdfffff","n":7,"five_pct":28.6,"low_pct":0.0,"awaiting":0,"awaiting_pct":0.0,"coffee":0,"takeaway_pct":14.3,"pubs":0,"specialty":0,"chain_pct":0.0,"borough":"Bromley"}},{"type":"Feature","geometry":{"type":"Polygon","coordinates":[[[0.01919,51.40227],[0.0125,51.40108],[0.01127,51.3966],[0.01673,51.39332],[0.02342,51.39451],[0.02465,51.39898],[0.01919,51.40227]]]},"properties":{"id":"88194ad0d3fffff","n":24,"five_pct":86.4,"low_pct":4.5,"awaiting":2,"awaiting_pct":8.3,"coffee":3,"takeaway_pct":16.7,"pubs":2,"specialty":0,"chain_pct":20.8,"borough":"Bromley"}},{"type":"Feature","geometry":{"type":"Polygon","coordinates":[[[-0.0659,51.41692],[-0.0726,51.41573],[-0.07382,51.41125],[-0.06835,51.40797],[-0.06166,51.40916],[-0.06043,51.41364],[-0.0659,51.41692]]]},"properties":{"id":"88194ad1d3fffff","n":8,"five_pct":57.1,"low_pct":14.3,"awaiting":0,"awaiting_pct":0.0,"coffee":0,"takeaway_pct":12.5,"pubs":2,"specialty":0,"chain_pct":0.0,"borough":"Bromley"}},{"type":"Feature","geometry":{"type":"Polygon","coordinates":[[[0.03134,51.40017],[0.02465,51.39898],[0.02342,51.39451],[0.02888,51.39122],[0.03557,51.39241],[0.0368,51.39688],[0.03134,51.40017]]]},"properties":{"id":"88194ad72dfffff","n":29,"five_pct":69.2,"low_pct":3.8,"awaiting":1,"awaiting_pct":3.4,"coffee":0,"takeaway_pct":34.5,"pubs":8,"specialty":0,"chain_pct":6.9,"borough":"Bromley"}},{"type":"Feature","geometry":{"type":"Polygon","coordinates":[[[-0.01249,51.3796],[-0.01918,51.37841],[-0.0204,51.37394],[-0.01494,51.37065],[-0.00826,51.37184],[-0.00703,51.37632],[-0.01249,51.3796]]]},"properties":{"id":"88194ad56dfffff","n":36,"five_pct":91.4,"low_pct":0.0,"awaiting":0,"awaiting_pct":0.0,"coffee":2,"takeaway_pct":16.7,"pubs":5,"specialty":0,"chain_pct":16.7,"borough":"Bromley"}},{"type":"Feature","geometry":{"type":"Polygon","coordinates":[[[0.12003,51.39887],[0.11335,51.39769],[0.11211,51.39322],[0.11756,51.38993],[0.12424,51.39111],[0.12548,51.39558],[0.12003,51.39887]]]},"properties":{"id":"88194ad665fffff","n":14,"five_pct":78.6,"low_pct":0.0,"awaiting":0,"awaiting_pct":0.0,"coffee":1,"takeaway_pct":35.7,"pubs":0,"specialty":0,"chain_pct":42.9,"borough":"Bromley"}},{"type":"Feature","geometry":{"type":"Polygon","coordinates":[[[0.02289,51.41569],[0.0162,51.4145],[0.01497,51.41003],[0.02043,51.40674],[0.02712,51.40793],[0.02835,51.41241],[0.02289,51.41569]]]},"properties":{"id":"88194ad0d9fffff","n":15,"five_pct":76.9,"low_pct":0.0,"awaiting":2,"awaiting_pct":13.3,"coffee":0,"takeaway_pct":6.7,"pubs":8,"specialty":0,"chain_pct":0.0,"borough":"Bromley"}},{"type":"Feature","geometry":{"type":"Polygon","coordinates":[[[0.0725,51.36492],[0.06582,51.36374],[0.06458,51.35926],[0.07003,51.35597],[0.07672,51.35716],[0.07795,51.36163],[0.0725,51.36492]]]},"properties":{"id":"88194ad46dfffff","n":7,"five_pct":57.1,"low_pct":0.0,"awaiting":0,"awaiting_pct":0.0,"coffee":0,"takeaway_pct":28.6,"pubs":2,"specialty":0,"chain_pct":0.0,"borough":"Bromley"}},{"type":"Feature","geometry":{"type":"Polygon","coordinates":[[[0.11582,51.40664],[0.10913,51.40545],[0.1079,51.40098],[0.11335,51.39769],[0.12003,51.39887],[0.12127,51.40335],[0.11582,51.40664]]]},"properties":{"id":"88194e6db3fffff","n":5,"five_pct":80.0,"low_pct":0.0,"awaiting":0,"awaiting_pct":0.0,"coffee":0,"takeaway_pct":40.0,"pubs":1,"specialty":0,"chain_pct":20.0,"borough":"Bromley"}},{"type":"Feature","geometry":{"type":"Polygon","coordinates":[[[0.07991,51.39177],[0.07322,51.39058],[0.07199,51.38611],[0.07744,51.38282],[0.08413,51.38401],[0.08536,51.38848],[0.07991,51.39177]]]},"properties":{"id":"88194ad70bfffff","n":36,"five_pct":75.0,"low_pct":2.8,"awaiting":0,"awaiting_pct":0.0,"coffee":3,"takeaway_pct":25.0,"pubs":5,"specialty":0,"chain_pct":5.6,"borough":"Bromley"}},{"type":"Feature","geometry":{"type":"Polygon","coordinates":[[[0.04349,51.39807],[0.0368,51.39688],[0.03557,51.39241],[0.04102,51.38912],[0.04771,51.39031],[0.04894,51.39478],[0.04349,51.39807]]]},"properties":{"id":"88194ad729fffff","n":5,"five_pct":100.0,"low_pct":0.0,"awaiting":0,"awaiting_pct":0.0,"coffee":0,"takeaway_pct":40.0,"pubs":1,"specialty":0,"chain_pct":0.0,"borough":"Bromley"}},{"type":"Feature","geometry":{"type":"Polygon","coordinates":[[[0.05563,51.39597],[0.04894,51.39478],[0.04771,51.39031],[0.05316,51.38702],[0.05985,51.38821],[0.06109,51.39269],[0.05563,51.39597]]]},"properties":{"id":"88194ad705fffff","n":7,"five_pct":71.4,"low_pct":0.0,"awaiting":0,"awaiting_pct":0.0,"coffee":1,"takeaway_pct":42.9,"pubs":0,"specialty":0,"chain_pct":0.0,"borough":"Bromley"}},{"type":"Feature","geometry":{"type":"Polygon","coordinates":[[[-0.11691,51.51002],[-0.12362,51.50882],[-0.12484,51.50435],[-0.11936,51.50107],[-0.11265,51.50226],[-0.11143,51.50673],[-0.11691,51.51002]]]},"properties":{"id":"88194ad327fffff","n":128,"five_pct":85.6,"low_pct":2.4,"awaiting":3,"awaiting_pct":2.3,"coffee":8,"takeaway_pct":14.1,"pubs":9,"specialty":2,"chain_pct":10.2,"borough":"Lambeth"}},{"type":"Feature","geometry":{"type":"Polygon","coordinates":[[[-0.09334,51.38647],[-0.10003,51.38528],[-0.10125,51.38079],[-0.09578,51.37751],[-0.08909,51.37871],[-0.08787,51.38319],[-0.09334,51.38647]]]},"properties":{"id":"88194ac261fffff","n":19,"five_pct":64.7,"low_pct":5.9,"awaiting":2,"awaiting_pct":10.5,"coffee":1,"takeaway_pct":42.1,"pubs":1,"specialty":0,"chain_pct":0.0,"borough":"Croydon"}},{"type":"Feature","geometry":{"type":"Polygon","coordinates":[[[-0.09758,51.39423],[-0.10428,51.39304],[-0.1055,51.38856],[-0.10003,51.38528],[-0.09334,51.38647],[-0.09211,51.39095],[-0.09758,51.39423]]]},"properties":{"id":"88194ac26dfffff","n":8,"five_pct":50.0,"low_pct":12.5,"awaiting":0,"awaiting_pct":0.0,"coffee":0,"takeaway_pct":25.0,"pubs":1,"specialty":0,"chain_pct":0.0,"borough":"Croydon"}},{"type":"Feature","geometry":{"type":"Polygon","coordinates":[[[-0.08542,51.39215],[-0.09211,51.39095],[-0.09334,51.38647],[-0.08787,51.38319],[-0.08117,51.38439],[-0.07995,51.38886],[-0.08542,51.39215]]]},"properties":{"id":"88194ac269fffff","n":10,"five_pct":70.0,"low_pct":0.0,"awaiting":0,"awaiting_pct":0.0,"coffee":0,"takeaway_pct":60.0,"pubs":1,"specialty":0,"chain_pct":10.0,"borough":"Croydon"}},{"type":"Feature","geometry":{"type":"Polygon","coordinates":[[[-0.10067,51.35959],[-0.10736,51.3584],[-0.10859,51.35391],[-0.10312,51.35063],[-0.09643,51.35183],[-0.09521,51.35631],[-0.10067,51.35959]]]},"properties":{"id":"88194ac223fffff","n":15,"five_pct":40.0,"low_pct":0.0,"awaiting":0,"awaiting_pct":0.0,"coffee":0,"takeaway_pct":53.3,"pubs":0,"specialty":0,"chain_pct":6.7,"borough":"Croydon"}},{"type":"Feature","geometry":{"type":"Polygon","coordinates":[[[-0.11766,51.39064],[-0.12436,51.38944],[-0.12558,51.38496],[-0.12011,51.38168],[-0.11341,51.38288],[-0.11219,51.38736],[-0.11766,51.39064]]]},"properties":{"id":"88194ac359fffff","n":11,"five_pct":40.0,"low_pct":20.0,"awaiting":1,"awaiting_pct":9.1,"coffee":0,"takeaway_pct":36.4,"pubs":1,"specialty":0,"chain_pct":0.0,"borough":"Croydon"}},{"type":"Feature","geometry":{"type":"Polygon","coordinates":[[[-0.08885,51.51926],[-0.09556,51.51806],[-0.09679,51.51359],[-0.0913,51.51031],[-0.0846,51.5115],[-0.08337,51.51597],[-0.08885,51.51926]]]},"properties":{"id":"88194ad305fffff","n":418,"five_pct":87.1,"low_pct":3.2,"awaiting":14,"awaiting_pct":3.3,"coffee":34,"takeaway_pct":26.3,"pubs":44,"specialty":10,"chain_pct":9.1,"borough":"City of London Corporation"}},{"type":"Feature","geometry":{"type":"Polygon","coordinates":[[[-0.13598,51.32342],[-0.14266,51.32222],[-0.14388,51.31774],[-0.13842,51.31446],[-0.13173,51.31566],[-0.13051,51.32014],[-0.13598,51.32342]]]},"properties":{"id":"88194ac007fffff","n":40,"five_pct":66.7,"low_pct":7.7,"awaiting":1,"awaiting_pct":2.5,"coffee":5,"takeaway_pct":32.5,"pubs":3,"specialty":0,"chain_pct":10.0,"borough":"Croydon"}},{"type":"Feature","geometry":{"type":"Polygon","coordinates":[[[-0.06902,51.3823],[-0.07571,51.3811],[-0.07693,51.37662],[-0.07147,51.37334],[-0.06478,51.37454],[-0.06355,51.37901],[-0.06902,51.3823]]]},"properties":{"id":"88194ac247fffff","n":18,"five_pct":66.7,"low_pct":0.0,"awaiting":0,"awaiting_pct":0.0,"coffee":0,"takeaway_pct":44.4,"pubs":1,"specialty":0,"chain_pct":5.6,"borough":"Croydon"}},{"type":"Feature","geometry":{"type":"Polygon","coordinates":[[[-0.12558,51.38496],[-0.13227,51.38376],[-0.13349,51.37928],[-0.12802,51.376],[-0.12133,51.3772],[-0.12011,51.38168],[-0.12558,51.38496]]]},"properties":{"id":"88194ac351fffff","n":12,"five_pct":81.8,"low_pct":18.2,"awaiting":1,"awaiting_pct":8.3,"coffee":0,"takeaway_pct":0.0,"pubs":0,"specialty":0,"chain_pct":33.3,"borough":"Croydon"}},{"type":"Feature","geometry":{"type":"Polygon","coordinates":[[[-0.02369,51.50103],[-0.03039,51.49984],[-0.03162,51.49537],[-0.02615,51.49209],[-0.01945,51.49328],[-0.01822,51.49775],[-0.02369,51.50103]]]},"properties":{"id":"88194ad221fffff","n":23,"five_pct":47.1,"low_pct":11.8,"awaiting":6,"awaiting_pct":26.1,"coffee":0,"takeaway_pct":21.7,"pubs":1,"specialty":0,"chain_pct":0.0,"borough":"Tower Hamlets"}},{"type":"Feature","geometry":{"type":"Polygon","coordinates":[[[-0.10434,51.34615],[-0.11103,51.34495],[-0.11225,51.34047],[-0.10679,51.33719],[-0.1001,51.33839],[-0.09888,51.34287],[-0.10434,51.34615]]]},"properties":{"id":"88194ac04bfffff","n":7,"five_pct":83.3,"low_pct":0.0,"awaiting":1,"awaiting_pct":14.3,"coffee":2,"takeaway_pct":0.0,"pubs":0,"specialty":0,"chain_pct":0.0,"borough":"Croydon"}},{"type":"Feature","geometry":{"type":"Polygon","coordinates":[[[0.00436,51.51025],[-0.00235,51.50906],[-0.00358,51.50459],[0.00189,51.50131],[0.00859,51.50249],[0.00983,51.50696],[0.00436,51.51025]]]},"properties":{"id":"88194ad20dfffff","n":41,"five_pct":87.5,"low_pct":2.5,"awaiting":1,"awaiting_pct":2.4,"coffee":0,"takeaway_pct":0.0,"pubs":0,"specialty":0,"chain_pct":9.8,"borough":"Greenwich"}},{"type":"Feature","geometry":{"type":"Polygon","coordinates":[[[-0.3344,51.60323],[-0.34113,51.60202],[-0.34234,51.59754],[-0.33683,51.59427],[-0.3301,51.59548],[-0.32889,51.59995],[-0.3344,51.60323]]]},"properties":{"id":"88195dae19fffff","n":32,"five_pct":45.2,"low_pct":19.4,"awaiting":1,"awaiting_pct":3.1,"coffee":1,"takeaway_pct":28.1,"pubs":2,"specialty":0,"chain_pct":3.1,"borough":"Harrow"}},{"type":"Feature","geometry":{"type":"Polygon","coordinates":[[[-0.34234,51.59754],[-0.34907,51.59634],[-0.35028,51.59186],[-0.34476,51.58859],[-0.33804,51.5898],[-0.33683,51.59427],[-0.34234,51.59754]]]},"properties":{"id":"88195dae11fffff","n":10,"five_pct":66.7,"low_pct":0.0,"awaiting":1,"awaiting_pct":10.0,"coffee":0,"takeaway_pct":20.0,"pubs":0,"specialty":0,"chain_pct":0.0,"borough":"Harrow"}},{"type":"Feature","geometry":{"type":"Polygon","coordinates":[[[-0.36615,51.5805],[-0.37288,51.57929],[-0.37409,51.57481],[-0.36857,51.57154],[-0.36185,51.57275],[-0.36064,51.57723],[-0.36615,51.5805]]]},"properties":{"id":"88195daee5fffff","n":54,"five_pct":42.0,"low_pct":10.0,"awaiting":4,"awaiting_pct":7.4,"coffee":2,"takeaway_pct":31.5,"pubs":3,"specialty":0,"chain_pct":5.6,"borough":"Harrow"}},{"type":"Feature","geometry":{"type":"Polygon","coordinates":[[[-0.34597,51.58411],[-0.3527,51.58291],[-0.35391,51.57843],[-0.3484,51.57516],[-0.34167,51.57636],[-0.34046,51.58084],[-0.34597,51.58411]]]},"properties":{"id":"88195daee9fffff","n":15,"five_pct":53.8,"low_pct":0.0,"awaiting":2,"awaiting_pct":13.3,"coffee":1,"takeaway_pct":13.3,"pubs":1,"specialty":0,"chain_pct":0.0,"borough":"Harrow"}},{"type":"Feature","geometry":{"type":"Polygon","coordinates":[[[-0.38701,51.59806],[-0.39374,51.59686],[-0.39495,51.59238],[-0.38943,51.58911],[-0.3827,51.59031],[-0.38149,51.59479],[-0.38701,51.59806]]]},"properties":{"id":"88195dae35fffff","n":18,"five_pct":76.5,"low_pct":11.8,"awaiting":1,"awaiting_pct":5.6,"coffee":2,"takeaway_pct":16.7,"pubs":0,"specialty":0,"chain_pct":16.7,"borough":"Harrow"}},{"type":"Feature","geometry":{"type":"Polygon","coordinates":[[[-0.36252,51.59393],[-0.36925,51.59273],[-0.37046,51.58825],[-0.36494,51.58498],[-0.35822,51.58618],[-0.35701,51.59066],[-0.36252,51.59393]]]},"properties":{"id":"88195dae3bfffff","n":18,"five_pct":35.3,"low_pct":0.0,"awaiting":1,"awaiting_pct":5.6,"coffee":1,"takeaway_pct":33.3,"pubs":2,"specialty":0,"chain_pct":0.0,"borough":"Harrow"}},{"type":"Feature","geometry":{"type":"Polygon","coordinates":[[[-0.37771,51.56138],[-0.38443,51.56017],[-0.38564,51.55569],[-0.38013,51.55242],[-0.3734,51.55362],[-0.3722,51.5581],[-0.37771,51.56138]]]},"properties":{"id":"88195daea5fffff","n":7,"five_pct":80.0,"low_pct":0.0,"awaiting":2,"awaiting_pct":28.6,"coffee":1,"takeaway_pct":28.6,"pubs":0,"specialty":0,"chain_pct":14.3,"borough":"Harrow"}},{"type":"Feature","geometry":{"type":"Polygon","coordinates":[[[-0.28975,51.60268],[-0.29647,51.60148],[-0.29769,51.59701],[-0.29218,51.59373],[-0.28545,51.59493],[-0.28424,51.59941],[-0.28975,51.60268]]]},"properties":{"id":"88195da505fffff","n":7,"five_pct":60.0,"low_pct":20.0,"awaiting":2,"awaiting_pct":28.6,"coffee":0,"takeaway_pct":28.6,"pubs":2,"specialty":0,"chain_pct":0.0,"borough":"Harrow"}},{"type":"Feature","geometry":{"type":"Polygon","coordinates":[[[-0.47858,51.54322],[-0.4853,51.542],[-0.4865,51.53752],[-0.48098,51.53425],[-0.47425,51.53546],[-0.47305,51.53995],[-0.47858,51.54322]]]},"properties":{"id":"88195dad8dfffff","n":15,"five_pct":23.1,"low_pct":38.5,"awaiting":2,"awaiting_pct":13.3,"coffee":0,"takeaway_pct":53.3,"pubs":2,"specialty":0,"chain_pct":0.0,"borough":"Hillingdon"}},{"type":"Feature","geometry":{"type":"Polygon","coordinates":[[[-0.43682,51.50809],[-0.44354,51.50688],[-0.44474,51.50239],[-0.43922,51.49912],[-0.4325,51.50034],[-0.4313,51.50482],[-0.43682,51.50809]]]},"properties":{"id":"88195d364dfffff","n":5,"five_pct":null,"low_pct":null,"awaiting":1,"awaiting_pct":20.0,"coffee":0,"takeaway_pct":40.0,"pubs":1,"specialty":0,"chain_pct":0.0,"borough":"Hillingdon"}},{"type":"Feature","geometry":{"type":"Polygon","coordinates":[[[-0.38858,51.52105],[-0.3953,51.51984],[-0.3965,51.51536],[-0.39099,51.51209],[-0.38427,51.5133],[-0.38306,51.51778],[-0.38858,51.52105]]]},"properties":{"id":"88195dac81fffff","n":5,"five_pct":null,"low_pct":null,"awaiting":1,"awaiting_pct":20.0,"coffee":0,"takeaway_pct":20.0,"pubs":0,"specialty":0,"chain_pct":0.0,"borough":"Hillingdon"}},{"type":"Feature","geometry":{"type":"Polygon","coordinates":[[[-0.09,51.56159],[-0.09671,51.56041],[-0.09794,51.55593],[-0.09245,51.55265],[-0.08574,51.55384],[-0.08452,51.55831],[-0.09,51.56159]]]},"properties":{"id":"88195da69dfffff","n":23,"five_pct":66.7,"low_pct":9.5,"awaiting":2,"awaiting_pct":8.7,"coffee":3,"takeaway_pct":17.4,"pubs":3,"specialty":0,"chain_pct":0.0,"borough":"Hackney"}},{"type":"Feature","geometry":{"type":"Polygon","coordinates":[[[-0.26272,51.51381],[-0.26944,51.5126],[-0.27065,51.50812],[-0.26515,51.50485],[-0.25844,51.50605],[-0.25722,51.51053],[-0.26272,51.51381]]]},"properties":{"id":"88194adb59fffff","n":48,"five_pct":37.8,"low_pct":20.0,"awaiting":3,"awaiting_pct":6.2,"coffee":1,"takeaway_pct":12.5,"pubs":5,"specialty":0,"chain_pct":0.0,"borough":"Ealing"}},{"type":"Feature","geometry":{"type":"Polygon","coordinates":[[[-0.02314,51.47986],[-0.02984,51.47867],[-0.03107,51.4742],[-0.0256,51.47091],[-0.0189,51.4721],[-0.01767,51.47657],[-0.02314,51.47986]]]},"properties":{"id":"88194ad04bfffff","n":103,"five_pct":58.7,"low_pct":2.2,"awaiting":9,"awaiting_pct":8.7,"coffee":6,"takeaway_pct":25.2,"pubs":10,"specialty":0,"chain_pct":1.0,"borough":"Lewisham"}},{"type":"Feature","geometry":{"type":"Polygon","coordinates":[[[-0.01412,51.44317],[-0.02082,51.44197],[-0.02204,51.4375],[-0.01658,51.43422],[-0.00988,51.43541],[-0.00865,51.43988],[-0.01412,51.44317]]]},"properties":{"id":"88194ad01bfffff","n":8,"five_pct":62.5,"low_pct":0.0,"awaiting":0,"awaiting_pct":0.0,"coffee":0,"takeaway_pct":25.0,"pubs":0,"specialty":0,"chain_pct":0.0,"borough":"Lewisham"}},{"type":"Feature","geometry":{"type":"Polygon","coordinates":[[[-0.03845,51.44735],[-0.04515,51.44616],[-0.04637,51.44169],[-0.0409,51.4384],[-0.03421,51.43959],[-0.03298,51.44407],[-0.03845,51.44735]]]},"properties":{"id":"88194ad015fffff","n":22,"five_pct":63.2,"low_pct":5.3,"awaiting":3,"awaiting_pct":13.6,"coffee":1,"takeaway_pct":36.4,"pubs":2,"specialty":0,"chain_pct":4.5,"borough":"Lewisham"}},{"type":"Feature","geometry":{"type":"Polygon","coordinates":[[[0.01813,51.44463],[0.01143,51.44344],[0.0102,51.43897],[0.01566,51.43569],[0.02236,51.43687],[0.02359,51.44135],[0.01813,51.44463]]]},"properties":{"id":"88194ad2abfffff","n":11,"five_pct":80.0,"low_pct":0.0,"awaiting":1,"awaiting_pct":9.1,"coffee":0,"takeaway_pct":54.5,"pubs":2,"specialty":0,"chain_pct":0.0,"borough":"Lewisham"}},{"type":"Feature","geometry":{"type":"Polygon","coordinates":[[[-0.00673,51.47001],[-0.01343,51.46882],[-0.01466,51.46434],[-0.0092,51.46106],[-0.0025,51.46225],[-0.00127,51.46672],[-0.00673,51.47001]]]},"properties":{"id":"88194ad059fffff","n":45,"five_pct":69.0,"low_pct":2.4,"awaiting":2,"awaiting_pct":4.4,"coffee":1,"takeaway_pct":31.1,"pubs":2,"specialty":0,"chain_pct":6.7,"borough":"Lewisham"}},{"type":"Feature","geometry":{"type":"Polygon","coordinates":[[[-0.00988,51.43541],[-0.01658,51.43422],[-0.01781,51.42974],[-0.01234,51.42646],[-0.00565,51.42765],[-0.00442,51.43212],[-0.00988,51.43541]]]},"properties":{"id":"88194ad0cdfffff","n":7,"five_pct":80.0,"low_pct":20.0,"awaiting":0,"awaiting_pct":0.0,"coffee":0,"takeaway_pct":57.1,"pubs":1,"specialty":0,"chain_pct":0.0,"borough":"Lewisham"}},{"type":"Feature","geometry":{"type":"Polygon","coordinates":[[[-0.01466,51.46434],[-0.02136,51.46316],[-0.02259,51.45868],[-0.01713,51.4554],[-0.01043,51.45659],[-0.0092,51.46106],[-0.01466,51.46434]]]},"properties":{"id":"88194ad051fffff","n":41,"five_pct":64.7,"low_pct":0.0,"awaiting":7,"awaiting_pct":17.1,"coffee":0,"takeaway_pct":34.1,"pubs":3,"specialty":0,"chain_pct":12.2,"borough":"Lewisham"}},{"type":"Feature","geometry":{"type":"Polygon","coordinates":[[[-0.02738,51.48762],[-0.03408,51.48643],[-0.03531,51.48195],[-0.02984,51.47867],[-0.02314,51.47986],[-0.02191,51.48433],[-0.02738,51.48762]]]},"properties":{"id":"88194ad049fffff","n":32,"five_pct":57.7,"low_pct":3.8,"awaiting":4,"awaiting_pct":12.5,"coffee":1,"takeaway_pct":37.5,"pubs":5,"specialty":0,"chain_pct":0.0,"borough":"Lewisham"}},{"type":"Feature","geometry":{"type":"Polygon","coordinates":[[[-0.05006,51.42826],[-0.05675,51.42707],[-0.05798,51.42259],[-0.05251,51.41931],[-0.04582,51.4205],[-0.04459,51.42498],[-0.05006,51.42826]]]},"properties":{"id":"88194ad0e5fffff","n":34,"five_pct":56.2,"low_pct":9.4,"awaiting":2,"awaiting_pct":5.9,"coffee":1,"takeaway_pct":26.5,"pubs":4,"specialty":0,"chain_pct":2.9,"borough":"Lewisham"}},{"type":"Feature","geometry":{"type":"Polygon","coordinates":[[[-0.05062,51.44945],[-0.05731,51.44826],[-0.05854,51.44378],[-0.05307,51.4405],[-0.04637,51.44169],[-0.04515,51.44616],[-0.05062,51.44945]]]},"properties":{"id":"88194ad039fffff","n":16,"five_pct":71.4,"low_pct":7.1,"awaiting":2,"awaiting_pct":12.5,"coffee":0,"takeaway_pct":50.0,"pubs":1,"specialty":0,"chain_pct":12.5,"borough":"Lewisham"}},{"type":"Feature","geometry":{"type":"Polygon","coordinates":[[[0.0139,51.45239],[0.0072,51.4512],[0.00597,51.44673],[0.01143,51.44344],[0.01813,51.44463],[0.01936,51.44911],[0.0139,51.45239]]]},"properties":{"id":"88194ad2a9fffff","n":13,"five_pct":61.5,"low_pct":0.0,"awaiting":0,"awaiting_pct":0.0,"coffee":0,"takeaway_pct":38.5,"pubs":1,"specialty":0,"chain_pct":7.7,"borough":"Lewisham"}},{"type":"Feature","geometry":{"type":"Polygon","coordinates":[[[-0.00619,51.44883],[-0.01289,51.44764],[-0.01412,51.44317],[-0.00865,51.43988],[-0.00196,51.44107],[-0.00073,51.44554],[-0.00619,51.44883]]]},"properties":{"id":"88194ad2a5fffff","n":19,"five_pct":52.9,"low_pct":11.8,"awaiting":2,"awaiting_pct":10.5,"coffee":0,"takeaway_pct":52.6,"pubs":0,"specialty":0,"chain_pct":5.3,"borough":"Lewisham"}},{"type":"Feature","geometry":{"type":"Polygon","coordinates":[[[-0.0543,51.43602],[-0.061,51.43483],[-0.06222,51.43035],[-0.05675,51.42707],[-0.05006,51.42826],[-0.04883,51.43274],[-0.0543,51.43602]]]},"properties":{"id":"88194ad033fffff","n":19,"five_pct":50.0,"low_pct":0.0,"awaiting":1,"awaiting_pct":5.3,"coffee":2,"takeaway_pct":36.8,"pubs":2,"specialty":0,"chain_pct":5.3,"borough":"Lewisham"}},{"type":"Feature","geometry":{"type":"Polygon","coordinates":[[[-0.039,51.46853],[-0.0457,51.46734],[-0.04693,51.46287],[-0.04146,51.45959],[-0.03476,51.46078],[-0.03353,51.46525],[-0.039,51.46853]]]},"properties":{"id":"88194ad009fffff","n":27,"five_pct":60.9,"low_pct":13.0,"awaiting":3,"awaiting_pct":11.1,"coffee":0,"takeaway_pct":22.2,"pubs":1,"specialty":0,"chain_pct":0.0,"borough":"Lewisham"}},{"type":"Feature","geometry":{"type":"Polygon","coordinates":[[[0.02236,51.43687],[0.01566,51.43569],[0.01443,51.43121],[0.01989,51.42793],[0.02659,51.42911],[0.02782,51.43359],[0.02236,51.43687]]]},"properties":{"id":"88194ad2bdfffff","n":15,"five_pct":50.0,"low_pct":7.1,"awaiting":1,"awaiting_pct":6.7,"coffee":1,"takeaway_pct":40.0,"pubs":0,"specialty":0,"chain_pct":0.0,"borough":"Lewisham"}},{"type":"Feature","geometry":{"type":"Polygon","coordinates":[[[-0.01521,51.48552],[-0.02191,51.48433],[-0.02314,51.47986],[-0.01767,51.47657],[-0.01097,51.47776],[-0.00974,51.48224],[-0.01521,51.48552]]]},"properties":{"id":"88194ad235fffff","n":49,"five_pct":87.2,"low_pct":0.0,"awaiting":2,"awaiting_pct":4.1,"coffee":6,"takeaway_pct":8.2,"pubs":6,"specialty":0,"chain_pct":8.2,"borough":"Greenwich"}},{"type":"Feature","geometry":{"type":"Polygon","coordinates":[[[0.0102,51.43897],[0.00351,51.43778],[0.00228,51.43331],[0.00774,51.43002],[0.01443,51.43121],[0.01566,51.43569],[0.0102,51.43897]]]},"properties":{"id":"88194ad2a3fffff","n":5,"five_pct":null,"low_pct":null,"awaiting":1,"awaiting_pct":20.0,"coffee":0,"takeaway_pct":80.0,"pubs":0,"specialty":0,"chain_pct":20.0,"borough":"Lewisham"}},{"type":"Feature","geometry":{"type":"Polygon","coordinates":[[[-0.02683,51.46644],[-0.03353,51.46525],[-0.03476,51.46078],[-0.02929,51.45749],[-0.02259,51.45868],[-0.02136,51.46316],[-0.02683,51.46644]]]},"properties":{"id":"88194ad055fffff","n":7,"five_pct":80.0,"low_pct":0.0,"awaiting":2,"awaiting_pct":28.6,"coffee":1,"takeaway_pct":14.3,"pubs":1,"specialty":0,"chain_pct":0.0,"borough":"Lewisham"}},{"type":"Feature","geometry":{"type":"Polygon","coordinates":[[[-0.16629,51.53954],[-0.17301,51.53834],[-0.17423,51.53387],[-0.16874,51.53059],[-0.16203,51.53178],[-0.1608,51.53626],[-0.16629,51.53954]]]},"properties":{"id":"88195da48dfffff","n":27,"five_pct":66.7,"low_pct":3.7,"awaiting":0,"awaiting_pct":0.0,"coffee":4,"takeaway_pct":11.1,"pubs":2,"specialty":1,"chain_pct":7.4,"borough":"Westminster"}},{"type":"Feature","geometry":{"type":"Polygon","coordinates":[[[-0.13703,51.50643],[-0.14374,51.50524],[-0.14497,51.50076],[-0.13948,51.49748],[-0.13277,51.49868],[-0.13155,51.50315],[-0.13703,51.50643]]]},"properties":{"id":"88195da493fffff","n":45,"five_pct":88.4,"low_pct":0.0,"awaiting":2,"awaiting_pct":4.4,"coffee":4,"takeaway_pct":4.4,"pubs":1,"specialty":0,"chain_pct":8.9,"borough":"Westminster"}},{"type":"Feature","geometry":{"type":"Polygon","coordinates":[[[-0.17605,51.59738],[-0.18277,51.59619],[-0.18399,51.59172],[-0.17849,51.58844],[-0.17178,51.58963],[-0.17055,51.5941],[-0.17605,51.59738]]]},"properties":{"id":"88195da443fffff","n":10,"five_pct":70.0,"low_pct":0.0,"awaiting":0,"awaiting_pct":0.0,"coffee":0,"takeaway_pct":10.0,"pubs":2,"specialty":0,"chain_pct":0.0,"borough":"Barnet"}},{"type":"Feature","geometry":{"type":"Polygon","coordinates":[[[-0.19806,51.65729],[-0.20479,51.6561],[-0.20601,51.65163],[-0.2005,51.64835],[-0.19378,51.64954],[-0.19255,51.65401],[-0.19806,51.65729]]]},"properties":{"id":"88195da74bfffff","n":55,"five_pct":64.2,"low_pct":1.9,"awaiting":2,"awaiting_pct":3.6,"coffee":5,"takeaway_pct":16.4,"pubs":7,"specialty":1,"chain_pct":9.1,"borough":"Barnet"}},{"type":"Feature","geometry":{"type":"Polygon","coordinates":[[[-0.22431,51.58455],[-0.23103,51.58335],[-0.23225,51.57887],[-0.22675,51.5756],[-0.22003,51.57679],[-0.21881,51.58127],[-0.22431,51.58455]]]},"properties":{"id":"88195da421fffff","n":70,"five_pct":71.6,"low_pct":1.5,"awaiting":2,"awaiting_pct":2.9,"coffee":5,"takeaway_pct":22.9,"pubs":2,"specialty":0,"chain_pct":17.1,"borough":"Barnet"}},{"type":"Feature","geometry":{"type":"Polygon","coordinates":[[[-0.19255,51.60722],[-0.19927,51.60603],[-0.20049,51.60155],[-0.19499,51.59827],[-0.18827,51.59947],[-0.18705,51.60394],[-0.19255,51.60722]]]},"properties":{"id":"88195da445fffff","n":58,"five_pct":60.4,"low_pct":1.9,"awaiting":4,"awaiting_pct":6.9,"coffee":2,"takeaway_pct":19.0,"pubs":4,"specialty":0,"chain_pct":3.4,"borough":"Barnet"}},{"type":"Feature","geometry":{"type":"Polygon","coordinates":[[[-0.25798,51.62537],[-0.26471,51.62418],[-0.26592,51.6197],[-0.26041,51.61643],[-0.25369,51.61763],[-0.25247,51.6221],[-0.25798,51.62537]]]},"properties":{"id":"88195da549fffff","n":6,"five_pct":100.0,"low_pct":0.0,"awaiting":0,"awaiting_pct":0.0,"coffee":0,"takeaway_pct":33.3,"pubs":1,"specialty":0,"chain_pct":0.0,"borough":"Barnet"}},{"type":"Feature","geometry":{"type":"Polygon","coordinates":[[[-0.1846,51.61288],[-0.19132,51.61169],[-0.19255,51.60722],[-0.18705,51.60394],[-0.18033,51.60513],[-0.1791,51.60961],[-0.1846,51.61288]]]},"properties":{"id":"88195da44dfffff","n":21,"five_pct":42.1,"low_pct":10.5,"awaiting":2,"awaiting_pct":9.5,"coffee":0,"takeaway_pct":38.1,"pubs":2,"specialty":0,"chain_pct":4.8,"borough":"Barnet"}},{"type":"Feature","geometry":{"type":"Polygon","coordinates":[[[-0.23717,51.6078],[-0.24389,51.6066],[-0.24511,51.60213],[-0.23961,51.59885],[-0.23288,51.60005],[-0.23166,51.60452],[-0.23717,51.6078]]]},"properties":{"id":"88195da559fffff","n":5,"five_pct":null,"low_pct":null,"awaiting":1,"awaiting_pct":20.0,"coffee":0,"takeaway_pct":20.0,"pubs":1,"specialty":0,"chain_pct":0.0,"borough":"Barnet"}},{"type":"Feature","geometry":{"type":"Polygon","coordinates":[[[-0.16811,51.60305],[-0.17483,51.60186],[-0.17605,51.59738],[-0.17055,51.5941],[-0.16383,51.5953],[-0.16261,51.59977],[-0.16811,51.60305]]]},"properties":{"id":"88195da44bfffff","n":5,"five_pct":20.0,"low_pct":20.0,"awaiting":0,"awaiting_pct":0.0,"coffee":0,"takeaway_pct":0.0,"pubs":0,"specialty":0,"chain_pct":0.0,"borough":"Barnet"}},{"type":"Feature","geometry":{"type":"Polygon","coordinates":[[[-0.20234,51.66504],[-0.20907,51.66385],[-0.21029,51.65937],[-0.20479,51.6561],[-0.19806,51.65729],[-0.19684,51.66176],[-0.20234,51.66504]]]},"properties":{"id":"88195da749fffff","n":11,"five_pct":81.8,"low_pct":0.0,"awaiting":0,"awaiting_pct":0.0,"coffee":1,"takeaway_pct":9.1,"pubs":1,"specialty":0,"chain_pct":0.0,"borough":"Barnet"}},{"type":"Feature","geometry":{"type":"Polygon","coordinates":[[[-0.1956,51.57263],[-0.20231,51.57144],[-0.20353,51.56696],[-0.19804,51.56368],[-0.19132,51.56488],[-0.1901,51.56935],[-0.1956,51.57263]]]},"properties":{"id":"88195da439fffff","n":23,"five_pct":33.3,"low_pct":19.0,"awaiting":2,"awaiting_pct":8.7,"coffee":2,"takeaway_pct":13.0,"pubs":0,"specialty":1,"chain_pct":17.4,"borough":"Barnet"}},{"type":"Feature","geometry":{"type":"Polygon","coordinates":[[[-0.24574,51.6233],[-0.25247,51.6221],[-0.25369,51.61763],[-0.24818,51.61435],[-0.24146,51.61555],[-0.24024,51.62002],[-0.24574,51.6233]]]},"properties":{"id":"88195da735fffff","n":18,"five_pct":68.8,"low_pct":0.0,"awaiting":2,"awaiting_pct":11.1,"coffee":0,"takeaway_pct":16.7,"pubs":0,"specialty":0,"chain_pct":11.1,"borough":"Barnet"}},{"type":"Feature","geometry":{"type":"Polygon","coordinates":[[[-0.21637,51.59022],[-0.22309,51.58902],[-0.22431,51.58455],[-0.21881,51.58127],[-0.21209,51.58246],[-0.21087,51.58694],[-0.21637,51.59022]]]},"properties":{"id":"88195da429fffff","n":26,"five_pct":37.5,"low_pct":20.8,"awaiting":2,"awaiting_pct":7.7,"coffee":1,"takeaway_pct":23.1,"pubs":0,"specialty":0,"chain_pct":0.0,"borough":"Barnet"}},{"type":"Feature","geometry":{"type":"Polygon","coordinates":[[[-0.15709,51.64328],[-0.16381,51.64209],[-0.16504,51.63762],[-0.15954,51.63434],[-0.15281,51.63553],[-0.15159,51.64],[-0.15709,51.64328]]]},"properties":{"id":"88195da661fffff","n":9,"five_pct":50.0,"low_pct":0.0,"awaiting":1,"awaiting_pct":11.1,"coffee":0,"takeaway_pct":11.1,"pubs":1,"specialty":0,"chain_pct":0.0,"borough":"Barnet"}},{"type":"Feature","geometry":{"type":"Polygon","coordinates":[[[-0.23288,51.60005],[-0.23961,51.59885],[-0.24082,51.59438],[-0.23532,51.5911],[-0.2286,51.5923],[-0.22738,51.59677],[-0.23288,51.60005]]]},"properties":{"id":"88195da55bfffff","n":5,"five_pct":80.0,"low_pct":0.0,"awaiting":0,"awaiting_pct":0.0,"coffee":0,"takeaway_pct":20.0,"pubs":0,"specialty":0,"chain_pct":0.0,"borough":"Barnet"}},{"type":"Feature","geometry":{"type":"Polygon","coordinates":[[[-0.22003,51.57679],[-0.22675,51.5756],[-0.22797,51.57112],[-0.22247,51.56785],[-0.21575,51.56904],[-0.21453,51.57352],[-0.22003,51.57679]]]},"properties":{"id":"88195da423fffff","n":8,"five_pct":71.4,"low_pct":0.0,"awaiting":1,"awaiting_pct":12.5,"coffee":3,"takeaway_pct":0.0,"pubs":1,"specialty":0,"chain_pct":25.0,"borough":"Barnet"}},{"type":"Feature","geometry":{"type":"Polygon","coordinates":[[[-0.13632,51.62569],[-0.14304,51.6245],[-0.14427,51.62004],[-0.13877,51.61675],[-0.13205,51.61794],[-0.13082,51.62241],[-0.13632,51.62569]]]},"properties":{"id":"88195da601fffff","n":5,"five_pct":null,"low_pct":null,"awaiting":1,"awaiting_pct":20.0,"coffee":0,"takeaway_pct":0.0,"pubs":1,"specialty":0,"chain_pct":0.0,"borough":"Barnet"}},{"type":"Feature","geometry":{"type":"Polygon","coordinates":[[[-0.18154,51.64746],[-0.18827,51.64626],[-0.18949,51.6418],[-0.18399,51.63852],[-0.17727,51.63971],[-0.17604,51.64418],[-0.18154,51.64746]]]},"properties":{"id":"88195da759fffff","n":6,"five_pct":33.3,"low_pct":0.0,"awaiting":0,"awaiting_pct":0.0,"coffee":1,"takeaway_pct":16.7,"pubs":1,"specialty":0,"chain_pct":16.7,"borough":"Barnet"}},{"type":"Feature","geometry":{"type":"Polygon","coordinates":[[[0.0049,51.48908],[-0.00181,51.48789],[-0.00304,51.48342],[0.00243,51.48014],[0.00913,51.48132],[0.01036,51.4858],[0.0049,51.48908]]]},"properties":{"id":"88194ad239fffff","n":51,"five_pct":76.1,"low_pct":0.0,"awaiting":5,"awaiting_pct":9.8,"coffee":2,"takeaway_pct":25.5,"pubs":6,"specialty":0,"chain_pct":3.9,"borough":"Greenwich"}},{"type":"Feature","geometry":{"type":"Polygon","coordinates":[[[0.0583,51.45175],[0.0516,51.45056],[0.05037,51.44609],[0.05583,51.4428],[0.06252,51.44399],[0.06376,51.44846],[0.0583,51.45175]]]},"properties":{"id":"88194ad2d5fffff","n":36,"five_pct":82.9,"low_pct":2.9,"awaiting":1,"awaiting_pct":2.8,"coffee":3,"takeaway_pct":11.1,"pubs":4,"specialty":0,"chain_pct":8.3,"borough":"Greenwich"}},{"type":"Feature","geometry":{"type":"Polygon","coordinates":[[[-0.05341,51.55531],[-0.06012,51.55413],[-0.06135,51.54966],[-0.05587,51.54637],[-0.04916,51.54756],[-0.04793,51.55203],[-0.05341,51.55531]]]},"properties":{"id":"88194e69a1fffff","n":86,"five_pct":72.5,"low_pct":5.0,"awaiting":6,"awaiting_pct":7.0,"coffee":2,"takeaway_pct":16.3,"pubs":6,"specialty":1,"chain_pct":5.8,"borough":"Hackney"}},{"type":"Feature","geometry":{"type":"Polygon","coordinates":[[[-0.11574,51.46765],[-0.12245,51.46646],[-0.12367,51.46198],[-0.11819,51.4587],[-0.11149,51.4599],[-0.11026,51.46437],[-0.11574,51.46765]]]},"properties":{"id":"88194ad11dfffff","n":192,"five_pct":61.7,"low_pct":8.6,"awaiting":17,"awaiting_pct":8.9,"coffee":8,"takeaway_pct":18.2,"pubs":20,"specialty":0,"chain_pct":2.6,"borough":"Lambeth"}},{"type":"Feature","geometry":{"type":"Polygon","coordinates":[[[-0.10356,51.46556],[-0.11026,51.46437],[-0.11149,51.4599],[-0.10601,51.45661],[-0.09931,51.45781],[-0.09809,51.46228],[-0.10356,51.46556]]]},"properties":{"id":"88194ad119fffff","n":39,"five_pct":66.7,"low_pct":2.8,"awaiting":3,"awaiting_pct":7.7,"coffee":0,"takeaway_pct":38.5,"pubs":3,"specialty":0,"chain_pct":2.6,"borough":"Lambeth"}},{"type":"Feature","geometry":{"type":"Polygon","coordinates":[[[0.03716,51.49054],[0.03046,51.48935],[0.02923,51.48488],[0.03469,51.48159],[0.04139,51.48278],[0.04263,51.48725],[0.03716,51.49054]]]},"properties":{"id":"88194ad219fffff","n":16,"five_pct":71.4,"low_pct":7.1,"awaiting":2,"awaiting_pct":12.5,"coffee":0,"takeaway_pct":25.0,"pubs":1,"specialty":0,"chain_pct":0.0,"borough":"Greenwich"}},{"type":"Feature","geometry":{"type":"Polygon","coordinates":[[[0.08159,51.48988],[0.07489,51.48869],[0.07365,51.48423],[0.07911,51.48094],[0.08581,51.48212],[0.08705,51.48659],[0.08159,51.48988]]]},"properties":{"id":"88194e6d05fffff","n":14,"five_pct":69.2,"low_pct":0.0,"awaiting":1,"awaiting_pct":7.1,"coffee":0,"takeaway_pct":50.0,"pubs":2,"specialty":0,"chain_pct":0.0,"borough":"Greenwich"}},{"type":"Feature","geometry":{"type":"Polygon","coordinates":[[[-0.07412,51.57291],[-0.08083,51.57173],[-0.08206,51.56726],[-0.07657,51.56397],[-0.06986,51.56516],[-0.06863,51.56963],[-0.07412,51.57291]]]},"properties":{"id":"88195da6d1fffff","n":20,"five_pct":38.9,"low_pct":5.6,"awaiting":2,"awaiting_pct":10.0,"coffee":0,"takeaway_pct":15.0,"pubs":1,"specialty":0,"chain_pct":0.0,"borough":"Hackney"}},{"type":"Feature","geometry":{"type":"Polygon","coordinates":[[[0.01706,51.48698],[0.01036,51.4858],[0.00913,51.48132],[0.0146,51.47804],[0.0213,51.47922],[0.02253,51.48369],[0.01706,51.48698]]]},"properties":{"id":"88194ad215fffff","n":15,"five_pct":100.0,"low_pct":0.0,"awaiting":4,"awaiting_pct":26.7,"coffee":2,"takeaway_pct":13.3,"pubs":2,"specialty":0,"chain_pct":0.0,"borough":"Greenwich"}},{"type":"Feature","geometry":{"type":"Polygon","coordinates":[[[0.04614,51.45385],[0.03945,51.45266],[0.03821,51.44819],[0.04368,51.44491],[0.05037,51.44609],[0.0516,51.45056],[0.04614,51.45385]]]},"properties":{"id":"88194ad289fffff","n":14,"five_pct":76.9,"low_pct":0.0,"awaiting":1,"awaiting_pct":7.1,"coffee":0,"takeaway_pct":14.3,"pubs":3,"specialty":0,"chain_pct":0.0,"borough":"Greenwich"}},{"type":"Feature","geometry":{"type":"Polygon","coordinates":[[[0.0652,51.49974],[0.0585,51.49856],[0.05726,51.49409],[0.06273,51.4908],[0.06943,51.49198],[0.07066,51.49645],[0.0652,51.49974]]]},"properties":{"id":"88194e6d67fffff","n":44,"five_pct":62.8,"low_pct":2.3,"awaiting":1,"awaiting_pct":2.3,"coffee":0,"takeaway_pct":25.0,"pubs":3,"specialty":0,"chain_pct":4.5,"borough":"Greenwich"}},{"type":"Feature","geometry":{"type":"Polygon","coordinates":[[[-0.10298,51.44438],[-0.10968,51.44318],[-0.11091,51.43871],[-0.10543,51.43542],[-0.09873,51.43662],[-0.09751,51.4411],[-0.10298,51.44438]]]},"properties":{"id":"88194ad1c5fffff","n":32,"five_pct":50.0,"low_pct":10.0,"awaiting":2,"awaiting_pct":6.2,"coffee":0,"takeaway_pct":28.1,"pubs":3,"specialty":0,"chain_pct":0.0,"borough":"Lambeth"}},{"type":"Feature","geometry":{"type":"Polygon","coordinates":[[[-0.12,51.47541],[-0.1267,51.47421],[-0.12793,51.46974],[-0.12245,51.46646],[-0.11574,51.46765],[-0.11452,51.47213],[-0.12,51.47541]]]},"properties":{"id":"88194ad10bfffff","n":33,"five_pct":40.6,"low_pct":15.6,"awaiting":1,"awaiting_pct":3.0,"coffee":1,"takeaway_pct":33.3,"pubs":2,"specialty":0,"chain_pct":6.1,"borough":"Lambeth"}},{"type":"Feature","geometry":{"type":"Polygon","coordinates":[[[-0.11207,51.48108],[-0.11878,51.47989],[-0.12,51.47541],[-0.11452,51.47213],[-0.10781,51.47332],[-0.10659,51.4778],[-0.11207,51.48108]]]},"properties":{"id":"88194ad155fffff","n":25,"five_pct":40.0,"low_pct":8.0,"awaiting":0,"awaiting_pct":0.0,"coffee":0,"takeaway_pct":28.0,"pubs":0,"specialty":0,"chain_pct":0.0,"borough":"Lambeth"}},{"type":"Feature","geometry":{"type":"Polygon","coordinates":[[[-0.12426,51.48317],[-0.13096,51.48197],[-0.13218,51.47749],[-0.1267,51.47421],[-0.12,51.47541],[-0.11878,51.47989],[-0.12426,51.48317]]]},"properties":{"id":"88194ad109fffff","n":55,"five_pct":44.2,"low_pct":11.5,"awaiting":3,"awaiting_pct":5.5,"coffee":0,"takeaway_pct":14.5,"pubs":7,"specialty":1,"chain_pct":3.6,"borough":"Lambeth"}},{"type":"Feature","geometry":{"type":"Polygon","coordinates":[[[-0.13467,51.42168],[-0.14137,51.42048],[-0.14259,51.41601],[-0.13711,51.41273],[-0.13042,51.41392],[-0.1292,51.4184],[-0.13467,51.42168]]]},"properties":{"id":"88194ad1a1fffff","n":13,"five_pct":23.1,"low_pct":0.0,"awaiting":0,"awaiting_pct":0.0,"coffee":2,"takeaway_pct":38.5,"pubs":1,"specialty":0,"chain_pct":0.0,"borough":"Lambeth"}},{"type":"Feature","geometry":{"type":"Polygon","coordinates":[[[0.12402,51.57381],[0.11731,51.57263],[0.11607,51.56817],[0.12153,51.56488],[0.12824,51.56606],[0.12948,51.57052],[0.12402,51.57381]]]},"properties":{"id":"88194e6a83fffff","n":17,"five_pct":58.8,"low_pct":5.9,"awaiting":0,"awaiting_pct":0.0,"coffee":0,"takeaway_pct":47.1,"pubs":1,"specialty":0,"chain_pct":11.8,"borough":"Redbridge"}},{"type":"Feature","geometry":{"type":"Polygon","coordinates":[[[0.09967,51.57803],[0.09296,51.57686],[0.09172,51.57239],[0.09719,51.5691],[0.1039,51.57028],[0.10514,51.57475],[0.09967,51.57803]]]},"properties":{"id":"88194e6aabfffff","n":13,"five_pct":50.0,"low_pct":0.0,"awaiting":1,"awaiting_pct":7.7,"coffee":0,"takeaway_pct":53.8,"pubs":1,"specialty":0,"chain_pct":0.0,"borough":"Redbridge"}},{"type":"Feature","geometry":{"type":"Polygon","coordinates":[[[0.03453,51.59633],[0.02782,51.59515],[0.02658,51.59068],[0.03206,51.58739],[0.03877,51.58857],[0.04,51.59304],[0.03453,51.59633]]]},"properties":{"id":"88194e6801fffff","n":22,"five_pct":68.4,"low_pct":10.5,"awaiting":3,"awaiting_pct":13.6,"coffee":1,"takeaway_pct":27.3,"pubs":1,"specialty":0,"chain_pct":4.5,"borough":"Redbridge"}},{"type":"Feature","geometry":{"type":"Polygon","coordinates":[[[0.02234,51.59843],[0.01563,51.59725],[0.01439,51.59278],[0.01987,51.5895],[0.02658,51.59068],[0.02782,51.59515],[0.02234,51.59843]]]},"properties":{"id":"88194e6805fffff","n":46,"five_pct":76.3,"low_pct":2.6,"awaiting":8,"awaiting_pct":17.4,"coffee":2,"takeaway_pct":32.6,"pubs":1,"specialty":1,"chain_pct":8.7,"borough":"Redbridge"}},{"type":"Feature","geometry":{"type":"Polygon","coordinates":[[[0.11507,51.61046],[0.10836,51.60928],[0.10712,51.60482],[0.11259,51.60153],[0.1193,51.6027],[0.12054,51.60717],[0.11507,51.61046]]]},"properties":{"id":"88194e6a13fffff","n":6,"five_pct":null,"low_pct":null,"awaiting":2,"awaiting_pct":33.3,"coffee":0,"takeaway_pct":0.0,"pubs":1,"specialty":0,"chain_pct":0.0,"borough":"Redbridge"}},{"type":"Feature","geometry":{"type":"Polygon","coordinates":[[[0.12303,51.61609],[0.11632,51.61492],[0.11507,51.61046],[0.12054,51.60717],[0.12725,51.60834],[0.12849,51.6128],[0.12303,51.61609]]]},"properties":{"id":"88194e6a1bfffff","n":9,"five_pct":71.4,"low_pct":14.3,"awaiting":2,"awaiting_pct":22.2,"coffee":0,"takeaway_pct":22.2,"pubs":0,"specialty":0,"chain_pct":0.0,"borough":"Redbridge"}},{"type":"Feature","geometry":{"type":"Polygon","coordinates":[[[-0.01576,51.50669],[-0.02246,51.5055],[-0.02369,51.50103],[-0.01822,51.49775],[-0.01151,51.49894],[-0.01028,51.50341],[-0.01576,51.50669]]]},"properties":{"id":"88194ad229fffff","n":326,"five_pct":87.7,"low_pct":1.3,"awaiting":24,"awaiting_pct":7.4,"coffee":17,"takeaway_pct":12.6,"pubs":9,"specialty":5,"chain_pct":6.7,"borough":"Tower Hamlets"}},{"type":"Feature","geometry":{"type":"Polygon","coordinates":[[[-0.05654,51.52073],[-0.06325,51.51954],[-0.06448,51.51507],[-0.059,51.51179],[-0.05229,51.51298],[-0.05106,51.51745],[-0.05654,51.52073]]]},"properties":{"id":"88194ad355fffff","n":122,"five_pct":54.3,"low_pct":11.2,"awaiting":5,"awaiting_pct":4.1,"coffee":11,"takeaway_pct":18.9,"pubs":5,"specialty":0,"chain_pct":2.5,"borough":"Tower Hamlets"}},{"type":"Feature","geometry":{"type":"Polygon","coordinates":[[[-0.06448,51.51507],[-0.07118,51.51388],[-0.07241,51.50941],[-0.06693,51.50613],[-0.06023,51.50732],[-0.059,51.51179],[-0.06448,51.51507]]]},"properties":{"id":"88194ad30bfffff","n":76,"five_pct":55.4,"low_pct":6.8,"awaiting":0,"awaiting_pct":0.0,"coffee":4,"takeaway_pct":11.8,"pubs":11,"specialty":0,"chain_pct":3.9,"borough":"Tower Hamlets"}},{"type":"Feature","geometry":{"type":"Polygon","coordinates":[[[0.13196,51.57945],[0.12526,51.57827],[0.12402,51.57381],[0.12948,51.57052],[0.13619,51.5717],[0.13743,51.57616],[0.13196,51.57945]]]},"properties":{"id":"88194e6a8bfffff","n":9,"five_pct":28.6,"low_pct":28.6,"awaiting":2,"awaiting_pct":22.2,"coffee":0,"takeaway_pct":22.2,"pubs":0,"specialty":0,"chain_pct":0.0,"borough":"Barking and Dagenham"}},{"type":"Feature","geometry":{"type":"Polygon","coordinates":[[[0.06365,51.56321],[0.05694,51.56203],[0.05571,51.55756],[0.06118,51.55428],[0.06788,51.55546],[0.06912,51.55992],[0.06365,51.56321]]]},"properties":{"id":"88194e68c5fffff","n":8,"five_pct":33.3,"low_pct":16.7,"awaiting":1,"awaiting_pct":12.5,"coffee":0,"takeaway_pct":37.5,"pubs":1,"specialty":0,"chain_pct":0.0,"borough":"Redbridge"}},{"type":"Feature","geometry":{"type":"Polygon","coordinates":[[[0.08275,51.60904],[0.07604,51.60786],[0.0748,51.6034],[0.08027,51.60011],[0.08699,51.60129],[0.08823,51.60575],[0.08275,51.60904]]]},"properties":{"id":"88194e6a33fffff","n":5,"five_pct":40.0,"low_pct":40.0,"awaiting":0,"awaiting_pct":0.0,"coffee":0,"takeaway_pct":60.0,"pubs":1,"specialty":0,"chain_pct":0.0,"borough":"Redbridge"}},{"type":"Feature","geometry":{"type":"Polygon","coordinates":[[[0.07108,51.59],[0.06437,51.58883],[0.06313,51.58436],[0.06861,51.58107],[0.07531,51.58225],[0.07655,51.58672],[0.07108,51.59]]]},"properties":{"id":"88194e6853fffff","n":5,"five_pct":null,"low_pct":null,"awaiting":1,"awaiting_pct":20.0,"coffee":0,"takeaway_pct":60.0,"pubs":0,"specialty":0,"chain_pct":0.0,"borough":"Redbridge"}},{"type":"Feature","geometry":{"type":"Polygon","coordinates":[[[0.11234,51.55477],[0.10564,51.5536],[0.1044,51.54913],[0.10986,51.54584],[0.11656,51.54702],[0.11781,51.55149],[0.11234,51.55477]]]},"properties":{"id":"88194e6ab3fffff","n":12,"five_pct":33.3,"low_pct":16.7,"awaiting":0,"awaiting_pct":0.0,"coffee":1,"takeaway_pct":58.3,"pubs":0,"specialty":0,"chain_pct":0.0,"borough":"Barking and Dagenham"}},{"type":"Feature","geometry":{"type":"Polygon","coordinates":[[[-0.02479,51.54337],[-0.0315,51.54218],[-0.03273,51.53771],[-0.02725,51.53443],[-0.02054,51.53561],[-0.01931,51.54008],[-0.02479,51.54337]]]},"properties":{"id":"88194e69b9fffff","n":25,"five_pct":92.0,"low_pct":0.0,"awaiting":0,"awaiting_pct":0.0,"coffee":2,"takeaway_pct":16.0,"pubs":3,"specialty":0,"chain_pct":0.0,"borough":"Tower Hamlets"}},{"type":"Feature","geometry":{"type":"Polygon","coordinates":[[[-0.03218,51.51654],[-0.03888,51.51535],[-0.04011,51.51088],[-0.03464,51.5076],[-0.02793,51.50879],[-0.0267,51.51326],[-0.03218,51.51654]]]},"properties":{"id":"88194ad35bfffff","n":33,"five_pct":53.3,"low_pct":16.7,"awaiting":3,"awaiting_pct":9.1,"coffee":0,"takeaway_pct":27.3,"pubs":6,"specialty":0,"chain_pct":3.0,"borough":"Tower Hamlets"}},{"type":"Feature","geometry":{"type":"Polygon","coordinates":[[[-0.00728,51.49118],[-0.01398,51.48999],[-0.01521,51.48552],[-0.00974,51.48224],[-0.00304,51.48342],[-0.00181,51.48789],[-0.00728,51.49118]]]},"properties":{"id":"88194ad23dfffff","n":25,"five_pct":80.0,"low_pct":0.0,"awaiting":0,"awaiting_pct":0.0,"coffee":0,"takeaway_pct":16.0,"pubs":9,"specialty":0,"chain_pct":4.0,"borough":"Greenwich"}},{"type":"Feature","geometry":{"type":"Polygon","coordinates":[[[-0.01945,51.49328],[-0.02615,51.49209],[-0.02738,51.48762],[-0.02191,51.48433],[-0.01521,51.48552],[-0.01398,51.48999],[-0.01945,51.49328]]]},"properties":{"id":"88194ad223fffff","n":7,"five_pct":42.9,"low_pct":14.3,"awaiting":0,"awaiting_pct":0.0,"coffee":0,"takeaway_pct":57.1,"pubs":1,"specialty":0,"chain_pct":0.0,"borough":"Tower Hamlets"}},{"type":"Feature","geometry":{"type":"Polygon","coordinates":[[[0.16895,51.55196],[0.16224,51.55079],[0.161,51.54632],[0.16645,51.54303],[0.17316,51.54421],[0.1744,51.54867],[0.16895,51.55196]]]},"properties":{"id":"88194e6f49fffff","n":11,"five_pct":77.8,"low_pct":0.0,"awaiting":2,"awaiting_pct":18.2,"coffee":0,"takeaway_pct":18.2,"pubs":0,"specialty":0,"chain_pct":9.1,"borough":"Barking and Dagenham"}},{"type":"Feature","geometry":{"type":"Polygon","coordinates":[[[0.12824,51.56606],[0.12153,51.56488],[0.12029,51.56042],[0.12575,51.55713],[0.13246,51.5583],[0.1337,51.56277],[0.12824,51.56606]]]},"properties":{"id":"88194e6a95fffff","n":29,"five_pct":50.0,"low_pct":8.3,"awaiting":5,"awaiting_pct":17.2,"coffee":0,"takeaway_pct":51.7,"pubs":0,"specialty":0,"chain_pct":6.9,"borough":"Barking and Dagenham"}},{"type":"Feature","geometry":{"type":"Polygon","coordinates":[[[0.09645,51.54349],[0.08975,51.54231],[0.08851,51.53784],[0.09397,51.53455],[0.10068,51.53573],[0.10192,51.5402],[0.09645,51.54349]]]},"properties":{"id":"88194e68d1fffff","n":13,"five_pct":23.1,"low_pct":0.0,"awaiting":0,"awaiting_pct":0.0,"coffee":0,"takeaway_pct":23.1,"pubs":1,"specialty":0,"chain_pct":0.0,"borough":"Barking and Dagenham"}},{"type":"Feature","geometry":{"type":"Polygon","coordinates":[[[0.10068,51.53573],[0.09397,51.53455],[0.09273,51.53009],[0.0982,51.5268],[0.1049,51.52798],[0.10614,51.53245],[0.10068,51.53573]]]},"properties":{"id":"88194e68d3fffff","n":9,"five_pct":33.3,"low_pct":11.1,"awaiting":0,"awaiting_pct":0.0,"coffee":0,"takeaway_pct":55.6,"pubs":2,"specialty":0,"chain_pct":0.0,"borough":"Barking and Dagenham"}},{"type":"Feature","geometry":{"type":"Polygon","coordinates":[[[0.13295,51.53715],[0.12624,51.53598],[0.125,51.53151],[0.13046,51.52822],[0.13716,51.5294],[0.13841,51.53387],[0.13295,51.53715]]]},"properties":{"id":"88194e6f63fffff","n":7,"five_pct":85.7,"low_pct":0.0,"awaiting":0,"awaiting_pct":0.0,"coffee":0,"takeaway_pct":14.3,"pubs":1,"specialty":0,"chain_pct":14.3,"borough":"Barking and Dagenham"}},{"type":"Feature","geometry":{"type":"Polygon","coordinates":[[[0.14365,51.59848],[0.13694,51.5973],[0.1357,51.59284],[0.14116,51.58955],[0.14787,51.59072],[0.14911,51.59519],[0.14365,51.59848]]]},"properties":{"id":"88194e6acbfffff","n":6,"five_pct":100.0,"low_pct":0.0,"awaiting":0,"awaiting_pct":0.0,"coffee":0,"takeaway_pct":0.0,"pubs":1,"specialty":0,"chain_pct":16.7,"borough":"Barking and Dagenham"}},{"type":"Feature","geometry":{"type":"Polygon","coordinates":[[[-0.13264,51.6391],[-0.13937,51.63791],[-0.14059,51.63344],[-0.13509,51.63016],[-0.12837,51.63135],[-0.12715,51.63582],[-0.13264,51.6391]]]},"properties":{"id":"88195da647fffff","n":43,"five_pct":65.1,"low_pct":11.6,"awaiting":0,"awaiting_pct":0.0,"coffee":2,"takeaway_pct":30.2,"pubs":4,"specialty":0,"chain_pct":14.0,"borough":"Enfield"}},{"type":"Feature","geometry":{"type":"Polygon","coordinates":[[[0.04244,51.44043],[0.03575,51.43925],[0.03451,51.43477],[0.03997,51.43149],[0.04667,51.43267],[0.0479,51.43715],[0.04244,51.44043]]]},"properties":{"id":"88194ad283fffff","n":13,"five_pct":100.0,"low_pct":0.0,"awaiting":0,"awaiting_pct":0.0,"coffee":0,"takeaway_pct":30.8,"pubs":1,"specialty":0,"chain_pct":0.0,"borough":"Bromley"}},{"type":"Feature","geometry":{"type":"Polygon","coordinates":[[[0.08885,51.35506],[0.08216,51.35387],[0.08093,51.3494],[0.08638,51.34611],[0.09306,51.3473],[0.09429,51.35177],[0.08885,51.35506]]]},"properties":{"id":"88194ad46bfffff","n":12,"five_pct":75.0,"low_pct":0.0,"awaiting":0,"awaiting_pct":0.0,"coffee":0,"takeaway_pct":41.7,"pubs":3,"specialty":0,"chain_pct":0.0,"borough":"Bromley"}},{"type":"Feature","geometry":{"type":"Polygon","coordinates":[[[0.1079,51.40098],[0.10121,51.3998],[0.09997,51.39532],[0.10542,51.39203],[0.11211,51.39322],[0.11335,51.39769],[0.1079,51.40098]]]},"properties":{"id":"88194ad759fffff","n":9,"five_pct":62.5,"low_pct":12.5,"awaiting":1,"awaiting_pct":11.1,"coffee":0,"takeaway_pct":77.8,"pubs":0,"specialty":0,"chain_pct":11.1,"borough":"Bromley"}},{"type":"Feature","geometry":{"type":"Polygon","coordinates":[[[-0.37635,51.51899],[-0.38306,51.51778],[-0.38427,51.5133],[-0.37876,51.51002],[-0.37204,51.51123],[-0.37084,51.51572],[-0.37635,51.51899]]]},"properties":{"id":"88195dac8bfffff","n":69,"five_pct":20.6,"low_pct":27.0,"awaiting":6,"awaiting_pct":8.7,"coffee":1,"takeaway_pct":23.2,"pubs":2,"specialty":0,"chain_pct":1.4,"borough":"Ealing"}},{"type":"Feature","geometry":{"type":"Polygon","coordinates":[[[-0.31588,51.52985],[-0.3226,51.52864],[-0.32381,51.52416],[-0.31831,51.52089],[-0.31159,51.5221],[-0.31038,51.52657],[-0.31588,51.52985]]]},"properties":{"id":"88194adb69fffff","n":18,"five_pct":50.0,"low_pct":11.1,"awaiting":0,"awaiting_pct":0.0,"coffee":0,"takeaway_pct":11.1,"pubs":2,"specialty":0,"chain_pct":0.0,"borough":"Ealing"}},{"type":"Feature","geometry":{"type":"Polygon","coordinates":[[[-0.33174,51.51848],[-0.33846,51.51727],[-0.33967,51.51279],[-0.33416,51.50952],[-0.32744,51.51073],[-0.32623,51.51521],[-0.33174,51.51848]]]},"properties":{"id":"88194adb67fffff","n":16,"five_pct":56.2,"low_pct":12.5,"awaiting":0,"awaiting_pct":0.0,"coffee":1,"takeaway_pct":6.2,"pubs":2,"specialty":0,"chain_pct":0.0,"borough":"Ealing"}},{"type":"Feature","geometry":{"type":"Polygon","coordinates":[[[-0.31093,51.5009],[-0.31765,51.4997],[-0.31886,51.49522],[-0.31336,51.49194],[-0.30664,51.49315],[-0.30543,51.49763],[-0.31093,51.5009]]]},"properties":{"id":"88194adb07fffff","n":24,"five_pct":45.5,"low_pct":22.7,"awaiting":1,"awaiting_pct":4.2,"coffee":2,"takeaway_pct":20.8,"pubs":3,"specialty":0,"chain_pct":4.2,"borough":"Ealing"}},{"type":"Feature","geometry":{"type":"Polygon","coordinates":[[[-0.25115,51.53292],[-0.25786,51.53172],[-0.25908,51.52724],[-0.25358,51.52396],[-0.24686,51.52516],[-0.24565,51.52964],[-0.25115,51.53292]]]},"properties":{"id":"88195da5b9fffff","n":13,"five_pct":38.5,"low_pct":23.1,"awaiting":0,"awaiting_pct":0.0,"coffee":0,"takeaway_pct":7.7,"pubs":2,"specialty":0,"chain_pct":0.0,"borough":"Ealing"}},{"type":"Feature","geometry":{"type":"Polygon","coordinates":[[[-0.32448,51.54536],[-0.3312,51.54415],[-0.33241,51.53967],[-0.3269,51.5364],[-0.32018,51.5376],[-0.31897,51.54208],[-0.32448,51.54536]]]},"properties":{"id":"88195dae95fffff","n":5,"five_pct":null,"low_pct":null,"awaiting":0,"awaiting_pct":0.0,"coffee":0,"takeaway_pct":0.0,"pubs":0,"specialty":0,"chain_pct":0.0,"borough":"Ealing"}},{"type":"Feature","geometry":{"type":"Polygon","coordinates":[[[-0.27129,51.52931],[-0.27801,51.52811],[-0.27922,51.52363],[-0.27372,51.52036],[-0.26701,51.52156],[-0.26579,51.52604],[-0.27129,51.52931]]]},"properties":{"id":"88195da5b5fffff","n":18,"five_pct":46.7,"low_pct":40.0,"awaiting":2,"awaiting_pct":11.1,"coffee":1,"takeaway_pct":27.8,"pubs":0,"specialty":0,"chain_pct":5.6,"borough":"Ealing"}},{"type":"Feature","geometry":{"type":"Polygon","coordinates":[[[-0.35324,51.55724],[-0.35996,51.55604],[-0.36117,51.55156],[-0.35566,51.54829],[-0.34893,51.54949],[-0.34773,51.55397],[-0.35324,51.55724]]]},"properties":{"id":"88195daeabfffff","n":10,"five_pct":50.0,"low_pct":12.5,"awaiting":2,"awaiting_pct":20.0,"coffee":0,"takeaway_pct":50.0,"pubs":1,"specialty":0,"chain_pct":0.0,"borough":"Ealing"}},{"type":"Feature","geometry":{"type":"Polygon","coordinates":[[[-0.34893,51.54949],[-0.35566,51.54829],[-0.35687,51.54381],[-0.35135,51.54053],[-0.34463,51.54174],[-0.34342,51.54622],[-0.34893,51.54949]]]},"properties":{"id":"88195daebdfffff","n":11,"five_pct":63.6,"low_pct":0.0,"awaiting":0,"awaiting_pct":0.0,"coffee":2,"takeaway_pct":9.1,"pubs":2,"specialty":0,"chain_pct":0.0,"borough":"Ealing"}},{"type":"Feature","geometry":{"type":"Polygon","coordinates":[[[-0.32315,51.50297],[-0.32987,51.50176],[-0.33108,51.49728],[-0.32557,51.49401],[-0.31886,51.49522],[-0.31765,51.4997],[-0.32315,51.50297]]]},"properties":{"id":"88194adb2bfffff","n":11,"five_pct":77.8,"low_pct":0.0,"awaiting":2,"awaiting_pct":18.2,"coffee":1,"takeaway_pct":9.1,"pubs":3,"specialty":0,"chain_pct":0.0,"borough":"Ealing"}},{"type":"Feature","geometry":{"type":"Polygon","coordinates":[[[-0.36479,51.53812],[-0.37152,51.53691],[-0.37272,51.53243],[-0.36721,51.52916],[-0.36049,51.53037],[-0.35928,51.53485],[-0.36479,51.53812]]]},"properties":{"id":"88195daccbfffff","n":14,"five_pct":58.3,"low_pct":0.0,"awaiting":1,"awaiting_pct":7.1,"coffee":0,"takeaway_pct":50.0,"pubs":2,"specialty":0,"chain_pct":0.0,"borough":"Ealing"}},{"type":"Feature","geometry":{"type":"Polygon","coordinates":[[[-0.3691,51.54587],[-0.37582,51.54467],[-0.37703,51.54018],[-0.37152,51.53691],[-0.36479,51.53812],[-0.36359,51.5426],[-0.3691,51.54587]]]},"properties":{"id":"88195dacc9fffff","n":12,"five_pct":75.0,"low_pct":0.0,"awaiting":3,"awaiting_pct":25.0,"coffee":0,"takeaway_pct":41.7,"pubs":1,"specialty":0,"chain_pct":0.0,"borough":"Ealing"}},{"type":"Feature","geometry":{"type":"Polygon","coordinates":[[[-0.28715,51.51795],[-0.29387,51.51675],[-0.29508,51.51227],[-0.28958,51.50899],[-0.28286,51.5102],[-0.28165,51.51468],[-0.28715,51.51795]]]},"properties":{"id":"88194adb43fffff","n":26,"five_pct":52.2,"low_pct":26.1,"awaiting":3,"awaiting_pct":11.5,"coffee":3,"takeaway_pct":19.2,"pubs":4,"specialty":0,"chain_pct":11.5,"borough":"Ealing"}},{"type":"Feature","geometry":{"type":"Polygon","coordinates":[[[-0.3367,51.54742],[-0.34342,51.54622],[-0.34463,51.54174],[-0.33913,51.53847],[-0.33241,51.53967],[-0.3312,51.54415],[-0.3367,51.54742]]]},"properties":{"id":"88195daeb9fffff","n":6,"five_pct":100.0,"low_pct":0.0,"awaiting":0,"awaiting_pct":0.0,"coffee":2,"takeaway_pct":0.0,"pubs":0,"specialty":0,"chain_pct":83.3,"borough":"Ealing"}},{"type":"Feature","geometry":{"type":"Polygon","coordinates":[[[-0.32018,51.5376],[-0.3269,51.5364],[-0.32811,51.53192],[-0.3226,51.52864],[-0.31588,51.52985],[-0.31467,51.53433],[-0.32018,51.5376]]]},"properties":{"id":"88195dae97fffff","n":13,"five_pct":63.6,"low_pct":0.0,"awaiting":2,"awaiting_pct":15.4,"coffee":1,"takeaway_pct":7.7,"pubs":3,"specialty":0,"chain_pct":7.7,"borough":"Ealing"}},{"type":"Feature","geometry":{"type":"Polygon","coordinates":[[[-0.3922,51.50761],[-0.39891,51.50639],[-0.40012,51.50191],[-0.39461,51.49864],[-0.38789,51.49985],[-0.38669,51.50433],[-0.3922,51.50761]]]},"properties":{"id":"88195dacb9fffff","n":14,"five_pct":25.0,"low_pct":33.3,"awaiting":2,"awaiting_pct":14.3,"coffee":0,"takeaway_pct":21.4,"pubs":2,"specialty":0,"chain_pct":0.0,"borough":"Ealing"}},{"type":"Feature","geometry":{"type":"Polygon","coordinates":[[[-0.25479,51.51949],[-0.26151,51.51828],[-0.26272,51.51381],[-0.25722,51.51053],[-0.25051,51.51173],[-0.24929,51.51621],[-0.25479,51.51949]]]},"properties":{"id":"88195da5b3fffff","n":6,"five_pct":60.0,"low_pct":0.0,"awaiting":1,"awaiting_pct":16.7,"coffee":0,"takeaway_pct":0.0,"pubs":0,"specialty":0,"chain_pct":0.0,"borough":"Ealing"}},{"type":"Feature","geometry":{"type":"Polygon","coordinates":[[[-0.341,51.55518],[-0.34773,51.55397],[-0.34893,51.54949],[-0.34342,51.54622],[-0.3367,51.54742],[-0.33549,51.5519],[-0.341,51.55518]]]},"properties":{"id":"88195dae87fffff","n":21,"five_pct":45.0,"low_pct":15.0,"awaiting":1,"awaiting_pct":4.8,"coffee":0,"takeaway_pct":9.5,"pubs":3,"specialty":0,"chain_pct":9.5,"borough":"Ealing"}},{"type":"Feature","geometry":{"type":"Polygon","coordinates":[[[-0.04401,51.65898],[-0.05073,51.6578],[-0.05196,51.65333],[-0.04647,51.65005],[-0.03975,51.65124],[-0.03852,51.6557],[-0.04401,51.65898]]]},"properties":{"id":"88195db4d3fffff","n":23,"five_pct":57.1,"low_pct":14.3,"awaiting":2,"awaiting_pct":8.7,"coffee":1,"takeaway_pct":39.1,"pubs":1,"specialty":0,"chain_pct":4.3,"borough":"Enfield"}},{"type":"Feature","geometry":{"type":"Polygon","coordinates":[[[-0.12042,51.63701],[-0.12715,51.63582],[-0.12837,51.63135],[-0.12288,51.62807],[-0.11615,51.62926],[-0.11493,51.63373],[-0.12042,51.63701]]]},"properties":{"id":"88195da643fffff","n":21,"five_pct":42.1,"low_pct":5.3,"awaiting":2,"awaiting_pct":9.5,"coffee":0,"takeaway_pct":9.5,"pubs":3,"specialty":0,"chain_pct":0.0,"borough":"Enfield"}},{"type":"Feature","geometry":{"type":"Polygon","coordinates":[[[-0.04457,51.68012],[-0.05129,51.67894],[-0.05253,51.67448],[-0.04703,51.6712],[-0.04031,51.67238],[-0.03907,51.67684],[-0.04457,51.68012]]]},"properties":{"id":"88195db6b7fffff","n":5,"five_pct":null,"low_pct":null,"awaiting":2,"awaiting_pct":40.0,"coffee":0,"takeaway_pct":20.0,"pubs":1,"specialty":0,"chain_pct":0.0,"borough":"Enfield"}},{"type":"Feature","geometry":{"type":"Polygon","coordinates":[[[-0.04827,51.66673],[-0.05499,51.66555],[-0.05622,51.66108],[-0.05073,51.6578],[-0.04401,51.65898],[-0.04278,51.66345],[-0.04827,51.66673]]]},"properties":{"id":"88195db4d1fffff","n":14,"five_pct":53.8,"low_pct":0.0,"awaiting":1,"awaiting_pct":7.1,"coffee":0,"takeaway_pct":21.4,"pubs":1,"specialty":0,"chain_pct":0.0,"borough":"Enfield"}},{"type":"Feature","geometry":{"type":"Polygon","coordinates":[[[-0.05566,51.63994],[-0.06238,51.63875],[-0.06361,51.63429],[-0.05812,51.631],[-0.0514,51.63219],[-0.05017,51.63665],[-0.05566,51.63994]]]},"properties":{"id":"88195db493fffff","n":13,"five_pct":38.5,"low_pct":15.4,"awaiting":0,"awaiting_pct":0.0,"coffee":1,"takeaway_pct":46.2,"pubs":0,"specialty":0,"chain_pct":0.0,"borough":"Enfield"}},{"type":"Feature","geometry":{"type":"Polygon","coordinates":[[[-0.04031,51.67238],[-0.04703,51.6712],[-0.04827,51.66673],[-0.04278,51.66345],[-0.03605,51.66463],[-0.03482,51.66909],[-0.04031,51.67238]]]},"properties":{"id":"88195db4d9fffff","n":47,"five_pct":44.4,"low_pct":15.6,"awaiting":2,"awaiting_pct":4.3,"coffee":0,"takeaway_pct":34.0,"pubs":5,"specialty":0,"chain_pct":4.3,"borough":"Enfield"}},{"type":"Feature","geometry":{"type":"Polygon","coordinates":[[[-0.0923,51.64623],[-0.09902,51.64504],[-0.10025,51.64057],[-0.09476,51.63729],[-0.08804,51.63848],[-0.08681,51.64295],[-0.0923,51.64623]]]},"properties":{"id":"88195db4b1fffff","n":6,"five_pct":66.7,"low_pct":16.7,"awaiting":0,"awaiting_pct":0.0,"coffee":0,"takeaway_pct":0.0,"pubs":2,"specialty":0,"chain_pct":0.0,"borough":"Enfield"}},{"type":"Feature","geometry":{"type":"Polygon","coordinates":[[[-0.11674,51.65042],[-0.12346,51.64923],[-0.12469,51.64476],[-0.11919,51.64148],[-0.11247,51.64267],[-0.11124,51.64713],[-0.11674,51.65042]]]},"properties":{"id":"88195da649fffff","n":5,"five_pct":null,"low_pct":null,"awaiting":1,"awaiting_pct":20.0,"coffee":0,"takeaway_pct":20.0,"pubs":0,"specialty":0,"chain_pct":0.0,"borough":"Enfield"}},{"type":"Feature","geometry":{"type":"Polygon","coordinates":[[[-0.03975,51.65124],[-0.04647,51.65005],[-0.04771,51.64559],[-0.04222,51.6423],[-0.0355,51.64349],[-0.03426,51.64795],[-0.03975,51.65124]]]},"properties":{"id":"88194e6b25fffff","n":19,"five_pct":33.3,"low_pct":16.7,"awaiting":1,"awaiting_pct":5.3,"coffee":0,"takeaway_pct":31.6,"pubs":1,"specialty":0,"chain_pct":0.0,"borough":"Enfield"}},{"type":"Feature","geometry":{"type":"Polygon","coordinates":[[[-0.01108,51.63928],[-0.0178,51.6381],[-0.01904,51.63364],[-0.01355,51.63035],[-0.00683,51.63153],[-0.0056,51.636],[-0.01108,51.63928]]]},"properties":{"id":"88194e6b3dfffff","n":6,"five_pct":66.7,"low_pct":0.0,"awaiting":0,"awaiting_pct":0.0,"coffee":0,"takeaway_pct":16.7,"pubs":1,"specialty":0,"chain_pct":16.7,"borough":"Waltham Forest"}},{"type":"Feature","geometry":{"type":"Polygon","coordinates":[[[0.03293,51.49829],[0.02623,51.49711],[0.025,51.49264],[0.03046,51.48935],[0.03716,51.49054],[0.0384,51.49501],[0.03293,51.49829]]]},"properties":{"id":"88194ad257fffff","n":11,"five_pct":72.7,"low_pct":0.0,"awaiting":0,"awaiting_pct":0.0,"coffee":0,"takeaway_pct":18.2,"pubs":1,"specialty":0,"chain_pct":0.0,"borough":"Greenwich"}},{"type":"Feature","geometry":{"type":"Polygon","coordinates":[[[0.02976,51.46371],[0.02306,51.46252],[0.02183,51.45805],[0.02729,51.45477],[0.03399,51.45595],[0.03522,51.46042],[0.02976,51.46371]]]},"properties":{"id":"88194ad2ebfffff","n":5,"five_pct":100.0,"low_pct":0.0,"awaiting":0,"awaiting_pct":0.0,"coffee":0,"takeaway_pct":0.0,"pubs":1,"specialty":0,"chain_pct":20.0,"borough":"Greenwich"}},{"type":"Feature","geometry":{"type":"Polygon","coordinates":[[[0.0213,51.47922],[0.0146,51.47804],[0.01336,51.47357],[0.01883,51.47028],[0.02553,51.47147],[0.02676,51.47594],[0.0213,51.47922]]]},"properties":{"id":"88194ad217fffff","n":14,"five_pct":85.7,"low_pct":0.0,"awaiting":0,"awaiting_pct":0.0,"coffee":3,"takeaway_pct":14.3,"pubs":4,"specialty":0,"chain_pct":0.0,"borough":"Greenwich"}},{"type":"Feature","geometry":{"type":"Polygon","coordinates":[[[0.08581,51.48212],[0.07911,51.48094],[0.07787,51.47647],[0.08333,51.47318],[0.09003,51.47436],[0.09127,51.47883],[0.08581,51.48212]]]},"properties":{"id":"88194e6d07fffff","n":9,"five_pct":66.7,"low_pct":0.0,"awaiting":0,"awaiting_pct":0.0,"coffee":0,"takeaway_pct":22.2,"pubs":4,"specialty":0,"chain_pct":0.0,"borough":"Greenwich"}},{"type":"Feature","geometry":{"type":"Polygon","coordinates":[[[-0.25526,51.40005],[-0.26196,51.39885],[-0.26317,51.39436],[-0.25768,51.39108],[-0.25099,51.39229],[-0.24977,51.39677],[-0.25526,51.40005]]]},"properties":{"id":"88194ad885fffff","n":13,"five_pct":69.2,"low_pct":7.7,"awaiting":0,"awaiting_pct":0.0,"coffee":0,"takeaway_pct":0.0,"pubs":2,"specialty":0,"chain_pct":15.4,"borough":"Kingston-Upon-Thames"}},{"type":"Feature","geometry":{"type":"Polygon","coordinates":[[[-0.25099,51.39229],[-0.25768,51.39108],[-0.2589,51.3866],[-0.25341,51.38332],[-0.24671,51.38453],[-0.2455,51.38901],[-0.25099,51.39229]]]},"properties":{"id":"88194ad887fffff","n":5,"five_pct":60.0,"low_pct":0.0,"awaiting":0,"awaiting_pct":0.0,"coffee":0,"takeaway_pct":0.0,"pubs":1,"specialty":0,"chain_pct":0.0,"borough":"Kingston-Upon-Thames"}},{"type":"Feature","geometry":{"type":"Polygon","coordinates":[[[-0.28392,51.41195],[-0.29062,51.41074],[-0.29183,51.40626],[-0.28634,51.40298],[-0.27964,51.40419],[-0.27843,51.40868],[-0.28392,51.41195]]]},"properties":{"id":"88194ad9dbfffff","n":13,"five_pct":41.7,"low_pct":0.0,"awaiting":1,"awaiting_pct":7.7,"coffee":0,"takeaway_pct":53.8,"pubs":0,"specialty":0,"chain_pct":0.0,"borough":"Kingston-Upon-Thames"}},{"type":"Feature","geometry":{"type":"Polygon","coordinates":[[[-0.18948,51.36071],[-0.19617,51.35951],[-0.19739,51.35502],[-0.19191,51.35174],[-0.18522,51.35295],[-0.184,51.35743],[-0.18948,51.36071]]]},"properties":{"id":"88194ac14bfffff","n":27,"five_pct":88.9,"low_pct":0.0,"awaiting":0,"awaiting_pct":0.0,"coffee":1,"takeaway_pct":29.6,"pubs":1,"specialty":0,"chain_pct":7.4,"borough":"Sutton"}},{"type":"Feature","geometry":{"type":"Polygon","coordinates":[[[-0.19374,51.36847],[-0.20043,51.36727],[-0.20165,51.36279],[-0.19617,51.35951],[-0.18948,51.36071],[-0.18826,51.36519],[-0.19374,51.36847]]]},"properties":{"id":"88194ac149fffff","n":74,"five_pct":82.9,"low_pct":4.3,"awaiting":2,"awaiting_pct":2.7,"coffee":5,"takeaway_pct":17.6,"pubs":11,"specialty":0,"chain_pct":10.8,"borough":"Sutton"}},{"type":"Feature","geometry":{"type":"Polygon","coordinates":[[[-0.198,51.37624],[-0.20469,51.37503],[-0.20591,51.37055],[-0.20043,51.36727],[-0.19374,51.36847],[-0.19252,51.37295],[-0.198,51.37624]]]},"properties":{"id":"88194ac327fffff","n":21,"five_pct":60.0,"low_pct":5.0,"awaiting":1,"awaiting_pct":4.8,"coffee":1,"takeaway_pct":33.3,"pubs":0,"specialty":0,"chain_pct":9.5,"borough":"Sutton"}},{"type":"Feature","geometry":{"type":"Polygon","coordinates":[[[-0.15783,51.38345],[-0.16452,51.38225],[-0.16574,51.37776],[-0.16027,51.37448],[-0.15357,51.37568],[-0.15235,51.38017],[-0.15783,51.38345]]]},"properties":{"id":"88194ac301fffff","n":12,"five_pct":66.7,"low_pct":0.0,"awaiting":0,"awaiting_pct":0.0,"coffee":1,"takeaway_pct":41.7,"pubs":1,"specialty":0,"chain_pct":0.0,"borough":"Sutton"}},{"type":"Feature","geometry":{"type":"Polygon","coordinates":[[[-0.13349,51.37928],[-0.14019,51.37808],[-0.14141,51.3736],[-0.13594,51.37032],[-0.12924,51.37152],[-0.12802,51.376],[-0.13349,51.37928]]]},"properties":{"id":"88194ac357fffff","n":7,"five_pct":71.4,"low_pct":0.0,"awaiting":0,"awaiting_pct":0.0,"coffee":0,"takeaway_pct":57.1,"pubs":1,"specialty":0,"chain_pct":14.3,"borough":"Sutton"}},{"type":"Feature","geometry":{"type":"Polygon","coordinates":[[[-0.23026,51.3747],[-0.23696,51.37349],[-0.23817,51.36901],[-0.23269,51.36573],[-0.226,51.36693],[-0.22478,51.37142],[-0.23026,51.3747]]]},"properties":{"id":"88194ad897fffff","n":21,"five_pct":76.2,"low_pct":0.0,"awaiting":0,"awaiting_pct":0.0,"coffee":1,"takeaway_pct":23.8,"pubs":0,"specialty":0,"chain_pct":0.0,"borough":"Sutton"}},{"type":"Feature","geometry":{"type":"Polygon","coordinates":[[[-0.18583,51.37416],[-0.19252,51.37295],[-0.19374,51.36847],[-0.18826,51.36519],[-0.18157,51.3664],[-0.18035,51.37088],[-0.18583,51.37416]]]},"properties":{"id":"88194ac323fffff","n":5,"five_pct":80.0,"low_pct":0.0,"awaiting":0,"awaiting_pct":0.0,"coffee":1,"takeaway_pct":20.0,"pubs":1,"specialty":0,"chain_pct":0.0,"borough":"Sutton"}},{"type":"Feature","geometry":{"type":"Polygon","coordinates":[[[-0.19313,51.34726],[-0.19982,51.34606],[-0.20103,51.34157],[-0.19556,51.33829],[-0.18887,51.3395],[-0.18765,51.34398],[-0.19313,51.34726]]]},"properties":{"id":"88194ac155fffff","n":10,"five_pct":70.0,"low_pct":0.0,"awaiting":0,"awaiting_pct":0.0,"coffee":1,"takeaway_pct":0.0,"pubs":2,"specialty":0,"chain_pct":0.0,"borough":"Sutton"}},{"type":"Feature","geometry":{"type":"Polygon","coordinates":[[[-0.18217,51.3876],[-0.18887,51.3864],[-0.19009,51.38192],[-0.18461,51.37864],[-0.17791,51.37984],[-0.1767,51.38432],[-0.18217,51.3876]]]},"properties":{"id":"88194ac329fffff","n":16,"five_pct":68.8,"low_pct":0.0,"awaiting":0,"awaiting_pct":0.0,"coffee":1,"takeaway_pct":37.5,"pubs":0,"specialty":0,"chain_pct":6.2,"borough":"Sutton"}},{"type":"Feature","geometry":{"type":"Polygon","coordinates":[[[-0.16574,51.37776],[-0.17244,51.37656],[-0.17366,51.37208],[-0.16818,51.3688],[-0.16149,51.37],[-0.16027,51.37448],[-0.16574,51.37776]]]},"properties":{"id":"88194ac307fffff","n":17,"five_pct":70.6,"low_pct":5.9,"awaiting":0,"awaiting_pct":0.0,"coffee":0,"takeaway_pct":47.1,"pubs":2,"specialty":0,"chain_pct":5.9,"borough":"Sutton"}},{"type":"Feature","geometry":{"type":"Polygon","coordinates":[[[-0.20956,51.3571],[-0.21625,51.35589],[-0.21747,51.35141],[-0.21199,51.34813],[-0.2053,51.34934],[-0.20408,51.35382],[-0.20956,51.3571]]]},"properties":{"id":"88194ac147fffff","n":6,"five_pct":66.7,"low_pct":0.0,"awaiting":0,"awaiting_pct":0.0,"coffee":0,"takeaway_pct":66.7,"pubs":0,"specialty":0,"chain_pct":0.0,"borough":"Sutton"}},{"type":"Feature","geometry":{"type":"Polygon","coordinates":[[[-0.23453,51.38246],[-0.24123,51.38125],[-0.24244,51.37677],[-0.23696,51.37349],[-0.23026,51.3747],[-0.22905,51.37918],[-0.23453,51.38246]]]},"properties":{"id":"88194ad895fffff","n":20,"five_pct":35.0,"low_pct":5.0,"awaiting":0,"awaiting_pct":0.0,"coffee":0,"takeaway_pct":40.0,"pubs":2,"specialty":0,"chain_pct":5.0,"borough":"Sutton"}},{"type":"Feature","geometry":{"type":"Polygon","coordinates":[[[-0.03439,51.60119],[-0.0411,51.6],[-0.04234,51.59554],[-0.03685,51.59225],[-0.03014,51.59344],[-0.02891,51.5979],[-0.03439,51.60119]]]},"properties":{"id":"88194e691dfffff","n":10,"five_pct":40.0,"low_pct":0.0,"awaiting":0,"awaiting_pct":0.0,"coffee":1,"takeaway_pct":20.0,"pubs":2,"specialty":0,"chain_pct":0.0,"borough":"Waltham Forest"}},{"type":"Feature","geometry":{"type":"Polygon","coordinates":[[[-0.0174,51.57018],[-0.02411,51.569],[-0.02534,51.56453],[-0.01986,51.56124],[-0.01315,51.56243],[-0.01192,51.5669],[-0.0174,51.57018]]]},"properties":{"id":"88194e69c7fffff","n":10,"five_pct":70.0,"low_pct":10.0,"awaiting":0,"awaiting_pct":0.0,"coffee":0,"takeaway_pct":10.0,"pubs":0,"specialty":0,"chain_pct":0.0,"borough":"Waltham Forest"}},{"type":"Feature","geometry":{"type":"Polygon","coordinates":[[[0.00112,51.63718],[-0.0056,51.636],[-0.00683,51.63153],[-0.00135,51.62825],[0.00536,51.62943],[0.0066,51.6339],[0.00112,51.63718]]]},"properties":{"id":"88194e6b39fffff","n":25,"five_pct":72.0,"low_pct":8.0,"awaiting":0,"awaiting_pct":0.0,"coffee":2,"takeaway_pct":28.0,"pubs":4,"specialty":0,"chain_pct":8.0,"borough":"Waltham Forest"}},{"type":"Feature","geometry":{"type":"Polygon","coordinates":[[[-0.15042,51.55087],[-0.15714,51.54968],[-0.15836,51.54521],[-0.15287,51.54193],[-0.14616,51.54312],[-0.14493,51.54759],[-0.15042,51.55087]]]},"properties":{"id":"88195da4c1fffff","n":63,"five_pct":35.0,"low_pct":15.0,"awaiting":3,"awaiting_pct":4.8,"coffee":2,"takeaway_pct":23.8,"pubs":8,"specialty":0,"chain_pct":0.0,"borough":"Camden"}},{"type":"Feature","geometry":{"type":"Polygon","coordinates":[[[0.10318,51.42992],[0.09649,51.42873],[0.09526,51.42426],[0.10071,51.42097],[0.1074,51.42216],[0.10864,51.42663],[0.10318,51.42992]]]},"properties":{"id":"88194e6dabfffff","n":43,"five_pct":66.7,"low_pct":0.0,"awaiting":1,"awaiting_pct":2.3,"coffee":3,"takeaway_pct":25.6,"pubs":8,"specialty":0,"chain_pct":11.6,"borough":"Bexley"}},{"type":"Feature","geometry":{"type":"Polygon","coordinates":[[[0.15871,51.46946],[0.15202,51.46828],[0.15077,51.46382],[0.15622,51.46053],[0.16292,51.4617],[0.16416,51.46617],[0.15871,51.46946]]]},"properties":{"id":"88194e6c2bfffff","n":10,"five_pct":70.0,"low_pct":10.0,"awaiting":0,"awaiting_pct":0.0,"coffee":1,"takeaway_pct":40.0,"pubs":2,"specialty":0,"chain_pct":0.0,"borough":"Bexley"}},{"type":"Feature","geometry":{"type":"Polygon","coordinates":[[[0.17926,51.45183],[0.17257,51.45065],[0.17133,51.44619],[0.17677,51.4429],[0.18346,51.44407],[0.18471,51.44854],[0.17926,51.45183]]]},"properties":{"id":"88194e6c3bfffff","n":14,"five_pct":64.3,"low_pct":0.0,"awaiting":0,"awaiting_pct":0.0,"coffee":2,"takeaway_pct":42.9,"pubs":0,"specialty":0,"chain_pct":21.4,"borough":"Bexley"}},{"type":"Feature","geometry":{"type":"Polygon","coordinates":[[[0.11855,51.46239],[0.11185,51.46121],[0.11062,51.45674],[0.11607,51.45345],[0.12276,51.45463],[0.124,51.4591],[0.11855,51.46239]]]},"properties":{"id":"88194e6d13fffff","n":7,"five_pct":57.1,"low_pct":0.0,"awaiting":0,"awaiting_pct":0.0,"coffee":0,"takeaway_pct":14.3,"pubs":1,"specialty":0,"chain_pct":0.0,"borough":"Bexley"}},{"type":"Feature","geometry":{"type":"Polygon","coordinates":[[[0.18299,51.46523],[0.1763,51.46406],[0.17506,51.45959],[0.1805,51.4563],[0.18719,51.45748],[0.18844,51.46194],[0.18299,51.46523]]]},"properties":{"id":"88194e6c03fffff","n":6,"five_pct":16.7,"low_pct":0.0,"awaiting":0,"awaiting_pct":0.0,"coffee":0,"takeaway_pct":50.0,"pubs":1,"specialty":0,"chain_pct":0.0,"borough":"Bexley"}},{"type":"Feature","geometry":{"type":"Polygon","coordinates":[[[0.16292,51.4617],[0.15622,51.46053],[0.15498,51.45606],[0.16043,51.45277],[0.16712,51.45394],[0.16836,51.45841],[0.16292,51.4617]]]},"properties":{"id":"88194e6c3dfffff","n":5,"five_pct":null,"low_pct":null,"awaiting":1,"awaiting_pct":20.0,"coffee":0,"takeaway_pct":40.0,"pubs":0,"specialty":0,"chain_pct":0.0,"borough":"Bexley"}},{"type":"Feature","geometry":{"type":"Polygon","coordinates":[[[0.16196,51.50402],[0.15526,51.50284],[0.15402,51.49838],[0.15947,51.49509],[0.16617,51.49626],[0.16741,51.50073],[0.16196,51.50402]]]},"properties":{"id":"88194e6f17fffff","n":8,"five_pct":75.0,"low_pct":0.0,"awaiting":0,"awaiting_pct":0.0,"coffee":0,"takeaway_pct":25.0,"pubs":1,"specialty":0,"chain_pct":12.5,"borough":"Bexley"}},{"type":"Feature","geometry":{"type":"Polygon","coordinates":[[[0.14608,51.49273],[0.13938,51.49156],[0.13814,51.48709],[0.14359,51.4838],[0.15029,51.48498],[0.15153,51.48944],[0.14608,51.49273]]]},"properties":{"id":"88194e6c65fffff","n":8,"five_pct":50.0,"low_pct":12.5,"awaiting":0,"awaiting_pct":0.0,"coffee":0,"takeaway_pct":50.0,"pubs":3,"specialty":0,"chain_pct":0.0,"borough":"Bexley"}},{"type":"Feature","geometry":{"type":"Polygon","coordinates":[[[0.10218,51.47225],[0.09549,51.47107],[0.09425,51.4666],[0.0997,51.46332],[0.1064,51.4645],[0.10764,51.46897],[0.10218,51.47225]]]},"properties":{"id":"88194e6d15fffff","n":10,"five_pct":10.0,"low_pct":10.0,"awaiting":0,"awaiting_pct":0.0,"coffee":1,"takeaway_pct":60.0,"pubs":1,"specialty":0,"chain_pct":0.0,"borough":"Bexley"}},{"type":"Feature","geometry":{"type":"Polygon","coordinates":[[[0.15402,51.49838],[0.14732,51.4972],[0.14608,51.49273],[0.15153,51.48944],[0.15823,51.49062],[0.15947,51.49509],[0.15402,51.49838]]]},"properties":{"id":"88194e6c6dfffff","n":7,"five_pct":42.9,"low_pct":14.3,"awaiting":0,"awaiting_pct":0.0,"coffee":0,"takeaway_pct":42.9,"pubs":0,"specialty":0,"chain_pct":0.0,"borough":"Bexley"}},{"type":"Feature","geometry":{"type":"Polygon","coordinates":[[[-0.21879,51.53444],[-0.2255,51.53324],[-0.22672,51.52876],[-0.22122,51.52549],[-0.21451,51.52669],[-0.21329,51.53116],[-0.21879,51.53444]]]},"properties":{"id":"88195da599fffff","n":42,"five_pct":70.7,"low_pct":2.4,"awaiting":1,"awaiting_pct":2.4,"coffee":1,"takeaway_pct":28.6,"pubs":5,"specialty":1,"chain_pct":4.8,"borough":"Brent"}},{"type":"Feature","geometry":{"type":"Polygon","coordinates":[[[-0.29638,51.55465],[-0.3031,51.55344],[-0.30432,51.54897],[-0.29881,51.54569],[-0.29209,51.54689],[-0.29088,51.55137],[-0.29638,51.55465]]]},"properties":{"id":"88195daed3fffff","n":83,"five_pct":60.3,"low_pct":12.3,"awaiting":10,"awaiting_pct":12.0,"coffee":2,"takeaway_pct":56.6,"pubs":2,"specialty":0,"chain_pct":3.6,"borough":"Brent"}},{"type":"Feature","geometry":{"type":"Polygon","coordinates":[[[-0.21941,51.55562],[-0.22613,51.55442],[-0.22734,51.54995],[-0.22185,51.54667],[-0.21513,51.54787],[-0.21391,51.55234],[-0.21941,51.55562]]]},"properties":{"id":"88195da5ddfffff","n":25,"five_pct":76.0,"low_pct":8.0,"awaiting":0,"awaiting_pct":0.0,"coffee":3,"takeaway_pct":40.0,"pubs":1,"specialty":0,"chain_pct":4.0,"borough":"Brent"}},{"type":"Feature","geometry":{"type":"Polygon","coordinates":[[[-0.27258,51.57168],[-0.2793,51.57048],[-0.28051,51.566],[-0.27501,51.56273],[-0.26829,51.56393],[-0.26707,51.5684],[-0.27258,51.57168]]]},"properties":{"id":"88195da5edfffff","n":14,"five_pct":71.4,"low_pct":14.3,"awaiting":0,"awaiting_pct":0.0,"coffee":0,"takeaway_pct":57.1,"pubs":2,"specialty":0,"chain_pct":14.3,"borough":"Brent"}},{"type":"Feature","geometry":{"type":"Polygon","coordinates":[[[-0.2567,51.58303],[-0.26343,51.58183],[-0.26464,51.57736],[-0.25914,51.57408],[-0.25242,51.57528],[-0.2512,51.57975],[-0.2567,51.58303]]]},"properties":{"id":"88195da511fffff","n":22,"five_pct":89.5,"low_pct":0.0,"awaiting":3,"awaiting_pct":13.6,"coffee":0,"takeaway_pct":72.7,"pubs":2,"specialty":0,"chain_pct":0.0,"borough":"Brent"}},{"type":"Feature","geometry":{"type":"Polygon","coordinates":[[[-0.23225,51.57887],[-0.23897,51.57768],[-0.24019,51.5732],[-0.23469,51.56992],[-0.22797,51.57112],[-0.22675,51.5756],[-0.23225,51.57887]]]},"properties":{"id":"88195da427fffff","n":13,"five_pct":38.5,"low_pct":15.4,"awaiting":0,"awaiting_pct":0.0,"coffee":1,"takeaway_pct":23.1,"pubs":0,"specialty":0,"chain_pct":0.0,"borough":"Barnet"}},{"type":"Feature","geometry":{"type":"Polygon","coordinates":[[[-0.21513,51.54787],[-0.22185,51.54667],[-0.22307,51.54219],[-0.21757,51.53892],[-0.21085,51.54011],[-0.20963,51.54459],[-0.21513,51.54787]]]},"properties":{"id":"88195da5d1fffff","n":6,"five_pct":66.7,"low_pct":0.0,"awaiting":0,"awaiting_pct":0.0,"coffee":0,"takeaway_pct":16.7,"pubs":0,"specialty":0,"chain_pct":0.0,"borough":"Brent"}},{"type":"Feature","geometry":{"type":"Polygon","coordinates":[[[-0.30563,51.59133],[-0.31235,51.59013],[-0.31356,51.58565],[-0.30805,51.58238],[-0.30133,51.58358],[-0.30012,51.58806],[-0.30563,51.59133]]]},"properties":{"id":"88195da523fffff","n":19,"five_pct":80.0,"low_pct":6.7,"awaiting":4,"awaiting_pct":21.1,"coffee":0,"takeaway_pct":10.5,"pubs":3,"specialty":0,"chain_pct":0.0,"borough":"Harrow"}},{"type":"Feature","geometry":{"type":"Polygon","coordinates":[[[-0.25178,51.5541],[-0.2585,51.5529],[-0.25971,51.54843],[-0.25421,51.54515],[-0.2475,51.54635],[-0.24628,51.55082],[-0.25178,51.5541]]]},"properties":{"id":"88195da58dfffff","n":15,"five_pct":40.0,"low_pct":0.0,"awaiting":0,"awaiting_pct":0.0,"coffee":2,"takeaway_pct":60.0,"pubs":0,"specialty":0,"chain_pct":0.0,"borough":"Brent"}},{"type":"Feature","geometry":{"type":"Polygon","coordinates":[[[-0.26035,51.56961],[-0.26707,51.5684],[-0.26829,51.56393],[-0.26278,51.56065],[-0.25607,51.56185],[-0.25485,51.56633],[-0.26035,51.56961]]]},"properties":{"id":"88195da5e9fffff","n":12,"five_pct":63.6,"low_pct":9.1,"awaiting":1,"awaiting_pct":8.3,"coffee":1,"takeaway_pct":41.7,"pubs":0,"specialty":0,"chain_pct":8.3,"borough":"Brent"}},{"type":"Feature","geometry":{"type":"Polygon","coordinates":[[[-0.30497,51.57015],[-0.31169,51.56895],[-0.31291,51.56447],[-0.3074,51.5612],[-0.30068,51.5624],[-0.29946,51.56688],[-0.30497,51.57015]]]},"properties":{"id":"88195daeddfffff","n":15,"five_pct":54.5,"low_pct":9.1,"awaiting":4,"awaiting_pct":26.7,"coffee":0,"takeaway_pct":73.3,"pubs":1,"specialty":0,"chain_pct":6.7,"borough":"Brent"}},{"type":"Feature","geometry":{"type":"Polygon","coordinates":[[[-0.26336,51.53499],[-0.27008,51.53379],[-0.27129,51.52931],[-0.26579,51.52604],[-0.25908,51.52724],[-0.25786,51.53172],[-0.26336,51.53499]]]},"properties":{"id":"88195da5bdfffff","n":73,"five_pct":52.5,"low_pct":11.5,"awaiting":12,"awaiting_pct":16.4,"coffee":2,"takeaway_pct":23.3,"pubs":3,"specialty":0,"chain_pct":4.1,"borough":"Ealing"}},{"type":"Feature","geometry":{"type":"Polygon","coordinates":[[[-0.22307,51.54219],[-0.22978,51.54099],[-0.231,51.53652],[-0.2255,51.53324],[-0.21879,51.53444],[-0.21757,51.53892],[-0.22307,51.54219]]]},"properties":{"id":"88195da5d7fffff","n":10,"five_pct":90.0,"low_pct":0.0,"awaiting":0,"awaiting_pct":0.0,"coffee":0,"takeaway_pct":20.0,"pubs":2,"specialty":0,"chain_pct":0.0,"borough":"Brent"}},{"type":"Feature","geometry":{"type":"Polygon","coordinates":[[[-0.31291,51.56447],[-0.31963,51.56327],[-0.32084,51.55879],[-0.31533,51.55552],[-0.30861,51.55672],[-0.3074,51.5612],[-0.31291,51.56447]]]},"properties":{"id":"88195daed5fffff","n":13,"five_pct":63.6,"low_pct":0.0,"awaiting":2,"awaiting_pct":15.4,"coffee":0,"takeaway_pct":30.8,"pubs":0,"specialty":0,"chain_pct":0.0,"borough":"Brent"}},{"type":"Feature","geometry":{"type":"Polygon","coordinates":[[[-0.25607,51.56185],[-0.26278,51.56065],[-0.264,51.55618],[-0.2585,51.5529],[-0.25178,51.5541],[-0.25056,51.55858],[-0.25607,51.56185]]]},"properties":{"id":"88195da5ebfffff","n":6,"five_pct":83.3,"low_pct":0.0,"awaiting":0,"awaiting_pct":0.0,"coffee":0,"takeaway_pct":50.0,"pubs":0,"specialty":0,"chain_pct":33.3,"borough":"Brent"}},{"type":"Feature","geometry":{"type":"Polygon","coordinates":[[[-0.17911,51.5628],[-0.18582,51.5616],[-0.18705,51.55713],[-0.18155,51.55385],[-0.17484,51.55504],[-0.17361,51.55952],[-0.17911,51.5628]]]},"properties":{"id":"88195da417fffff","n":63,"five_pct":63.2,"low_pct":7.0,"awaiting":5,"awaiting_pct":7.9,"coffee":5,"takeaway_pct":23.8,"pubs":5,"specialty":1,"chain_pct":4.8,"borough":"Camden"}},{"type":"Feature","geometry":{"type":"Polygon","coordinates":[[[-0.12602,51.5467],[-0.13273,51.54551],[-0.13395,51.54103],[-0.12847,51.53775],[-0.12176,51.53894],[-0.12053,51.54342],[-0.12602,51.5467]]]},"properties":{"id":"88195da6b7fffff","n":14,"five_pct":85.7,"low_pct":0.0,"awaiting":0,"awaiting_pct":0.0,"coffee":2,"takeaway_pct":7.1,"pubs":1,"specialty":1,"chain_pct":0.0,"borough":"Camden"}},{"type":"Feature","geometry":{"type":"Polygon","coordinates":[[[-0.19498,51.55146],[-0.2017,51.55026],[-0.20292,51.54579],[-0.19742,51.54251],[-0.19071,51.5437],[-0.18949,51.54818],[-0.19498,51.55146]]]},"properties":{"id":"88195da4e5fffff","n":49,"five_pct":53.3,"low_pct":4.4,"awaiting":4,"awaiting_pct":8.2,"coffee":4,"takeaway_pct":28.6,"pubs":6,"specialty":0,"chain_pct":8.2,"borough":"Camden"}},{"type":"Feature","geometry":{"type":"Polygon","coordinates":[[[-0.11324,51.52344],[-0.11994,51.52224],[-0.12117,51.51777],[-0.11568,51.51449],[-0.10898,51.51568],[-0.10775,51.52016],[-0.11324,51.52344]]]},"properties":{"id":"88194ad32dfffff","n":316,"five_pct":57.8,"low_pct":7.5,"awaiting":47,"awaiting_pct":14.9,"coffee":28,"takeaway_pct":31.0,"pubs":25,"specialty":3,"chain_pct":8.5,"borough":"Camden"}},{"type":"Feature","geometry":{"type":"Polygon","coordinates":[[[-0.16263,51.55296],[-0.16934,51.55176],[-0.17056,51.54729],[-0.16507,51.54401],[-0.15836,51.54521],[-0.15714,51.54968],[-0.16263,51.55296]]]},"properties":{"id":"88195da4c5fffff","n":40,"five_pct":60.0,"low_pct":2.9,"awaiting":5,"awaiting_pct":12.5,"coffee":2,"takeaway_pct":25.0,"pubs":5,"specialty":1,"chain_pct":7.5,"borough":"Camden"}},{"type":"Feature","geometry":{"type":"Polygon","coordinates":[[[-0.15469,51.55863],[-0.1614,51.55743],[-0.16263,51.55296],[-0.15714,51.54968],[-0.15042,51.55087],[-0.1492,51.55535],[-0.15469,51.55863]]]},"properties":{"id":"88195da4cdfffff","n":18,"five_pct":42.9,"low_pct":14.3,"awaiting":4,"awaiting_pct":22.2,"coffee":0,"takeaway_pct":27.8,"pubs":2,"specialty":0,"chain_pct":0.0,"borough":"Camden"}},{"type":"Feature","geometry":{"type":"Polygon","coordinates":[[[-0.1053,51.5291],[-0.11201,51.52791],[-0.11324,51.52344],[-0.10775,51.52016],[-0.10104,51.52135],[-0.09982,51.52582],[-0.1053,51.5291]]]},"properties":{"id":"88194ad367fffff","n":150,"five_pct":59.0,"low_pct":7.6,"awaiting":6,"awaiting_pct":4.0,"coffee":9,"takeaway_pct":6.7,"pubs":34,"specialty":2,"chain_pct":2.7,"borough":"Islington"}},{"type":"Feature","geometry":{"type":"Polygon","coordinates":[[[-0.14308,51.57771],[-0.1498,51.57652],[-0.15102,51.57204],[-0.14553,51.56876],[-0.13881,51.56996],[-0.13759,51.57443],[-0.14308,51.57771]]]},"properties":{"id":"88195da6adfffff","n":40,"five_pct":71.1,"low_pct":2.6,"awaiting":1,"awaiting_pct":2.5,"coffee":3,"takeaway_pct":10.0,"pubs":8,"specialty":1,"chain_pct":2.5,"borough":"Haringey"}},{"type":"Feature","geometry":{"type":"Polygon","coordinates":[[[-0.13395,51.54103],[-0.14067,51.53984],[-0.14189,51.53537],[-0.1364,51.53209],[-0.12969,51.53328],[-0.12847,51.53775],[-0.13395,51.54103]]]},"properties":{"id":"88195da4ddfffff","n":77,"five_pct":50.8,"low_pct":12.7,"awaiting":14,"awaiting_pct":18.2,"coffee":4,"takeaway_pct":15.6,"pubs":6,"specialty":0,"chain_pct":3.9,"borough":"Camden"}},{"type":"Feature","geometry":{"type":"Polygon","coordinates":[[[-0.22609,51.50758],[-0.23281,51.50638],[-0.23402,51.5019],[-0.22853,51.49862],[-0.22182,51.49982],[-0.2206,51.5043],[-0.22609,51.50758]]]},"properties":{"id":"88194ada6bfffff","n":122,"five_pct":49.6,"low_pct":10.6,"awaiting":9,"awaiting_pct":7.4,"coffee":6,"takeaway_pct":13.1,"pubs":9,"specialty":0,"chain_pct":4.1,"borough":"Hammersmith and Fulham"}},{"type":"Feature","geometry":{"type":"Polygon","coordinates":[[[-0.209,51.47655],[-0.2157,51.47536],[-0.21692,51.47088],[-0.21143,51.4676],[-0.20472,51.4688],[-0.20351,51.47328],[-0.209,51.47655]]]},"properties":{"id":"88194ada15fffff","n":49,"five_pct":66.7,"low_pct":4.2,"awaiting":1,"awaiting_pct":2.0,"coffee":3,"takeaway_pct":8.2,"pubs":7,"specialty":0,"chain_pct":4.1,"borough":"Hammersmith and Fulham"}},{"type":"Feature","geometry":{"type":"Polygon","coordinates":[[[-0.21754,51.49207],[-0.22425,51.49087],[-0.22547,51.48639],[-0.21998,51.48311],[-0.21327,51.48431],[-0.21205,51.48879],[-0.21754,51.49207]]]},"properties":{"id":"88194ada01fffff","n":48,"five_pct":65.2,"low_pct":2.2,"awaiting":2,"awaiting_pct":4.2,"coffee":3,"takeaway_pct":10.4,"pubs":2,"specialty":0,"chain_pct":4.2,"borough":"Hammersmith and Fulham"}},{"type":"Feature","geometry":{"type":"Polygon","coordinates":[[[-0.2383,51.50966],[-0.24501,51.50845],[-0.24623,51.50398],[-0.24073,51.5007],[-0.23402,51.5019],[-0.23281,51.50638],[-0.2383,51.50966]]]},"properties":{"id":"88194ada61fffff","n":46,"five_pct":72.1,"low_pct":4.7,"awaiting":3,"awaiting_pct":6.5,"coffee":2,"takeaway_pct":17.4,"pubs":9,"specialty":1,"chain_pct":0.0,"borough":"Hammersmith and Fulham"}},{"type":"Feature","geometry":{"type":"Polygon","coordinates":[[[-0.21327,51.48431],[-0.21998,51.48311],[-0.2212,51.47863],[-0.2157,51.47536],[-0.209,51.47655],[-0.20778,51.48103],[-0.21327,51.48431]]]},"properties":{"id":"88194ada03fffff","n":19,"five_pct":47.1,"low_pct":5.9,"awaiting":2,"awaiting_pct":10.5,"coffee":1,"takeaway_pct":26.3,"pubs":2,"specialty":0,"chain_pct":0.0,"borough":"Hammersmith and Fulham"}},{"type":"Feature","geometry":{"type":"Polygon","coordinates":[[[-0.22244,51.52101],[-0.22915,51.51981],[-0.23037,51.51533],[-0.22488,51.51206],[-0.21816,51.51326],[-0.21695,51.51773],[-0.22244,51.52101]]]},"properties":{"id":"88195da593fffff","n":32,"five_pct":76.0,"low_pct":4.0,"awaiting":7,"awaiting_pct":21.9,"coffee":2,"takeaway_pct":9.4,"pubs":2,"specialty":0,"chain_pct":3.1,"borough":"Hammersmith and Fulham"}},{"type":"Feature","geometry":{"type":"Polygon","coordinates":[[[-0.23465,51.52309],[-0.24136,51.52189],[-0.24258,51.51741],[-0.23708,51.51413],[-0.23037,51.51533],[-0.22915,51.51981],[-0.23465,51.52309]]]},"properties":{"id":"88195da597fffff","n":5,"five_pct":null,"low_pct":null,"awaiting":1,"awaiting_pct":20.0,"coffee":0,"takeaway_pct":0.0,"pubs":0,"specialty":0,"chain_pct":0.0,"borough":"Hammersmith and Fulham"}},{"type":"Feature","geometry":{"type":"Polygon","coordinates":[[[-0.23893,51.53084],[-0.24565,51.52964],[-0.24686,51.52516],[-0.24136,51.52189],[-0.23465,51.52309],[-0.23343,51.52756],[-0.23893,51.53084]]]},"properties":{"id":"88195da595fffff","n":10,"five_pct":55.6,"low_pct":0.0,"awaiting":1,"awaiting_pct":10.0,"coffee":0,"takeaway_pct":10.0,"pubs":0,"specialty":0,"chain_pct":0.0,"borough":"Hammersmith and Fulham"}},{"type":"Feature","geometry":{"type":"Polygon","coordinates":[[[-0.18461,51.4724],[-0.19131,51.4712],[-0.19253,51.46672],[-0.18704,51.46344],[-0.18034,51.46464],[-0.17912,51.46912],[-0.18461,51.4724]]]},"properties":{"id":"88194ada1bfffff","n":27,"five_pct":64.0,"low_pct":12.0,"awaiting":2,"awaiting_pct":7.4,"coffee":3,"takeaway_pct":22.2,"pubs":3,"specialty":0,"chain_pct":7.4,"borough":"Wandsworth"}},{"type":"Feature","geometry":{"type":"Polygon","coordinates":[[[-0.09115,51.60392],[-0.09787,51.60273],[-0.0991,51.59826],[-0.09361,51.59498],[-0.08689,51.59617],[-0.08566,51.60064],[-0.09115,51.60392]]]},"properties":{"id":"88194e6927fffff","n":20,"five_pct":63.2,"low_pct":15.8,"awaiting":0,"awaiting_pct":0.0,"coffee":1,"takeaway_pct":25.0,"pubs":2,"specialty":0,"chain_pct":0.0,"borough":"Haringey"}},{"type":"Feature","geometry":{"type":"Polygon","coordinates":[[[-0.06248,51.59198],[-0.0692,51.59079],[-0.07043,51.58632],[-0.06494,51.58304],[-0.05823,51.58423],[-0.057,51.5887],[-0.06248,51.59198]]]},"properties":{"id":"88194e6931fffff","n":25,"five_pct":80.0,"low_pct":16.0,"awaiting":0,"awaiting_pct":0.0,"coffee":3,"takeaway_pct":12.0,"pubs":4,"specialty":0,"chain_pct":20.0,"borough":"Haringey"}},{"type":"Feature","geometry":{"type":"Polygon","coordinates":[[[-0.14367,51.59887],[-0.15039,51.59768],[-0.15162,51.59321],[-0.14612,51.58993],[-0.1394,51.59112],[-0.13818,51.59559],[-0.14367,51.59887]]]},"properties":{"id":"88195da633fffff","n":31,"five_pct":90.0,"low_pct":0.0,"awaiting":1,"awaiting_pct":3.2,"coffee":1,"takeaway_pct":9.7,"pubs":4,"specialty":1,"chain_pct":6.5,"borough":"Haringey"}},{"type":"Feature","geometry":{"type":"Polygon","coordinates":[[[-0.06674,51.59973],[-0.07346,51.59854],[-0.07469,51.59407],[-0.0692,51.59079],[-0.06248,51.59198],[-0.06125,51.59645],[-0.06674,51.59973]]]},"properties":{"id":"88194e693dfffff","n":53,"five_pct":70.6,"low_pct":0.0,"awaiting":1,"awaiting_pct":1.9,"coffee":2,"takeaway_pct":26.4,"pubs":6,"specialty":0,"chain_pct":1.9,"borough":"Haringey"}},{"type":"Feature","geometry":{"type":"Polygon","coordinates":[[[-0.07043,51.58632],[-0.07714,51.58514],[-0.07837,51.58067],[-0.07289,51.57738],[-0.06617,51.57857],[-0.06494,51.58304],[-0.07043,51.58632]]]},"properties":{"id":"88194e6937fffff","n":59,"five_pct":67.2,"low_pct":8.6,"awaiting":1,"awaiting_pct":1.7,"coffee":4,"takeaway_pct":22.0,"pubs":2,"specialty":0,"chain_pct":1.7,"borough":"Haringey"}},{"type":"Feature","geometry":{"type":"Polygon","coordinates":[[[-0.09483,51.59051],[-0.10155,51.58932],[-0.10278,51.58485],[-0.09729,51.58157],[-0.09057,51.58276],[-0.08935,51.58723],[-0.09483,51.59051]]]},"properties":{"id":"88195da6c1fffff","n":39,"five_pct":73.0,"low_pct":0.0,"awaiting":0,"awaiting_pct":0.0,"coffee":1,"takeaway_pct":20.5,"pubs":1,"specialty":0,"chain_pct":0.0,"borough":"Haringey"}},{"type":"Feature","geometry":{"type":"Polygon","coordinates":[[[-0.05823,51.58423],[-0.06494,51.58304],[-0.06617,51.57857],[-0.06069,51.57529],[-0.05398,51.57648],[-0.05274,51.58094],[-0.05823,51.58423]]]},"properties":{"id":"88194e6933fffff","n":9,"five_pct":100.0,"low_pct":0.0,"awaiting":0,"awaiting_pct":0.0,"coffee":0,"takeaway_pct":44.4,"pubs":0,"specialty":0,"chain_pct":0.0,"borough":"Haringey"}},{"type":"Feature","geometry":{"type":"Polygon","coordinates":[[[-0.07894,51.60182],[-0.08566,51.60064],[-0.08689,51.59617],[-0.0814,51.59289],[-0.07469,51.59407],[-0.07346,51.59854],[-0.07894,51.60182]]]},"properties":{"id":"88194e6923fffff","n":12,"five_pct":50.0,"low_pct":8.3,"awaiting":0,"awaiting_pct":0.0,"coffee":1,"takeaway_pct":41.7,"pubs":1,"specialty":0,"chain_pct":0.0,"borough":"Haringey"}},{"type":"Feature","geometry":{"type":"Polygon","coordinates":[[[-0.14794,51.60662],[-0.15466,51.60543],[-0.15589,51.60096],[-0.15039,51.59768],[-0.14367,51.59887],[-0.14245,51.60334],[-0.14794,51.60662]]]},"properties":{"id":"88195da631fffff","n":14,"five_pct":50.0,"low_pct":7.1,"awaiting":0,"awaiting_pct":0.0,"coffee":1,"takeaway_pct":21.4,"pubs":2,"specialty":0,"chain_pct":0.0,"borough":"Barnet"}},{"type":"Feature","geometry":{"type":"Polygon","coordinates":[[[-0.13205,51.61794],[-0.13877,51.61675],[-0.14,51.61228],[-0.1345,51.60901],[-0.12778,51.61019],[-0.12656,51.61467],[-0.13205,51.61794]]]},"properties":{"id":"88195da603fffff","n":15,"five_pct":53.3,"low_pct":13.3,"awaiting":0,"awaiting_pct":0.0,"coffee":3,"takeaway_pct":20.0,"pubs":2,"specialty":0,"chain_pct":13.3,"borough":"Enfield"}},{"type":"Feature","geometry":{"type":"Polygon","coordinates":[[[0.16377,51.60199],[0.15707,51.60082],[0.15582,51.59636],[0.16128,51.59307],[0.16799,51.59424],[0.16924,51.5987],[0.16377,51.60199]]]},"properties":{"id":"88194e6131fffff","n":28,"five_pct":70.4,"low_pct":7.4,"awaiting":1,"awaiting_pct":3.6,"coffee":1,"takeaway_pct":32.1,"pubs":3,"specialty":0,"chain_pct":10.7,"borough":"Havering"}},{"type":"Feature","geometry":{"type":"Polygon","coordinates":[[[0.20121,51.55336],[0.19451,51.55219],[0.19326,51.54772],[0.19871,51.54443],[0.20541,51.54561],[0.20666,51.55007],[0.20121,51.55336]]]},"properties":{"id":"88194e61b9fffff","n":36,"five_pct":57.1,"low_pct":0.0,"awaiting":0,"awaiting_pct":0.0,"coffee":2,"takeaway_pct":38.9,"pubs":1,"specialty":0,"chain_pct":8.3,"borough":"Havering"}},{"type":"Feature","geometry":{"type":"Polygon","coordinates":[[[0.24937,51.56601],[0.24266,51.56484],[0.24141,51.56038],[0.24686,51.55709],[0.25356,51.55826],[0.25482,51.56272],[0.24937,51.56601]]]},"properties":{"id":"88194e61dbfffff","n":9,"five_pct":88.9,"low_pct":0.0,"awaiting":0,"awaiting_pct":0.0,"coffee":1,"takeaway_pct":0.0,"pubs":1,"specialty":0,"chain_pct":22.2,"borough":"Havering"}},{"type":"Feature","geometry":{"type":"Polygon","coordinates":[[[0.16799,51.59424],[0.16128,51.59307],[0.16004,51.58861],[0.1655,51.58532],[0.1722,51.58649],[0.17345,51.59095],[0.16799,51.59424]]]},"properties":{"id":"88194e6133fffff","n":8,"five_pct":62.5,"low_pct":0.0,"awaiting":0,"awaiting_pct":0.0,"coffee":0,"takeaway_pct":0.0,"pubs":1,"specialty":0,"chain_pct":0.0,"borough":"Havering"}},{"type":"Feature","geometry":{"type":"Polygon","coordinates":[[[0.24141,51.56038],[0.23471,51.55921],[0.23346,51.55475],[0.23891,51.55146],[0.24561,51.55263],[0.24686,51.55709],[0.24141,51.56038]]]},"properties":{"id":"88194e61d3fffff","n":15,"five_pct":72.7,"low_pct":9.1,"awaiting":1,"awaiting_pct":6.7,"coffee":0,"takeaway_pct":26.7,"pubs":1,"specialty":0,"chain_pct":0.0,"borough":"Havering"}},{"type":"Feature","geometry":{"type":"Polygon","coordinates":[[[0.18578,51.52094],[0.17908,51.51977],[0.17784,51.5153],[0.18329,51.51201],[0.18999,51.51319],[0.19124,51.51765],[0.18578,51.52094]]]},"properties":{"id":"88194e6f53fffff","n":5,"five_pct":40.0,"low_pct":20.0,"awaiting":0,"awaiting_pct":0.0,"coffee":0,"takeaway_pct":20.0,"pubs":0,"specialty":0,"chain_pct":0.0,"borough":"Havering"}},{"type":"Feature","geometry":{"type":"Polygon","coordinates":[[[0.17642,51.57874],[0.16971,51.57756],[0.16847,51.5731],[0.17393,51.56981],[0.18063,51.57099],[0.18188,51.57545],[0.17642,51.57874]]]},"properties":{"id":"88194e61e7fffff","n":37,"five_pct":65.7,"low_pct":5.7,"awaiting":1,"awaiting_pct":2.7,"coffee":2,"takeaway_pct":13.5,"pubs":2,"specialty":0,"chain_pct":18.9,"borough":"Havering"}},{"type":"Feature","geometry":{"type":"Polygon","coordinates":[[[0.18437,51.58437],[0.17766,51.5832],[0.17642,51.57874],[0.18188,51.57545],[0.18858,51.57662],[0.18983,51.58108],[0.18437,51.58437]]]},"properties":{"id":"88194e61e1fffff","n":86,"five_pct":72.0,"low_pct":4.9,"awaiting":4,"awaiting_pct":4.7,"coffee":5,"takeaway_pct":10.5,"pubs":9,"specialty":0,"chain_pct":10.5,"borough":"Havering"}},{"type":"Feature","geometry":{"type":"Polygon","coordinates":[[[0.24847,51.60827],[0.24176,51.60711],[0.24051,51.60265],[0.24597,51.59935],[0.25267,51.60052],[0.25392,51.60498],[0.24847,51.60827]]]},"properties":{"id":"88194e6005fffff","n":8,"five_pct":50.0,"low_pct":0.0,"awaiting":0,"awaiting_pct":0.0,"coffee":0,"takeaway_pct":62.5,"pubs":0,"specialty":0,"chain_pct":12.5,"borough":"Havering"}},{"type":"Feature","geometry":{"type":"Polygon","coordinates":[[[0.18811,51.59776],[0.18141,51.59658],[0.18016,51.59212],[0.18562,51.58883],[0.19232,51.59],[0.19357,51.59446],[0.18811,51.59776]]]},"properties":{"id":"88194e6117fffff","n":5,"five_pct":40.0,"low_pct":0.0,"awaiting":0,"awaiting_pct":0.0,"coffee":1,"takeaway_pct":60.0,"pubs":0,"specialty":0,"chain_pct":0.0,"borough":"Havering"}},{"type":"Feature","geometry":{"type":"Polygon","coordinates":[[[0.2246,51.59139],[0.2179,51.59022],[0.21665,51.58576],[0.2221,51.58247],[0.22881,51.58364],[0.23006,51.5881],[0.2246,51.59139]]]},"properties":{"id":"88194e61c9fffff","n":9,"five_pct":55.6,"low_pct":0.0,"awaiting":0,"awaiting_pct":0.0,"coffee":0,"takeaway_pct":22.2,"pubs":1,"specialty":0,"chain_pct":11.1,"borough":"Havering"}},{"type":"Feature","geometry":{"type":"Polygon","coordinates":[[[0.26947,51.56951],[0.26277,51.56835],[0.26151,51.56388],[0.26696,51.56059],[0.27366,51.56176],[0.27492,51.56622],[0.26947,51.56951]]]},"properties":{"id":"88194e60e1fffff","n":13,"five_pct":69.2,"low_pct":0.0,"awaiting":0,"awaiting_pct":0.0,"coffee":1,"takeaway_pct":30.8,"pubs":2,"specialty":0,"chain_pct":0.0,"borough":"Havering"}},{"type":"Feature","geometry":{"type":"Polygon","coordinates":[[[-0.47065,51.54891],[-0.47737,51.5477],[-0.47858,51.54322],[-0.47305,51.53995],[-0.46633,51.54116],[-0.46513,51.54564],[-0.47065,51.54891]]]},"properties":{"id":"88195dadc7fffff","n":37,"five_pct":57.1,"low_pct":11.4,"awaiting":2,"awaiting_pct":5.4,"coffee":0,"takeaway_pct":24.3,"pubs":1,"specialty":0,"chain_pct":21.6,"borough":"Hillingdon"}},{"type":"Feature","geometry":{"type":"Polygon","coordinates":[[[-0.42307,51.58307],[-0.4298,51.58186],[-0.431,51.57738],[-0.42548,51.57411],[-0.41875,51.57532],[-0.41755,51.5798],[-0.42307,51.58307]]]},"properties":{"id":"88195dac0dfffff","n":21,"five_pct":63.2,"low_pct":0.0,"awaiting":2,"awaiting_pct":9.5,"coffee":1,"takeaway_pct":33.3,"pubs":2,"specialty":1,"chain_pct":4.8,"borough":"Hillingdon"}},{"type":"Feature","geometry":{"type":"Polygon","coordinates":[[[-0.4685,51.48529],[-0.47522,51.48408],[-0.47642,51.47959],[-0.4709,51.47632],[-0.46418,51.47754],[-0.46298,51.48202],[-0.4685,51.48529]]]},"properties":{"id":"88195d3629fffff","n":6,"five_pct":50.0,"low_pct":0.0,"awaiting":0,"awaiting_pct":0.0,"coffee":0,"takeaway_pct":16.7,"pubs":0,"specialty":0,"chain_pct":0.0,"borough":"Hillingdon"}},{"type":"Feature","geometry":{"type":"Polygon","coordinates":[[[-0.40081,51.52311],[-0.40753,51.5219],[-0.40874,51.51742],[-0.40322,51.51415],[-0.3965,51.51536],[-0.3953,51.51984],[-0.40081,51.52311]]]},"properties":{"id":"88195dac85fffff","n":10,"five_pct":77.8,"low_pct":11.1,"awaiting":1,"awaiting_pct":10.0,"coffee":2,"takeaway_pct":30.0,"pubs":0,"specialty":0,"chain_pct":50.0,"borough":"Hillingdon"}},{"type":"Feature","geometry":{"type":"Polygon","coordinates":[[[-0.42015,51.61769],[-0.42688,51.61648],[-0.42809,51.61201],[-0.42256,51.60874],[-0.41583,51.60994],[-0.41463,51.61442],[-0.42015,51.61769]]]},"properties":{"id":"88195daf19fffff","n":26,"five_pct":60.0,"low_pct":4.0,"awaiting":1,"awaiting_pct":3.8,"coffee":3,"takeaway_pct":23.1,"pubs":1,"specialty":0,"chain_pct":11.5,"borough":"Hillingdon"}},{"type":"Feature","geometry":{"type":"Polygon","coordinates":[[[-0.48433,51.47389],[-0.49105,51.47267],[-0.49225,51.46818],[-0.48673,51.46491],[-0.48002,51.46613],[-0.47882,51.47062],[-0.48433,51.47389]]]},"properties":{"id":"88195d3627fffff","n":9,"five_pct":87.5,"low_pct":0.0,"awaiting":1,"awaiting_pct":11.1,"coffee":1,"takeaway_pct":0.0,"pubs":0,"specialty":0,"chain_pct":33.3,"borough":"Hillingdon"}},{"type":"Feature","geometry":{"type":"Polygon","coordinates":[[[-0.39788,51.55775],[-0.40461,51.55654],[-0.40581,51.55206],[-0.4003,51.54879],[-0.39357,51.55],[-0.39237,51.55448],[-0.39788,51.55775]]]},"properties":{"id":"88195dac11fffff","n":6,"five_pct":66.7,"low_pct":0.0,"awaiting":0,"awaiting_pct":0.0,"coffee":1,"takeaway_pct":50.0,"pubs":0,"specialty":0,"chain_pct":0.0,"borough":"Hillingdon"}},{"type":"Feature","geometry":{"type":"Polygon","coordinates":[[[-0.40651,51.57326],[-0.41323,51.57205],[-0.41444,51.56757],[-0.40892,51.5643],[-0.40219,51.5655],[-0.40099,51.56998],[-0.40651,51.57326]]]},"properties":{"id":"88195dac0bfffff","n":17,"five_pct":46.7,"low_pct":0.0,"awaiting":1,"awaiting_pct":5.9,"coffee":1,"takeaway_pct":17.6,"pubs":1,"specialty":0,"chain_pct":11.8,"borough":"Hillingdon"}},{"type":"Feature","geometry":{"type":"Polygon","coordinates":[[[-0.44976,51.53135],[-0.45649,51.53014],[-0.45769,51.52566],[-0.45217,51.52238],[-0.44545,51.5236],[-0.44424,51.52808],[-0.44976,51.53135]]]},"properties":{"id":"88195dadd7fffff","n":5,"five_pct":null,"low_pct":null,"awaiting":2,"awaiting_pct":40.0,"coffee":0,"takeaway_pct":100.0,"pubs":0,"specialty":0,"chain_pct":20.0,"borough":"Hillingdon"}},{"type":"Feature","geometry":{"type":"Polygon","coordinates":[[[-0.4072,51.59444],[-0.41393,51.59324],[-0.41513,51.58876],[-0.40961,51.58549],[-0.40288,51.58669],[-0.40168,51.59117],[-0.4072,51.59444]]]},"properties":{"id":"88195dac41fffff","n":7,"five_pct":57.1,"low_pct":0.0,"awaiting":0,"awaiting_pct":0.0,"coffee":0,"takeaway_pct":14.3,"pubs":3,"specialty":0,"chain_pct":0.0,"borough":"Hillingdon"}},{"type":"Feature","geometry":{"type":"Polygon","coordinates":[[[-0.3965,51.51536],[-0.40322,51.51415],[-0.40443,51.50967],[-0.39891,51.50639],[-0.3922,51.50761],[-0.39099,51.51209],[-0.3965,51.51536]]]},"properties":{"id":"88195dac87fffff","n":10,"five_pct":30.0,"low_pct":40.0,"awaiting":0,"awaiting_pct":0.0,"coffee":0,"takeaway_pct":0.0,"pubs":1,"specialty":0,"chain_pct":0.0,"borough":"Hillingdon"}},{"type":"Feature","geometry":{"type":"Polygon","coordinates":[[[-0.45408,51.5391],[-0.46081,51.53789],[-0.46201,51.53341],[-0.45649,51.53014],[-0.44976,51.53135],[-0.44856,51.53583],[-0.45408,51.5391]]]},"properties":{"id":"88195dadd5fffff","n":11,"five_pct":60.0,"low_pct":0.0,"awaiting":1,"awaiting_pct":9.1,"coffee":0,"takeaway_pct":18.2,"pubs":3,"specialty":0,"chain_pct":9.1,"borough":"Hillingdon"}},{"type":"Feature","geometry":{"type":"Polygon","coordinates":[[[-0.46129,51.5122],[-0.46801,51.51099],[-0.46921,51.5065],[-0.4637,51.50323],[-0.45698,51.50445],[-0.45577,51.50893],[-0.46129,51.5122]]]},"properties":{"id":"88195dad97fffff","n":5,"five_pct":20.0,"low_pct":40.0,"awaiting":0,"awaiting_pct":0.0,"coffee":0,"takeaway_pct":60.0,"pubs":0,"specialty":0,"chain_pct":0.0,"borough":"Hillingdon"}},{"type":"Feature","geometry":{"type":"Polygon","coordinates":[[[-0.41165,51.48277],[-0.41837,51.48155],[-0.41957,51.47707],[-0.41406,51.4738],[-0.40735,51.47501],[-0.40614,51.4795],[-0.41165,51.48277]]]},"properties":{"id":"88195d3651fffff","n":14,"five_pct":69.2,"low_pct":7.7,"awaiting":1,"awaiting_pct":7.1,"coffee":0,"takeaway_pct":35.7,"pubs":0,"specialty":0,"chain_pct":7.1,"borough":"Hounslow"}},{"type":"Feature","geometry":{"type":"Polygon","coordinates":[[[-0.30235,51.48539],[-0.30906,51.48418],[-0.31028,51.4797],[-0.30478,51.47643],[-0.29807,51.47763],[-0.29685,51.48212],[-0.30235,51.48539]]]},"properties":{"id":"88194adb3bfffff","n":29,"five_pct":77.8,"low_pct":3.7,"awaiting":2,"awaiting_pct":6.9,"coffee":0,"takeaway_pct":13.8,"pubs":5,"specialty":1,"chain_pct":3.4,"borough":"Hounslow"}},{"type":"Feature","geometry":{"type":"Polygon","coordinates":[[[-0.35484,51.48021],[-0.36156,51.479],[-0.36277,51.47452],[-0.35726,51.47125],[-0.35055,51.47246],[-0.34934,51.47694],[-0.35484,51.48021]]]},"properties":{"id":"88194ad947fffff","n":26,"five_pct":47.8,"low_pct":0.0,"awaiting":3,"awaiting_pct":11.5,"coffee":0,"takeaway_pct":34.6,"pubs":2,"specialty":0,"chain_pct":0.0,"borough":"Hounslow"}},{"type":"Feature","geometry":{"type":"Polygon","coordinates":[[[-0.30664,51.49315],[-0.31336,51.49194],[-0.31457,51.48746],[-0.30906,51.48418],[-0.30235,51.48539],[-0.30114,51.48987],[-0.30664,51.49315]]]},"properties":{"id":"88194adb39fffff","n":25,"five_pct":69.6,"low_pct":4.3,"awaiting":1,"awaiting_pct":4.0,"coffee":1,"takeaway_pct":12.0,"pubs":7,"specialty":0,"chain_pct":4.0,"borough":"Hounslow"}},{"type":"Feature","geometry":{"type":"Polygon","coordinates":[[[-0.34263,51.47815],[-0.34934,51.47694],[-0.35055,51.47246],[-0.34504,51.46918],[-0.33833,51.47039],[-0.33712,51.47487],[-0.34263,51.47815]]]},"properties":{"id":"88194ad943fffff","n":24,"five_pct":56.5,"low_pct":4.3,"awaiting":1,"awaiting_pct":4.2,"coffee":2,"takeaway_pct":45.8,"pubs":2,"specialty":0,"chain_pct":4.2,"borough":"Hounslow"}},{"type":"Feature","geometry":{"type":"Polygon","coordinates":[[[-0.36706,51.48228],[-0.37378,51.48107],[-0.37498,51.47659],[-0.36948,51.47331],[-0.36277,51.47452],[-0.36156,51.479],[-0.36706,51.48228]]]},"properties":{"id":"88194ad96bfffff","n":17,"five_pct":37.5,"low_pct":6.2,"awaiting":1,"awaiting_pct":5.9,"coffee":1,"takeaway_pct":5.9,"pubs":1,"specialty":0,"chain_pct":0.0,"borough":"Hounslow"}},{"type":"Feature","geometry":{"type":"Polygon","coordinates":[[[-0.37498,51.47659],[-0.3817,51.47537],[-0.3829,51.47089],[-0.3774,51.46762],[-0.37068,51.46883],[-0.36948,51.47331],[-0.37498,51.47659]]]},"properties":{"id":"88194ad963fffff","n":8,"five_pct":62.5,"low_pct":0.0,"awaiting":0,"awaiting_pct":0.0,"coffee":1,"takeaway_pct":0.0,"pubs":0,"specialty":0,"chain_pct":0.0,"borough":"Hounslow"}},{"type":"Feature","geometry":{"type":"Polygon","coordinates":[[[-0.2865,51.49676],[-0.29322,51.49556],[-0.29443,51.49108],[-0.28893,51.4878],[-0.28222,51.489],[-0.28101,51.49348],[-0.2865,51.49676]]]},"properties":{"id":"88194adb1dfffff","n":24,"five_pct":55.0,"low_pct":15.0,"awaiting":4,"awaiting_pct":16.7,"coffee":3,"takeaway_pct":12.5,"pubs":2,"specialty":0,"chain_pct":4.2,"borough":"Hounslow"}},{"type":"Feature","geometry":{"type":"Polygon","coordinates":[[[-0.29079,51.50451],[-0.29751,51.50331],[-0.29872,51.49883],[-0.29322,51.49556],[-0.2865,51.49676],[-0.28529,51.50124],[-0.29079,51.50451]]]},"properties":{"id":"88194adb0bfffff","n":5,"five_pct":40.0,"low_pct":20.0,"awaiting":0,"awaiting_pct":0.0,"coffee":0,"takeaway_pct":0.0,"pubs":2,"specialty":0,"chain_pct":0.0,"borough":"Hounslow"}},{"type":"Feature","geometry":{"type":"Polygon","coordinates":[[[-0.38584,51.43623],[-0.39254,51.43501],[-0.39375,51.43053],[-0.38825,51.42726],[-0.38154,51.42847],[-0.38033,51.43295],[-0.38584,51.43623]]]},"properties":{"id":"88195d36ddfffff","n":5,"five_pct":null,"low_pct":null,"awaiting":1,"awaiting_pct":20.0,"coffee":0,"takeaway_pct":40.0,"pubs":1,"specialty":0,"chain_pct":0.0,"borough":"Hounslow"}},{"type":"Feature","geometry":{"type":"Polygon","coordinates":[[[-0.43902,51.45222],[-0.44573,51.451],[-0.44693,51.44651],[-0.44142,51.44324],[-0.43471,51.44446],[-0.4335,51.44894],[-0.43902,51.45222]]]},"properties":{"id":"88195d36edfffff","n":5,"five_pct":80.0,"low_pct":20.0,"awaiting":0,"awaiting_pct":0.0,"coffee":0,"takeaway_pct":0.0,"pubs":1,"specialty":0,"chain_pct":0.0,"borough":"Hounslow"}},{"type":"Feature","geometry":{"type":"Polygon","coordinates":[[[-0.3347,51.48384],[-0.34142,51.48263],[-0.34263,51.47815],[-0.33712,51.47487],[-0.33041,51.47608],[-0.3292,51.48056],[-0.3347,51.48384]]]},"properties":{"id":"88194ad94bfffff","n":7,"five_pct":null,"low_pct":null,"awaiting":3,"awaiting_pct":42.9,"coffee":1,"takeaway_pct":0.0,"pubs":1,"specialty":0,"chain_pct":0.0,"borough":"Hounslow"}},{"type":"Feature","geometry":{"type":"Polygon","coordinates":[[[-0.38789,51.49985],[-0.39461,51.49864],[-0.39581,51.49416],[-0.3903,51.49088],[-0.38359,51.4921],[-0.38238,51.49658],[-0.38789,51.49985]]]},"properties":{"id":"88195dacbbfffff","n":7,"five_pct":0.0,"low_pct":28.6,"awaiting":0,"awaiting_pct":0.0,"coffee":0,"takeaway_pct":57.1,"pubs":1,"specialty":0,"chain_pct":0.0,"borough":"Ealing"}},{"type":"Feature","geometry":{"type":"Polygon","coordinates":[[[-0.30301,51.50659],[-0.30972,51.50538],[-0.31093,51.5009],[-0.30543,51.49763],[-0.29872,51.49883],[-0.29751,51.50331],[-0.30301,51.50659]]]},"properties":{"id":"88194adb01fffff","n":47,"five_pct":52.5,"low_pct":22.5,"awaiting":7,"awaiting_pct":14.9,"coffee":4,"takeaway_pct":23.4,"pubs":5,"specialty":0,"chain_pct":2.1,"borough":"Ealing"}},{"type":"Feature","geometry":{"type":"Polygon","coordinates":[[[-0.37792,51.44192],[-0.38463,51.44071],[-0.38584,51.43623],[-0.38033,51.43295],[-0.37362,51.43417],[-0.37242,51.43865],[-0.37792,51.44192]]]},"properties":{"id":"88194ad937fffff","n":5,"five_pct":null,"low_pct":null,"awaiting":1,"awaiting_pct":20.0,"coffee":1,"takeaway_pct":40.0,"pubs":0,"specialty":0,"chain_pct":20.0,"borough":"Hounslow"}},{"type":"Feature","geometry":{"type":"Polygon","coordinates":[[[-0.09311,51.52701],[-0.09982,51.52582],[-0.10104,51.52135],[-0.09556,51.51806],[-0.08885,51.51926],[-0.08762,51.52373],[-0.09311,51.52701]]]},"properties":{"id":"88194ad363fffff","n":117,"five_pct":75.9,"low_pct":2.7,"awaiting":5,"awaiting_pct":4.3,"coffee":6,"takeaway_pct":16.2,"pubs":10,"specialty":1,"chain_pct":7.7,"borough":"Islington"}},{"type":"Feature","geometry":{"type":"Polygon","coordinates":[[[-0.11014,51.55803],[-0.11685,51.55683],[-0.11808,51.55236],[-0.11259,51.54908],[-0.10588,51.55027],[-0.10465,51.55474],[-0.11014,51.55803]]]},"properties":{"id":"88195da6b9fffff","n":98,"five_pct":54.7,"low_pct":9.5,"awaiting":3,"awaiting_pct":3.1,"coffee":3,"takeaway_pct":21.4,"pubs":9,"specialty":0,"chain_pct":6.1,"borough":"Islington"}},{"type":"Feature","geometry":{"type":"Polygon","coordinates":[[[-0.0778,51.5595],[-0.08452,51.55831],[-0.08574,51.55384],[-0.08026,51.55056],[-0.07355,51.55175],[-0.07232,51.55622],[-0.0778,51.5595]]]},"properties":{"id":"88195da699fffff","n":56,"five_pct":78.8,"low_pct":5.8,"awaiting":4,"awaiting_pct":7.1,"coffee":0,"takeaway_pct":19.6,"pubs":7,"specialty":0,"chain_pct":0.0,"borough":"Hackney"}},{"type":"Feature","geometry":{"type":"Polygon","coordinates":[[[-0.3004,51.42178],[-0.3071,51.42057],[-0.30831,51.41609],[-0.30282,51.41281],[-0.29611,51.41402],[-0.2949,51.4185],[-0.3004,51.42178]]]},"properties":{"id":"88194ad9ddfffff","n":31,"five_pct":96.0,"low_pct":0.0,"awaiting":5,"awaiting_pct":16.1,"coffee":1,"takeaway_pct":22.6,"pubs":5,"specialty":0,"chain_pct":3.2,"borough":"Kingston-Upon-Thames"}},{"type":"Feature","geometry":{"type":"Polygon","coordinates":[[[-0.29481,51.37159],[-0.30151,51.37038],[-0.30272,51.3659],[-0.29723,51.36262],[-0.29053,51.36383],[-0.28932,51.36831],[-0.29481,51.37159]]]},"properties":{"id":"88194aca47fffff","n":6,"five_pct":83.3,"low_pct":0.0,"awaiting":0,"awaiting_pct":0.0,"coffee":0,"takeaway_pct":16.7,"pubs":1,"specialty":0,"chain_pct":0.0,"borough":"Kingston-Upon-Thames"}},{"type":"Feature","geometry":{"type":"Polygon","coordinates":[[[-0.25953,51.40781],[-0.26623,51.4066],[-0.26745,51.40212],[-0.26196,51.39885],[-0.25526,51.40005],[-0.25405,51.40453],[-0.25953,51.40781]]]},"properties":{"id":"88194ad8e3fffff","n":62,"five_pct":59.3,"low_pct":5.1,"awaiting":3,"awaiting_pct":4.8,"coffee":3,"takeaway_pct":16.1,"pubs":4,"specialty":0,"chain_pct":9.7,"borough":"Kingston-Upon-Thames"}},{"type":"Feature","geometry":{"type":"Polygon","coordinates":[[[-0.20596,51.51118],[-0.21267,51.50998],[-0.21389,51.5055],[-0.2084,51.50222],[-0.20169,51.50342],[-0.20047,51.5079],[-0.20596,51.51118]]]},"properties":{"id":"88194ada41fffff","n":24,"five_pct":100.0,"low_pct":0.0,"awaiting":0,"awaiting_pct":0.0,"coffee":0,"takeaway_pct":4.2,"pubs":3,"specialty":1,"chain_pct":4.2,"borough":"Kensington and Chelsea"}},{"type":"Feature","geometry":{"type":"Polygon","coordinates":[[[-0.18522,51.49359],[-0.19192,51.49239],[-0.19314,51.48791],[-0.18765,51.48463],[-0.18095,51.48583],[-0.17973,51.49031],[-0.18522,51.49359]]]},"properties":{"id":"88194ada51fffff","n":45,"five_pct":81.8,"low_pct":2.3,"awaiting":1,"awaiting_pct":2.2,"coffee":2,"takeaway_pct":0.0,"pubs":5,"specialty":0,"chain_pct":2.2,"borough":"Kensington and Chelsea"}},{"type":"Feature","geometry":{"type":"Polygon","coordinates":[[[-0.20169,51.50342],[-0.2084,51.50222],[-0.20961,51.49775],[-0.20412,51.49447],[-0.19741,51.49567],[-0.1962,51.50014],[-0.20169,51.50342]]]},"properties":{"id":"88194ada43fffff","n":69,"five_pct":86.4,"low_pct":1.7,"awaiting":10,"awaiting_pct":14.5,"coffee":2,"takeaway_pct":2.9,"pubs":5,"specialty":1,"chain_pct":2.9,"borough":"Kensington and Chelsea"}},{"type":"Feature","geometry":{"type":"Polygon","coordinates":[[[-0.27899,51.38298],[-0.28569,51.38177],[-0.2869,51.37729],[-0.28142,51.37401],[-0.27472,51.37522],[-0.27351,51.3797],[-0.27899,51.38298]]]},"properties":{"id":"88194aca49fffff","n":38,"five_pct":60.5,"low_pct":0.0,"awaiting":0,"awaiting_pct":0.0,"coffee":1,"takeaway_pct":42.1,"pubs":2,"specialty":0,"chain_pct":7.9,"borough":"Kingston-Upon-Thames"}},{"type":"Feature","geometry":{"type":"Polygon","coordinates":[[[-0.18155,51.50701],[-0.18826,51.50582],[-0.18948,51.50134],[-0.184,51.49806],[-0.17729,51.49926],[-0.17607,51.50373],[-0.18155,51.50701]]]},"properties":{"id":"88195da4b7fffff","n":34,"five_pct":81.8,"low_pct":0.0,"awaiting":1,"awaiting_pct":2.9,"coffee":1,"takeaway_pct":2.9,"pubs":5,"specialty":0,"chain_pct":2.9,"borough":"Kensington and Chelsea"}},{"type":"Feature","geometry":{"type":"Polygon","coordinates":[[[-0.16875,51.48375],[-0.17546,51.48255],[-0.17668,51.47807],[-0.17119,51.47479],[-0.16449,51.47599],[-0.16327,51.48047],[-0.16875,51.48375]]]},"properties":{"id":"88194ad12dfffff","n":20,"five_pct":75.0,"low_pct":0.0,"awaiting":0,"awaiting_pct":0.0,"coffee":1,"takeaway_pct":15.0,"pubs":1,"specialty":0,"chain_pct":5.0,"borough":"Wandsworth"}},{"type":"Feature","geometry":{"type":"Polygon","coordinates":[[[-0.31754,51.45281],[-0.32425,51.4516],[-0.32546,51.44712],[-0.31996,51.44385],[-0.31325,51.44505],[-0.31204,51.44954],[-0.31754,51.45281]]]},"properties":{"id":"88194ad825fffff","n":7,"five_pct":57.1,"low_pct":0.0,"awaiting":0,"awaiting_pct":0.0,"coffee":0,"takeaway_pct":14.3,"pubs":2,"specialty":0,"chain_pct":0.0,"borough":"Richmond-Upon-Thames"}},{"type":"Feature","geometry":{"type":"Polygon","coordinates":[[[-0.18765,51.43777],[-0.19436,51.43657],[-0.19557,51.43209],[-0.19009,51.42881],[-0.18339,51.43001],[-0.18217,51.43449],[-0.18765,51.43777]]]},"properties":{"id":"88194ada81fffff","n":40,"five_pct":84.8,"low_pct":3.0,"awaiting":7,"awaiting_pct":17.5,"coffee":1,"takeaway_pct":12.5,"pubs":2,"specialty":0,"chain_pct":2.5,"borough":"Wandsworth"}},{"type":"Feature","geometry":{"type":"Polygon","coordinates":[[[-0.17913,51.42225],[-0.18583,51.42105],[-0.18704,51.41657],[-0.18156,51.41329],[-0.17486,51.41449],[-0.17364,51.41897],[-0.17913,51.42225]]]},"properties":{"id":"88194ada95fffff","n":27,"five_pct":81.5,"low_pct":7.4,"awaiting":0,"awaiting_pct":0.0,"coffee":4,"takeaway_pct":18.5,"pubs":4,"specialty":0,"chain_pct":7.4,"borough":"Merton"}},{"type":"Feature","geometry":{"type":"Polygon","coordinates":[[[-0.16269,51.41241],[-0.16938,51.41121],[-0.1706,51.40673],[-0.16512,51.40345],[-0.15843,51.40465],[-0.15721,51.40913],[-0.16269,51.41241]]]},"properties":{"id":"88194ada93fffff","n":37,"five_pct":67.6,"low_pct":2.9,"awaiting":3,"awaiting_pct":8.1,"coffee":2,"takeaway_pct":24.3,"pubs":2,"specialty":0,"chain_pct":0.0,"borough":"Merton"}},{"type":"Feature","geometry":{"type":"Polygon","coordinates":[[[-0.19923,51.41865],[-0.20593,51.41744],[-0.20714,51.41296],[-0.20166,51.40968],[-0.19496,51.41089],[-0.19374,51.41537],[-0.19923,51.41865]]]},"properties":{"id":"88194adab1fffff","n":12,"five_pct":91.7,"low_pct":0.0,"awaiting":0,"awaiting_pct":0.0,"coffee":0,"takeaway_pct":8.3,"pubs":3,"specialty":0,"chain_pct":8.3,"borough":"Merton"}},{"type":"Feature","geometry":{"type":"Polygon","coordinates":[[[-0.23516,51.40367],[-0.24186,51.40246],[-0.24307,51.39798],[-0.23759,51.3947],[-0.23089,51.39591],[-0.22967,51.40039],[-0.23516,51.40367]]]},"properties":{"id":"88194ad889fffff","n":9,"five_pct":66.7,"low_pct":0.0,"awaiting":3,"awaiting_pct":33.3,"coffee":0,"takeaway_pct":11.1,"pubs":0,"specialty":0,"chain_pct":0.0,"borough":"Merton"}},{"type":"Feature","geometry":{"type":"Polygon","coordinates":[[[-0.2236,51.4228],[-0.2303,51.42159],[-0.23151,51.41711],[-0.22603,51.41383],[-0.21933,51.41504],[-0.21811,51.41952],[-0.2236,51.4228]]]},"properties":{"id":"88194ad8c9fffff","n":5,"five_pct":null,"low_pct":null,"awaiting":0,"awaiting_pct":0.0,"coffee":0,"takeaway_pct":0.0,"pubs":2,"specialty":0,"chain_pct":0.0,"borough":"Merton"}},{"type":"Feature","geometry":{"type":"Polygon","coordinates":[[[-0.13408,51.40049],[-0.14078,51.39929],[-0.142,51.39481],[-0.13653,51.39153],[-0.12983,51.39272],[-0.12861,51.3972],[-0.13408,51.40049]]]},"properties":{"id":"88194ac34bfffff","n":5,"five_pct":null,"low_pct":null,"awaiting":1,"awaiting_pct":20.0,"coffee":0,"takeaway_pct":0.0,"pubs":0,"specialty":0,"chain_pct":0.0,"borough":"Merton"}},{"type":"Feature","geometry":{"type":"Polygon","coordinates":[[[0.0234,51.55613],[0.0167,51.55494],[0.01546,51.55047],[0.02093,51.54719],[0.02764,51.54837],[0.02888,51.55284],[0.0234,51.55613]]]},"properties":{"id":"88194e69dbfffff","n":42,"five_pct":51.3,"low_pct":15.4,"awaiting":3,"awaiting_pct":7.1,"coffee":2,"takeaway_pct":33.3,"pubs":3,"specialty":0,"chain_pct":2.4,"borough":"Newham"}},{"type":"Feature","geometry":{"type":"Polygon","coordinates":[[[-0.0126,51.54127],[-0.01931,51.54008],[-0.02054,51.53561],[-0.01507,51.53233],[-0.00836,51.53351],[-0.00713,51.53798],[-0.0126,51.54127]]]},"properties":{"id":"88194e6995fffff","n":20,"five_pct":80.0,"low_pct":0.0,"awaiting":0,"awaiting_pct":0.0,"coffee":0,"takeaway_pct":10.0,"pubs":4,"specialty":0,"chain_pct":0.0,"borough":"Newham"}},{"type":"Feature","geometry":{"type":"Polygon","coordinates":[[[0.05623,51.53641],[0.04952,51.53523],[0.04828,51.53076],[0.05375,51.52747],[0.06046,51.52866],[0.06169,51.53312],[0.05623,51.53641]]]},"properties":{"id":"88194e6887fffff","n":82,"five_pct":37.3,"low_pct":16.0,"awaiting":6,"awaiting_pct":7.3,"coffee":3,"takeaway_pct":34.1,"pubs":2,"specialty":0,"chain_pct":6.1,"borough":"Newham"}},{"type":"Feature","geometry":{"type":"Polygon","coordinates":[[[-0.00466,51.54692],[-0.01137,51.54574],[-0.0126,51.54127],[-0.00713,51.53798],[-0.00042,51.53917],[0.00081,51.54364],[-0.00466,51.54692]]]},"properties":{"id":"88194e699dfffff","n":138,"five_pct":65.9,"low_pct":5.9,"awaiting":3,"awaiting_pct":2.2,"coffee":11,"takeaway_pct":16.7,"pubs":5,"specialty":1,"chain_pct":12.3,"borough":"Newham"}},{"type":"Feature","geometry":{"type":"Polygon","coordinates":[[[0.05571,51.55756],[0.049,51.55638],[0.04776,51.55192],[0.05323,51.54863],[0.05994,51.54981],[0.06118,51.55428],[0.05571,51.55756]]]},"properties":{"id":"88194e68ebfffff","n":39,"five_pct":23.7,"low_pct":15.8,"awaiting":1,"awaiting_pct":2.6,"coffee":4,"takeaway_pct":38.5,"pubs":0,"specialty":0,"chain_pct":0.0,"borough":"Newham"}},{"type":"Feature","geometry":{"type":"Polygon","coordinates":[[[0.02447,51.5138],[0.01776,51.51262],[0.01653,51.50815],[0.022,51.50486],[0.0287,51.50605],[0.02993,51.51052],[0.02447,51.5138]]]},"properties":{"id":"88194ad243fffff","n":48,"five_pct":76.7,"low_pct":2.3,"awaiting":5,"awaiting_pct":10.4,"coffee":2,"takeaway_pct":25.0,"pubs":1,"specialty":0,"chain_pct":8.3,"borough":"Newham"}},{"type":"Feature","geometry":{"type":"Polygon","coordinates":[[[-0.00891,51.55468],[-0.01562,51.55349],[-0.01685,51.54902],[-0.01137,51.54574],[-0.00466,51.54692],[-0.00343,51.55139],[-0.00891,51.55468]]]},"properties":{"id":"88194e698bfffff","n":15,"five_pct":93.3,"low_pct":0.0,"awaiting":0,"awaiting_pct":0.0,"coffee":0,"takeaway_pct":0.0,"pubs":1,"specialty":0,"chain_pct":0.0,"borough":"Newham"}},{"type":"Feature","geometry":{"type":"Polygon","coordinates":[[[0.07685,51.51879],[0.07015,51.51761],[0.06891,51.51314],[0.07437,51.50986],[0.08108,51.51104],[0.08231,51.51551],[0.07685,51.51879]]]},"properties":{"id":"88194e6897fffff","n":6,"five_pct":80.0,"low_pct":0.0,"awaiting":1,"awaiting_pct":16.7,"coffee":0,"takeaway_pct":16.7,"pubs":0,"specialty":0,"chain_pct":0.0,"borough":"Newham"}},{"type":"Feature","geometry":{"type":"Polygon","coordinates":[[[0.0287,51.50605],[0.022,51.50486],[0.02076,51.50039],[0.02623,51.49711],[0.03293,51.49829],[0.03417,51.50276],[0.0287,51.50605]]]},"properties":{"id":"88194ad255fffff","n":21,"five_pct":60.0,"low_pct":5.0,"awaiting":1,"awaiting_pct":4.8,"coffee":1,"takeaway_pct":19.0,"pubs":1,"specialty":0,"chain_pct":4.8,"borough":"Newham"}},{"type":"Feature","geometry":{"type":"Polygon","coordinates":[[[0.08479,51.52444],[0.07809,51.52326],[0.07685,51.51879],[0.08231,51.51551],[0.08902,51.51669],[0.09026,51.52115],[0.08479,51.52444]]]},"properties":{"id":"88194e6891fffff","n":8,"five_pct":85.7,"low_pct":0.0,"awaiting":1,"awaiting_pct":12.5,"coffee":0,"takeaway_pct":0.0,"pubs":0,"specialty":0,"chain_pct":50.0,"borough":"Newham"}},{"type":"Feature","geometry":{"type":"Polygon","coordinates":[[[0.07262,51.52655],[0.06592,51.52537],[0.06468,51.5209],[0.07015,51.51761],[0.07685,51.51879],[0.07809,51.52326],[0.07262,51.52655]]]},"properties":{"id":"88194e6895fffff","n":9,"five_pct":88.9,"low_pct":0.0,"awaiting":0,"awaiting_pct":0.0,"coffee":1,"takeaway_pct":44.4,"pubs":0,"specialty":0,"chain_pct":55.6,"borough":"Newham"}},{"type":"Feature","geometry":{"type":"Polygon","coordinates":[[[0.06046,51.52866],[0.05375,51.52747],[0.05251,51.523],[0.05798,51.51972],[0.06468,51.5209],[0.06592,51.52537],[0.06046,51.52866]]]},"properties":{"id":"88194e68b9fffff","n":14,"five_pct":27.3,"low_pct":36.4,"awaiting":3,"awaiting_pct":21.4,"coffee":0,"takeaway_pct":57.1,"pubs":1,"specialty":0,"chain_pct":0.0,"borough":"Newham"}},{"type":"Feature","geometry":{"type":"Polygon","coordinates":[[[0.03982,51.54627],[0.03311,51.54509],[0.03188,51.54062],[0.03735,51.53733],[0.04405,51.53851],[0.04529,51.54298],[0.03982,51.54627]]]},"properties":{"id":"88194e68a9fffff","n":23,"five_pct":22.7,"low_pct":40.9,"awaiting":1,"awaiting_pct":4.3,"coffee":1,"takeaway_pct":34.8,"pubs":0,"specialty":0,"chain_pct":0.0,"borough":"Newham"}},{"type":"Feature","geometry":{"type":"Polygon","coordinates":[[[0.1049,51.52798],[0.0982,51.5268],[0.09696,51.52233],[0.10242,51.51904],[0.10912,51.52022],[0.11036,51.52469],[0.1049,51.52798]]]},"properties":{"id":"88194e6f25fffff","n":12,"five_pct":33.3,"low_pct":44.4,"awaiting":3,"awaiting_pct":25.0,"coffee":0,"takeaway_pct":33.3,"pubs":0,"specialty":0,"chain_pct":0.0,"borough":"Barking and Dagenham"}},{"type":"Feature","geometry":{"type":"Polygon","coordinates":[[[-0.08771,51.4769],[-0.09441,51.47571],[-0.09563,51.47123],[-0.09016,51.46795],[-0.08346,51.46914],[-0.08223,51.47362],[-0.08771,51.4769]]]},"properties":{"id":"88194ad15bfffff","n":95,"five_pct":58.4,"low_pct":2.2,"awaiting":6,"awaiting_pct":6.3,"coffee":4,"takeaway_pct":25.3,"pubs":8,"specialty":0,"chain_pct":4.2,"borough":"Southwark"}},{"type":"Feature","geometry":{"type":"Polygon","coordinates":[[[-0.09931,51.45781],[-0.10601,51.45661],[-0.10723,51.45214],[-0.10176,51.44886],[-0.09506,51.45005],[-0.09383,51.45452],[-0.09931,51.45781]]]},"properties":{"id":"88194ad11bfffff","n":40,"five_pct":74.4,"low_pct":5.1,"awaiting":1,"awaiting_pct":2.5,"coffee":3,"takeaway_pct":27.5,"pubs":3,"specialty":1,"chain_pct":2.5,"borough":"Lambeth"}},{"type":"Feature","geometry":{"type":"Polygon","coordinates":[[[-0.08713,51.45572],[-0.09383,51.45452],[-0.09506,51.45005],[-0.08958,51.44677],[-0.08288,51.44796],[-0.08166,51.45244],[-0.08713,51.45572]]]},"properties":{"id":"88194ad027fffff","n":16,"five_pct":81.2,"low_pct":0.0,"awaiting":0,"awaiting_pct":0.0,"coffee":0,"takeaway_pct":12.5,"pubs":1,"specialty":2,"chain_pct":6.2,"borough":"Southwark"}},{"type":"Feature","geometry":{"type":"Polygon","coordinates":[[[-0.0676,51.48048],[-0.0743,51.47929],[-0.07553,51.47481],[-0.07005,51.47153],[-0.06335,51.47272],[-0.06212,51.47719],[-0.0676,51.48048]]]},"properties":{"id":"88194ad061fffff","n":69,"five_pct":58.5,"low_pct":7.7,"awaiting":4,"awaiting_pct":5.8,"coffee":1,"takeaway_pct":50.7,"pubs":5,"specialty":0,"chain_pct":5.8,"borough":"Southwark"}},{"type":"Feature","geometry":{"type":"Polygon","coordinates":[[[-0.09196,51.48466],[-0.09866,51.48347],[-0.09989,51.47899],[-0.09441,51.47571],[-0.08771,51.4769],[-0.08648,51.48138],[-0.09196,51.48466]]]},"properties":{"id":"88194ad159fffff","n":43,"five_pct":62.2,"low_pct":2.7,"awaiting":6,"awaiting_pct":14.0,"coffee":2,"takeaway_pct":27.9,"pubs":2,"specialty":0,"chain_pct":0.0,"borough":"Southwark"}},{"type":"Feature","geometry":{"type":"Polygon","coordinates":[[[-0.07185,51.48823],[-0.07855,51.48704],[-0.07978,51.48257],[-0.0743,51.47929],[-0.0676,51.48048],[-0.06637,51.48495],[-0.07185,51.48823]]]},"properties":{"id":"88194ad06dfffff","n":13,"five_pct":83.3,"low_pct":8.3,"awaiting":1,"awaiting_pct":7.7,"coffee":0,"takeaway_pct":30.8,"pubs":2,"specialty":0,"chain_pct":7.7,"borough":"Southwark"}},{"type":"Feature","geometry":{"type":"Polygon","coordinates":[[[-0.07241,51.50941],[-0.07912,51.50822],[-0.08035,51.50375],[-0.07487,51.50046],[-0.06816,51.50165],[-0.06693,51.50613],[-0.07241,51.50941]]]},"properties":{"id":"88194ad303fffff","n":87,"five_pct":90.4,"low_pct":0.0,"awaiting":3,"awaiting_pct":3.4,"coffee":2,"takeaway_pct":5.7,"pubs":13,"specialty":0,"chain_pct":2.3,"borough":"Southwark"}},{"type":"Feature","geometry":{"type":"Polygon","coordinates":[[[-0.07128,51.46705],[-0.07798,51.46586],[-0.07921,51.46139],[-0.07373,51.4581],[-0.06703,51.4593],[-0.0658,51.46377],[-0.07128,51.46705]]]},"properties":{"id":"88194ad029fffff","n":38,"five_pct":71.4,"low_pct":2.9,"awaiting":3,"awaiting_pct":7.9,"coffee":2,"takeaway_pct":31.6,"pubs":4,"specialty":1,"chain_pct":2.6,"borough":"Southwark"}},{"type":"Feature","geometry":{"type":"Polygon","coordinates":[[[-0.37362,51.43417],[-0.38033,51.43295],[-0.38154,51.42847],[-0.37604,51.4252],[-0.36933,51.42641],[-0.36812,51.43089],[-0.37362,51.43417]]]},"properties":{"id":"88195d36d9fffff","n":6,"five_pct":60.0,"low_pct":0.0,"awaiting":1,"awaiting_pct":16.7,"coffee":0,"takeaway_pct":0.0,"pubs":1,"specialty":0,"chain_pct":0.0,"borough":"Richmond-Upon-Thames"}},{"type":"Feature","geometry":{"type":"Polygon","coordinates":[[[-0.08231,51.42677],[-0.08901,51.42558],[-0.09024,51.4211],[-0.08476,51.41782],[-0.07807,51.41901],[-0.07684,51.42349],[-0.08231,51.42677]]]},"properties":{"id":"88194ad1d5fffff","n":74,"five_pct":55.7,"low_pct":5.7,"awaiting":4,"awaiting_pct":5.4,"coffee":2,"takeaway_pct":16.2,"pubs":10,"specialty":0,"chain_pct":5.4,"borough":"Croydon"}},{"type":"Feature","geometry":{"type":"Polygon","coordinates":[[[-0.05117,51.47063],[-0.05788,51.46944],[-0.0591,51.46496],[-0.05363,51.46168],[-0.04693,51.46287],[-0.0457,51.46734],[-0.05117,51.47063]]]},"properties":{"id":"88194ad00dfffff","n":24,"five_pct":47.6,"low_pct":0.0,"awaiting":1,"awaiting_pct":4.2,"coffee":0,"takeaway_pct":37.5,"pubs":5,"specialty":0,"chain_pct":0.0,"borough":"Southwark"}},{"type":"Feature","geometry":{"type":"Polygon","coordinates":[[[-0.37724,51.42071],[-0.38395,51.4195],[-0.38515,51.41501],[-0.37965,51.41174],[-0.37294,51.41295],[-0.37174,51.41744],[-0.37724,51.42071]]]},"properties":{"id":"88195d36d3fffff","n":7,"five_pct":71.4,"low_pct":14.3,"awaiting":0,"awaiting_pct":0.0,"coffee":0,"takeaway_pct":14.3,"pubs":1,"specialty":0,"chain_pct":0.0,"borough":"Richmond-Upon-Thames"}},{"type":"Feature","geometry":{"type":"Polygon","coordinates":[[[-0.1084,51.4945],[-0.1151,51.49331],[-0.11633,51.48884],[-0.11084,51.48555],[-0.10414,51.48675],[-0.10292,51.49122],[-0.1084,51.4945]]]},"properties":{"id":"88194ad14bfffff","n":47,"five_pct":60.9,"low_pct":4.3,"awaiting":1,"awaiting_pct":2.1,"coffee":4,"takeaway_pct":25.5,"pubs":10,"specialty":0,"chain_pct":6.4,"borough":"Lambeth"}},{"type":"Feature","geometry":{"type":"Polygon","coordinates":[[[-0.08403,51.49032],[-0.09073,51.48913],[-0.09196,51.48466],[-0.08648,51.48138],[-0.07978,51.48257],[-0.07855,51.48704],[-0.08403,51.49032]]]},"properties":{"id":"88194ad333fffff","n":10,"five_pct":40.0,"low_pct":0.0,"awaiting":0,"awaiting_pct":0.0,"coffee":0,"takeaway_pct":50.0,"pubs":1,"specialty":0,"chain_pct":0.0,"borough":"Southwark"}},{"type":"Feature","geometry":{"type":"Polygon","coordinates":[[[-0.10898,51.51568],[-0.11568,51.51449],[-0.11691,51.51002],[-0.11143,51.50673],[-0.10472,51.50793],[-0.10349,51.5124],[-0.10898,51.51568]]]},"properties":{"id":"88194ad321fffff","n":126,"five_pct":73.3,"low_pct":6.0,"awaiting":10,"awaiting_pct":7.9,"coffee":6,"takeaway_pct":14.3,"pubs":14,"specialty":1,"chain_pct":4.8,"borough":"City of London Corporation"}},{"type":"Feature","geometry":{"type":"Polygon","coordinates":[[[-0.15537,51.43928],[-0.16207,51.43809],[-0.16329,51.43361],[-0.15781,51.43033],[-0.15111,51.43153],[-0.14988,51.436],[-0.15537,51.43928]]]},"properties":{"id":"88194adad1fffff","n":57,"five_pct":67.9,"low_pct":11.3,"awaiting":2,"awaiting_pct":3.5,"coffee":2,"takeaway_pct":8.8,"pubs":5,"specialty":0,"chain_pct":0.0,"borough":"Wandsworth"}},{"type":"Feature","geometry":{"type":"Polygon","coordinates":[[[-0.21692,51.47088],[-0.22363,51.46968],[-0.22484,51.4652],[-0.21935,51.46192],[-0.21265,51.46312],[-0.21143,51.4676],[-0.21692,51.47088]]]},"properties":{"id":"88194ada3bfffff","n":79,"five_pct":92.0,"low_pct":1.3,"awaiting":4,"awaiting_pct":5.1,"coffee":2,"takeaway_pct":10.1,"pubs":16,"specialty":1,"chain_pct":6.3,"borough":"Wandsworth"}},{"type":"Feature","geometry":{"type":"Polygon","coordinates":[[[-0.22912,51.47295],[-0.23583,51.47175],[-0.23704,51.46727],[-0.23155,51.46399],[-0.22484,51.4652],[-0.22363,51.46968],[-0.22912,51.47295]]]},"properties":{"id":"88194ada31fffff","n":6,"five_pct":80.0,"low_pct":0.0,"awaiting":1,"awaiting_pct":16.7,"coffee":1,"takeaway_pct":0.0,"pubs":0,"specialty":0,"chain_pct":0.0,"borough":"Wandsworth"}},{"type":"Feature","geometry":{"type":"Polygon","coordinates":[[[-0.31688,51.4316],[-0.32359,51.4304],[-0.3248,51.42591],[-0.3193,51.42264],[-0.3126,51.42385],[-0.31139,51.42833],[-0.31688,51.4316]]]},"properties":{"id":"88194ad9c1fffff","n":7,"five_pct":100.0,"low_pct":0.0,"awaiting":0,"awaiting_pct":0.0,"coffee":0,"takeaway_pct":0.0,"pubs":3,"specialty":0,"chain_pct":0.0,"borough":"Richmond-Upon-Thames"}},{"type":"Feature","geometry":{"type":"Polygon","coordinates":[[[-0.3743,51.45538],[-0.38101,51.45417],[-0.38222,51.44968],[-0.37672,51.44641],[-0.37001,51.44762],[-0.3688,51.4521],[-0.3743,51.45538]]]},"properties":{"id":"88194ad93dfffff","n":9,"five_pct":50.0,"low_pct":0.0,"awaiting":1,"awaiting_pct":11.1,"coffee":0,"takeaway_pct":55.6,"pubs":0,"specialty":0,"chain_pct":0.0,"borough":"Richmond-Upon-Thames"}},{"type":"Feature","geometry":{"type":"Polygon","coordinates":[[[-0.2456,51.48278],[-0.25231,51.48158],[-0.25352,51.4771],[-0.24803,51.47383],[-0.24132,51.47503],[-0.2401,51.47951],[-0.2456,51.48278]]]},"properties":{"id":"88194ada23fffff","n":11,"five_pct":90.0,"low_pct":0.0,"awaiting":1,"awaiting_pct":9.1,"coffee":0,"takeaway_pct":0.0,"pubs":3,"specialty":0,"chain_pct":0.0,"borough":"Richmond-Upon-Thames"}},{"type":"Feature","geometry":{"type":"Polygon","coordinates":[[[-0.1523,51.47391],[-0.159,51.47271],[-0.16023,51.46823],[-0.15474,51.46495],[-0.14804,51.46615],[-0.14682,51.47063],[-0.1523,51.47391]]]},"properties":{"id":"88194ad12bfffff","n":59,"five_pct":78.6,"low_pct":8.9,"awaiting":3,"awaiting_pct":5.1,"coffee":2,"takeaway_pct":28.8,"pubs":2,"specialty":0,"chain_pct":1.7,"borough":"Wandsworth"}},{"type":"Feature","geometry":{"type":"Polygon","coordinates":[[[0.01493,51.57163],[0.00822,51.57045],[0.00698,51.56598],[0.01246,51.56269],[0.01917,51.56388],[0.0204,51.56835],[0.01493,51.57163]]]},"properties":{"id":"88194e6837fffff","n":55,"five_pct":53.7,"low_pct":7.4,"awaiting":0,"awaiting_pct":0.0,"coffee":2,"takeaway_pct":9.1,"pubs":5,"specialty":1,"chain_pct":7.3,"borough":"Waltham Forest"}},{"type":"Feature","geometry":{"type":"Polygon","coordinates":[[[-0.04234,51.59554],[-0.04905,51.59435],[-0.05028,51.58988],[-0.0448,51.5866],[-0.03809,51.58778],[-0.03685,51.59225],[-0.04234,51.59554]]]},"properties":{"id":"88194e6915fffff","n":21,"five_pct":65.0,"low_pct":0.0,"awaiting":1,"awaiting_pct":4.8,"coffee":2,"takeaway_pct":14.3,"pubs":4,"specialty":0,"chain_pct":14.3,"borough":"Waltham Forest"}},{"type":"Feature","geometry":{"type":"Polygon","coordinates":[[[-0.04178,51.57438],[-0.04849,51.57319],[-0.04972,51.56872],[-0.04424,51.56544],[-0.03753,51.56663],[-0.0363,51.57109],[-0.04178,51.57438]]]},"properties":{"id":"88194e69e1fffff","n":12,"five_pct":58.3,"low_pct":25.0,"awaiting":0,"awaiting_pct":0.0,"coffee":0,"takeaway_pct":0.0,"pubs":0,"specialty":1,"chain_pct":0.0,"borough":"Waltham Forest"}},{"type":"Feature","geometry":{"type":"Polygon","coordinates":[[[-0.16449,51.47599],[-0.17119,51.47479],[-0.17242,51.47031],[-0.16693,51.46704],[-0.16023,51.46823],[-0.159,51.47271],[-0.16449,51.47599]]]},"properties":{"id":"88194ad121fffff","n":38,"five_pct":64.7,"low_pct":11.8,"awaiting":4,"awaiting_pct":10.5,"coffee":3,"takeaway_pct":21.1,"pubs":4,"specialty":0,"chain_pct":0.0,"borough":"Wandsworth"}},{"type":"Feature","geometry":{"type":"Polygon","coordinates":[[[-0.13218,51.47749],[-0.13889,51.4763],[-0.14011,51.47182],[-0.13463,51.46854],[-0.12793,51.46974],[-0.1267,51.47421],[-0.13218,51.47749]]]},"properties":{"id":"88194ad101fffff","n":31,"five_pct":29.6,"low_pct":18.5,"awaiting":4,"awaiting_pct":12.9,"coffee":1,"takeaway_pct":19.4,"pubs":3,"specialty":0,"chain_pct":3.2,"borough":"Lambeth"}},{"type":"Feature","geometry":{"type":"Polygon","coordinates":[[[-0.1407,51.49301],[-0.14741,51.49181],[-0.14863,51.48734],[-0.14315,51.48406],[-0.13644,51.48525],[-0.13522,51.48973],[-0.1407,51.49301]]]},"properties":{"id":"88194ad16bfffff","n":46,"five_pct":40.9,"low_pct":6.8,"awaiting":0,"awaiting_pct":0.0,"coffee":4,"takeaway_pct":6.5,"pubs":2,"specialty":1,"chain_pct":4.3,"borough":"Westminster"}},{"type":"Feature","geometry":{"type":"Polygon","coordinates":[[[-0.16203,51.53178],[-0.16874,51.53059],[-0.16996,51.52611],[-0.16447,51.52283],[-0.15776,51.52403],[-0.15654,51.5285],[-0.16203,51.53178]]]},"properties":{"id":"88195da481fffff","n":16,"five_pct":66.7,"low_pct":0.0,"awaiting":0,"awaiting_pct":0.0,"coffee":0,"takeaway_pct":12.5,"pubs":1,"specialty":0,"chain_pct":0.0,"borough":"Westminster"}},{"type":"Feature","geometry":{"type":"Polygon","coordinates":[[[-0.15349,51.51627],[-0.1602,51.51508],[-0.16143,51.5106],[-0.15594,51.50732],[-0.14923,51.50852],[-0.14801,51.51299],[-0.15349,51.51627]]]},"properties":{"id":"88195da495fffff","n":163,"five_pct":84.6,"low_pct":3.2,"awaiting":5,"awaiting_pct":3.1,"coffee":5,"takeaway_pct":11.7,"pubs":4,"specialty":1,"chain_pct":6.7,"borough":"Westminster"}},{"type":"Feature","geometry":{"type":"Polygon","coordinates":[[[-0.1413,51.51419],[-0.14801,51.51299],[-0.14923,51.50852],[-0.14374,51.50524],[-0.13703,51.50643],[-0.13581,51.51091],[-0.1413,51.51419]]]},"properties":{"id":"88195da491fffff","n":354,"five_pct":79.2,"low_pct":3.5,"awaiting":9,"awaiting_pct":2.5,"coffee":18,"takeaway_pct":4.2,"pubs":16,"specialty":4,"chain_pct":4.2,"borough":"Westminster"}},{"type":"Feature","geometry":{"type":"Polygon","coordinates":[[[-0.29339,51.58926],[-0.30012,51.58806],[-0.30133,51.58358],[-0.29582,51.58031],[-0.2891,51.58151],[-0.28788,51.58598],[-0.29339,51.58926]]]},"properties":{"id":"88195da53dfffff","n":9,"five_pct":55.6,"low_pct":22.2,"awaiting":0,"awaiting_pct":0.0,"coffee":0,"takeaway_pct":44.4,"pubs":1,"specialty":0,"chain_pct":0.0,"borough":"Harrow"}},{"type":"Feature","geometry":{"type":"Polygon","coordinates":[[[0.11211,51.39322],[0.10542,51.39203],[0.10418,51.38756],[0.10963,51.38427],[0.11632,51.38546],[0.11756,51.38993],[0.11211,51.39322]]]},"properties":{"id":"88194ad75bfffff","n":13,"five_pct":58.3,"low_pct":0.0,"awaiting":1,"awaiting_pct":7.7,"coffee":0,"takeaway_pct":38.5,"pubs":0,"specialty":0,"chain_pct":7.7,"borough":"Bromley"}},{"type":"Feature","geometry":{"type":"Polygon","coordinates":[[[-0.02942,51.41065],[-0.03611,51.40946],[-0.03734,51.40498],[-0.03188,51.4017],[-0.02518,51.40289],[-0.02396,51.40736],[-0.02942,51.41065]]]},"properties":{"id":"88194ad085fffff","n":54,"five_pct":83.3,"low_pct":0.0,"awaiting":0,"awaiting_pct":0.0,"coffee":3,"takeaway_pct":16.7,"pubs":5,"specialty":0,"chain_pct":13.0,"borough":"Bromley"}},{"type":"Feature","geometry":{"type":"Polygon","coordinates":[[[0.07519,51.42071],[0.06849,51.41953],[0.06726,51.41505],[0.07271,51.41177],[0.0794,51.41295],[0.08064,51.41742],[0.07519,51.42071]]]},"properties":{"id":"88194ad74dfffff","n":13,"five_pct":92.3,"low_pct":0.0,"awaiting":0,"awaiting_pct":0.0,"coffee":1,"takeaway_pct":0.0,"pubs":3,"specialty":0,"chain_pct":0.0,"borough":"Bromley"}},{"type":"Feature","geometry":{"type":"Polygon","coordinates":[[[-0.05374,51.41483],[-0.06043,51.41364],[-0.06166,51.40916],[-0.05619,51.40588],[-0.0495,51.40707],[-0.04827,51.41155],[-0.05374,51.41483]]]},"properties":{"id":"88194ad0adfffff","n":24,"five_pct":77.3,"low_pct":0.0,"awaiting":0,"awaiting_pct":0.0,"coffee":1,"takeaway_pct":25.0,"pubs":6,"specialty":0,"chain_pct":0.0,"borough":"Bromley"}},{"type":"Feature","geometry":{"type":"Polygon","coordinates":[[[-0.07015,51.42468],[-0.07684,51.42349],[-0.07807,51.41901],[-0.0726,51.41573],[-0.0659,51.41692],[-0.06468,51.4214],[-0.07015,51.42468]]]},"properties":{"id":"88194ad1d1fffff","n":16,"five_pct":75.0,"low_pct":18.8,"awaiting":0,"awaiting_pct":0.0,"coffee":1,"takeaway_pct":25.0,"pubs":0,"specialty":0,"chain_pct":0.0,"borough":"Bromley"}},{"type":"Feature","geometry":{"type":"Polygon","coordinates":[[[0.04401,51.37689],[0.03732,51.3757],[0.03609,51.37122],[0.04154,51.36794],[0.04823,51.36912],[0.04946,51.3736],[0.04401,51.37689]]]},"properties":{"id":"88194ad735fffff","n":7,"five_pct":57.1,"low_pct":0.0,"awaiting":0,"awaiting_pct":0.0,"coffee":0,"takeaway_pct":14.3,"pubs":3,"specialty":0,"chain_pct":14.3,"borough":"Bromley"}},{"type":"Feature","geometry":{"type":"Polygon","coordinates":[[[0.05615,51.37479],[0.04946,51.3736],[0.04823,51.36912],[0.05368,51.36584],[0.06037,51.36702],[0.0616,51.3715],[0.05615,51.37479]]]},"properties":{"id":"88194ad731fffff","n":17,"five_pct":76.5,"low_pct":5.9,"awaiting":0,"awaiting_pct":0.0,"coffee":1,"takeaway_pct":17.6,"pubs":3,"specialty":0,"chain_pct":5.9,"borough":"Bromley"}},{"type":"Feature","geometry":{"type":"Polygon","coordinates":[[[-0.06166,51.40916],[-0.06835,51.40797],[-0.06958,51.40349],[-0.06411,51.40021],[-0.05742,51.4014],[-0.05619,51.40588],[-0.06166,51.40916]]]},"properties":{"id":"88194ad0a5fffff","n":9,"five_pct":75.0,"low_pct":0.0,"awaiting":1,"awaiting_pct":11.1,"coffee":0,"takeaway_pct":55.6,"pubs":0,"specialty":0,"chain_pct":0.0,"borough":"Bromley"}},{"type":"Feature","geometry":{"type":"Polygon","coordinates":[[[0.01074,51.41779],[0.00404,51.4166],[0.00281,51.41213],[0.00827,51.40884],[0.01497,51.41003],[0.0162,51.4145],[0.01074,51.41779]]]},"properties":{"id":"88194ad0ddfffff","n":9,"five_pct":66.7,"low_pct":0.0,"awaiting":0,"awaiting_pct":0.0,"coffee":0,"takeaway_pct":22.2,"pubs":1,"specialty":0,"chain_pct":0.0,"borough":"Bromley"}},{"type":"Feature","geometry":{"type":"Polygon","coordinates":[[[0.03504,51.41359],[0.02835,51.41241],[0.02712,51.40793],[0.03257,51.40465],[0.03926,51.40583],[0.0405,51.41031],[0.03504,51.41359]]]},"properties":{"id":"88194ad765fffff","n":8,"five_pct":87.5,"low_pct":12.5,"awaiting":0,"awaiting_pct":0.0,"coffee":1,"takeaway_pct":25.0,"pubs":2,"specialty":0,"chain_pct":0.0,"borough":"Bromley"}},{"type":"Feature","geometry":{"type":"Polygon","coordinates":[[[0.01866,51.42345],[0.01197,51.42226],[0.01074,51.41779],[0.0162,51.4145],[0.02289,51.41569],[0.02412,51.42017],[0.01866,51.42345]]]},"properties":{"id":"88194ad2b7fffff","n":8,"five_pct":62.5,"low_pct":0.0,"awaiting":0,"awaiting_pct":0.0,"coffee":0,"takeaway_pct":25.0,"pubs":1,"specialty":0,"chain_pct":0.0,"borough":"Bromley"}},{"type":"Feature","geometry":{"type":"Polygon","coordinates":[[[0.10418,51.38756],[0.0975,51.38638],[0.09626,51.3819],[0.10171,51.37862],[0.1084,51.3798],[0.10963,51.38427],[0.10418,51.38756]]]},"properties":{"id":"88194ad753fffff","n":20,"five_pct":45.0,"low_pct":5.0,"awaiting":0,"awaiting_pct":0.0,"coffee":0,"takeaway_pct":45.0,"pubs":2,"specialty":0,"chain_pct":0.0,"borough":"Bromley"}},{"type":"Feature","geometry":{"type":"Polygon","coordinates":[[[0.04667,51.43267],[0.03997,51.43149],[0.03874,51.42701],[0.0442,51.42373],[0.05089,51.42491],[0.05212,51.42939],[0.04667,51.43267]]]},"properties":{"id":"88194ad295fffff","n":9,"five_pct":55.6,"low_pct":0.0,"awaiting":0,"awaiting_pct":0.0,"coffee":0,"takeaway_pct":55.6,"pubs":0,"specialty":0,"chain_pct":11.1,"borough":"Bromley"}},{"type":"Feature","geometry":{"type":"Polygon","coordinates":[[[0.07672,51.35716],[0.07003,51.35597],[0.0688,51.3515],[0.07425,51.34821],[0.08093,51.3494],[0.08216,51.35387],[0.07672,51.35716]]]},"properties":{"id":"88194ad461fffff","n":6,"five_pct":66.7,"low_pct":0.0,"awaiting":0,"awaiting_pct":0.0,"coffee":0,"takeaway_pct":0.0,"pubs":3,"specialty":0,"chain_pct":0.0,"borough":"Bromley"}},{"type":"Feature","geometry":{"type":"Polygon","coordinates":[[[-0.00565,51.42765],[-0.01234,51.42646],[-0.01357,51.42198],[-0.00811,51.4187],[-0.00142,51.41989],[-0.00019,51.42436],[-0.00565,51.42765]]]},"properties":{"id":"88194ad0c1fffff","n":31,"five_pct":64.3,"low_pct":3.6,"awaiting":3,"awaiting_pct":9.7,"coffee":2,"takeaway_pct":38.7,"pubs":1,"specialty":0,"chain_pct":9.7,"borough":"Lewisham"}},{"type":"Feature","geometry":{"type":"Polygon","coordinates":[[[-0.08966,51.39991],[-0.09636,51.39871],[-0.09758,51.39423],[-0.09211,51.39095],[-0.08542,51.39215],[-0.08419,51.39662],[-0.08966,51.39991]]]},"properties":{"id":"88194ad197fffff","n":33,"five_pct":45.5,"low_pct":6.1,"awaiting":0,"awaiting_pct":0.0,"coffee":1,"takeaway_pct":60.6,"pubs":2,"specialty":0,"chain_pct":6.1,"borough":"Croydon"}},{"type":"Feature","geometry":{"type":"Polygon","coordinates":[[[-0.04471,51.37812],[-0.0514,51.37692],[-0.05262,51.37245],[-0.04716,51.36916],[-0.04047,51.37036],[-0.03924,51.37483],[-0.04471,51.37812]]]},"properties":{"id":"88194ac25dfffff","n":16,"five_pct":62.5,"low_pct":6.2,"awaiting":0,"awaiting_pct":0.0,"coffee":0,"takeaway_pct":25.0,"pubs":0,"specialty":0,"chain_pct":0.0,"borough":"Croydon"}},{"type":"Feature","geometry":{"type":"Polygon","coordinates":[[[-0.12016,51.33479],[-0.12685,51.33359],[-0.12807,51.32911],[-0.1226,51.32582],[-0.11592,51.32702],[-0.11469,51.33151],[-0.12016,51.33479]]]},"properties":{"id":"88194ac009fffff","n":7,"five_pct":33.3,"low_pct":0.0,"awaiting":1,"awaiting_pct":14.3,"coffee":0,"takeaway_pct":85.7,"pubs":0,"specialty":0,"chain_pct":0.0,"borough":"Croydon"}},{"type":"Feature","geometry":{"type":"Polygon","coordinates":[[[-0.07326,51.39006],[-0.07995,51.38886],[-0.08117,51.38439],[-0.07571,51.3811],[-0.06902,51.3823],[-0.06779,51.38678],[-0.07326,51.39006]]]},"properties":{"id":"88194ac245fffff","n":13,"five_pct":66.7,"low_pct":0.0,"awaiting":0,"awaiting_pct":0.0,"coffee":0,"takeaway_pct":53.8,"pubs":1,"specialty":0,"chain_pct":0.0,"borough":"Croydon"}},{"type":"Feature","geometry":{"type":"Polygon","coordinates":[[[-0.08117,51.38439],[-0.08787,51.38319],[-0.08909,51.37871],[-0.08362,51.37543],[-0.07693,51.37662],[-0.07571,51.3811],[-0.08117,51.38439]]]},"properties":{"id":"88194ac26bfffff","n":29,"five_pct":44.8,"low_pct":13.8,"awaiting":0,"awaiting_pct":0.0,"coffee":1,"takeaway_pct":55.2,"pubs":2,"specialty":0,"chain_pct":0.0,"borough":"Croydon"}},{"type":"Feature","geometry":{"type":"Polygon","coordinates":[[[-0.11708,51.36944],[-0.12377,51.36824],[-0.12499,51.36376],[-0.11952,51.36048],[-0.11283,51.36168],[-0.11161,51.36616],[-0.11708,51.36944]]]},"properties":{"id":"88194ac225fffff","n":22,"five_pct":72.7,"low_pct":4.5,"awaiting":0,"awaiting_pct":0.0,"coffee":0,"takeaway_pct":50.0,"pubs":0,"specialty":0,"chain_pct":4.5,"borough":"Croydon"}},{"type":"Feature","geometry":{"type":"Polygon","coordinates":[[[-0.11283,51.36168],[-0.11952,51.36048],[-0.12074,51.356],[-0.11528,51.35272],[-0.10859,51.35391],[-0.10736,51.3584],[-0.11283,51.36168]]]},"properties":{"id":"88194ac227fffff","n":8,"five_pct":100.0,"low_pct":0.0,"awaiting":0,"awaiting_pct":0.0,"coffee":1,"takeaway_pct":0.0,"pubs":0,"specialty":0,"chain_pct":37.5,"borough":"Croydon"}},{"type":"Feature","geometry":{"type":"Polygon","coordinates":[[[-0.11341,51.38288],[-0.12011,51.38168],[-0.12133,51.3772],[-0.11586,51.37392],[-0.10917,51.37512],[-0.10794,51.3796],[-0.11341,51.38288]]]},"properties":{"id":"88194ac35bfffff","n":7,"five_pct":50.0,"low_pct":33.3,"awaiting":1,"awaiting_pct":14.3,"coffee":1,"takeaway_pct":71.4,"pubs":0,"specialty":0,"chain_pct":14.3,"borough":"Croydon"}},{"type":"Feature","geometry":{"type":"Polygon","coordinates":[[[-0.06958,51.40349],[-0.07627,51.4023],[-0.0775,51.39782],[-0.07203,51.39454],[-0.06534,51.39573],[-0.06411,51.40021],[-0.06958,51.40349]]]},"properties":{"id":"88194ad19bfffff","n":57,"five_pct":57.4,"low_pct":5.6,"awaiting":3,"awaiting_pct":5.3,"coffee":2,"takeaway_pct":35.1,"pubs":6,"specialty":0,"chain_pct":5.3,"borough":"Croydon"}},{"type":"Feature","geometry":{"type":"Polygon","coordinates":[[[-0.11825,51.41184],[-0.12494,51.41064],[-0.12616,51.40616],[-0.12069,51.40288],[-0.11399,51.40408],[-0.11277,51.40856],[-0.11825,51.41184]]]},"properties":{"id":"88194ad1bdfffff","n":45,"five_pct":62.5,"low_pct":5.0,"awaiting":5,"awaiting_pct":11.1,"coffee":1,"takeaway_pct":51.1,"pubs":1,"specialty":0,"chain_pct":6.7,"borough":"Croydon"}},{"type":"Feature","geometry":{"type":"Polygon","coordinates":[[[-0.1225,51.4196],[-0.1292,51.4184],[-0.13042,51.41392],[-0.12494,51.41064],[-0.11825,51.41184],[-0.11702,51.41632],[-0.1225,51.4196]]]},"properties":{"id":"88194ad1abfffff","n":30,"five_pct":26.7,"low_pct":10.0,"awaiting":0,"awaiting_pct":0.0,"coffee":1,"takeaway_pct":50.0,"pubs":0,"specialty":0,"chain_pct":3.3,"borough":"Croydon"}},{"type":"Feature","geometry":{"type":"Polygon","coordinates":[[[-0.0758,51.33422],[-0.08248,51.33302],[-0.08371,51.32854],[-0.07824,51.32525],[-0.07156,51.32645],[-0.07034,51.33093],[-0.0758,51.33422]]]},"properties":{"id":"88194ac2e5fffff","n":6,"five_pct":66.7,"low_pct":0.0,"awaiting":0,"awaiting_pct":0.0,"coffee":0,"takeaway_pct":16.7,"pubs":0,"specialty":0,"chain_pct":0.0,"borough":"Croydon"}},{"type":"Feature","geometry":{"type":"Polygon","coordinates":[[[-0.3301,51.59548],[-0.33683,51.59427],[-0.33804,51.5898],[-0.33253,51.58652],[-0.3258,51.58772],[-0.32459,51.5922],[-0.3301,51.59548]]]},"properties":{"id":"88195dae1bfffff","n":49,"five_pct":40.5,"low_pct":4.8,"awaiting":7,"awaiting_pct":14.3,"coffee":0,"takeaway_pct":30.6,"pubs":1,"specialty":0,"chain_pct":2.0,"borough":"Harrow"}},{"type":"Feature","geometry":{"type":"Polygon","coordinates":[[[-0.29769,51.59701],[-0.30441,51.59581],[-0.30563,51.59133],[-0.30012,51.58806],[-0.29339,51.58926],[-0.29218,51.59373],[-0.29769,51.59701]]]},"properties":{"id":"88195da52bfffff","n":17,"five_pct":80.0,"low_pct":0.0,"awaiting":2,"awaiting_pct":11.8,"coffee":0,"takeaway_pct":17.6,"pubs":0,"specialty":0,"chain_pct":0.0,"borough":"Harrow"}},{"type":"Feature","geometry":{"type":"Polygon","coordinates":[[[-0.37114,51.60943],[-0.37787,51.60823],[-0.37908,51.60375],[-0.37356,51.60048],[-0.36683,51.60168],[-0.36562,51.60616],[-0.37114,51.60943]]]},"properties":{"id":"88195dae07fffff","n":25,"five_pct":72.0,"low_pct":0.0,"awaiting":0,"awaiting_pct":0.0,"coffee":2,"takeaway_pct":16.0,"pubs":0,"specialty":0,"chain_pct":0.0,"borough":"Harrow"}},{"type":"Feature","geometry":{"type":"Polygon","coordinates":[[[-0.34167,51.57636],[-0.3484,51.57516],[-0.34961,51.57068],[-0.34409,51.56741],[-0.33737,51.56861],[-0.33616,51.57309],[-0.34167,51.57636]]]},"properties":{"id":"88195daeebfffff","n":12,"five_pct":63.6,"low_pct":0.0,"awaiting":1,"awaiting_pct":8.3,"coffee":1,"takeaway_pct":16.7,"pubs":2,"specialty":0,"chain_pct":0.0,"borough":"Harrow"}},{"type":"Feature","geometry":{"type":"Polygon","coordinates":[[[-0.31488,51.62801],[-0.32161,51.6268],[-0.32282,51.62233],[-0.31731,51.61906],[-0.31058,51.62026],[-0.30937,51.62473],[-0.31488,51.62801]]]},"properties":{"id":"88195da0b3fffff","n":7,"five_pct":100.0,"low_pct":0.0,"awaiting":1,"awaiting_pct":14.3,"coffee":0,"takeaway_pct":0.0,"pubs":0,"specialty":0,"chain_pct":0.0,"borough":"Harrow"}},{"type":"Feature","geometry":{"type":"Polygon","coordinates":[[[-0.33871,51.61098],[-0.34543,51.60977],[-0.34665,51.60529],[-0.34113,51.60202],[-0.3344,51.60323],[-0.33319,51.6077],[-0.33871,51.61098]]]},"properties":{"id":"88195dae57fffff","n":26,"five_pct":58.3,"low_pct":8.3,"awaiting":2,"awaiting_pct":7.7,"coffee":0,"takeaway_pct":30.8,"pubs":3,"specialty":0,"chain_pct":11.5,"borough":"Harrow"}},{"type":"Feature","geometry":{"type":"Polygon","coordinates":[[[-0.30992,51.59908],[-0.31665,51.59788],[-0.31786,51.5934],[-0.31235,51.59013],[-0.30563,51.59133],[-0.30441,51.59581],[-0.30992,51.59908]]]},"properties":{"id":"88195da521fffff","n":5,"five_pct":60.0,"low_pct":0.0,"awaiting":0,"awaiting_pct":0.0,"coffee":0,"takeaway_pct":0.0,"pubs":1,"specialty":0,"chain_pct":0.0,"borough":"Harrow"}},{"type":"Feature","geometry":{"type":"Polygon","coordinates":[[[-0.36978,51.56706],[-0.3765,51.56586],[-0.37771,51.56138],[-0.3722,51.5581],[-0.36547,51.55931],[-0.36426,51.56379],[-0.36978,51.56706]]]},"properties":{"id":"88195daeadfffff","n":20,"five_pct":55.0,"low_pct":5.0,"awaiting":0,"awaiting_pct":0.0,"coffee":0,"takeaway_pct":40.0,"pubs":1,"specialty":0,"chain_pct":0.0,"borough":"Harrow"}},{"type":"Feature","geometry":{"type":"Polygon","coordinates":[[[-0.33077,51.61665],[-0.33749,51.61545],[-0.33871,51.61098],[-0.33319,51.6077],[-0.32646,51.6089],[-0.32525,51.61338],[-0.33077,51.61665]]]},"properties":{"id":"88195dae51fffff","n":6,"five_pct":66.7,"low_pct":0.0,"awaiting":0,"awaiting_pct":0.0,"coffee":0,"takeaway_pct":0.0,"pubs":2,"specialty":0,"chain_pct":0.0,"borough":"Harrow"}},{"type":"Feature","geometry":{"type":"Polygon","coordinates":[[[-0.27387,51.61403],[-0.28059,51.61283],[-0.28181,51.60836],[-0.2763,51.60508],[-0.26957,51.60628],[-0.26836,51.61076],[-0.27387,51.61403]]]},"properties":{"id":"88195da547fffff","n":51,"five_pct":47.9,"low_pct":6.2,"awaiting":3,"awaiting_pct":5.9,"coffee":1,"takeaway_pct":25.5,"pubs":2,"specialty":0,"chain_pct":5.9,"borough":"Barnet"}},{"type":"Feature","geometry":{"type":"Polygon","coordinates":[[[-0.39133,51.60581],[-0.39806,51.60461],[-0.39926,51.60013],[-0.39374,51.59686],[-0.38701,51.59806],[-0.38581,51.60254],[-0.39133,51.60581]]]},"properties":{"id":"88195dae23fffff","n":7,"five_pct":83.3,"low_pct":0.0,"awaiting":1,"awaiting_pct":14.3,"coffee":0,"takeaway_pct":0.0,"pubs":1,"specialty":0,"chain_pct":14.3,"borough":"Harrow"}},{"type":"Feature","geometry":{"type":"Polygon","coordinates":[[[-0.45266,51.4967],[-0.45938,51.49548],[-0.46058,51.49099],[-0.45506,51.48772],[-0.44835,51.48894],[-0.44714,51.49342],[-0.45266,51.4967]]]},"properties":{"id":"88195d366bfffff","n":5,"five_pct":null,"low_pct":null,"awaiting":1,"awaiting_pct":20.0,"coffee":0,"takeaway_pct":0.0,"pubs":2,"specialty":0,"chain_pct":0.0,"borough":"Hillingdon"}},{"type":"Feature","geometry":{"type":"Polygon","coordinates":[[[-0.43823,51.55049],[-0.44495,51.54928],[-0.44616,51.5448],[-0.44063,51.54153],[-0.43391,51.54274],[-0.43271,51.54722],[-0.43823,51.55049]]]},"properties":{"id":"88195dac37fffff","n":8,"five_pct":0.0,"low_pct":0.0,"awaiting":3,"awaiting_pct":37.5,"coffee":1,"takeaway_pct":37.5,"pubs":0,"specialty":0,"chain_pct":0.0,"borough":"Hillingdon"}},{"type":"Feature","geometry":{"type":"Polygon","coordinates":[[[-0.02,51.51445],[-0.0267,51.51326],[-0.02793,51.50879],[-0.02246,51.5055],[-0.01576,51.50669],[-0.01452,51.51116],[-0.02,51.51445]]]},"properties":{"id":"88194ad267fffff","n":33,"five_pct":83.9,"low_pct":3.2,"awaiting":2,"awaiting_pct":6.1,"coffee":1,"takeaway_pct":6.1,"pubs":3,"specialty":1,"chain_pct":0.0,"borough":"Tower Hamlets"}},{"type":"Feature","geometry":{"type":"Polygon","coordinates":[[[-0.07355,51.55175],[-0.08026,51.55056],[-0.08149,51.54609],[-0.076,51.54281],[-0.06929,51.544],[-0.06807,51.54847],[-0.07355,51.55175]]]},"properties":{"id":"88195da69bfffff","n":170,"five_pct":55.5,"low_pct":9.1,"awaiting":5,"awaiting_pct":2.9,"coffee":5,"takeaway_pct":15.3,"pubs":13,"specialty":1,"chain_pct":2.9,"borough":"Hackney"}},{"type":"Feature","geometry":{"type":"Polygon","coordinates":[[[-0.03476,51.46078],[-0.04146,51.45959],[-0.04269,51.45511],[-0.03722,51.45183],[-0.03052,51.45302],[-0.02929,51.45749],[-0.03476,51.46078]]]},"properties":{"id":"88194ad00bfffff","n":34,"five_pct":54.8,"low_pct":0.0,"awaiting":2,"awaiting_pct":5.9,"coffee":0,"takeaway_pct":47.1,"pubs":4,"specialty":0,"chain_pct":0.0,"borough":"Lewisham"}},{"type":"Feature","geometry":{"type":"Polygon","coordinates":[[[-0.03531,51.48195],[-0.04202,51.48076],[-0.04324,51.47629],[-0.03777,51.47301],[-0.03107,51.4742],[-0.02984,51.47867],[-0.03531,51.48195]]]},"properties":{"id":"88194ad041fffff","n":45,"five_pct":42.5,"low_pct":2.5,"awaiting":5,"awaiting_pct":11.1,"coffee":3,"takeaway_pct":35.6,"pubs":5,"specialty":0,"chain_pct":2.2,"borough":"Lewisham"}},{"type":"Feature","geometry":{"type":"Polygon","coordinates":[[[0.00174,51.45449],[-0.00496,51.4533],[-0.00619,51.44883],[-0.00073,51.44554],[0.00597,51.44673],[0.0072,51.4512],[0.00174,51.45449]]]},"properties":{"id":"88194ad2adfffff","n":22,"five_pct":66.7,"low_pct":0.0,"awaiting":1,"awaiting_pct":4.5,"coffee":0,"takeaway_pct":31.8,"pubs":1,"specialty":0,"chain_pct":4.5,"borough":"Lewisham"}},{"type":"Feature","geometry":{"type":"Polygon","coordinates":[[[-0.02997,51.43184],[-0.03667,51.43064],[-0.03789,51.42617],[-0.03243,51.42289],[-0.02573,51.42408],[-0.0245,51.42855],[-0.02997,51.43184]]]},"properties":{"id":"88194ad0e9fffff","n":10,"five_pct":75.0,"low_pct":0.0,"awaiting":2,"awaiting_pct":20.0,"coffee":0,"takeaway_pct":10.0,"pubs":3,"specialty":0,"chain_pct":20.0,"borough":"Lewisham"}},{"type":"Feature","geometry":{"type":"Polygon","coordinates":[[[-0.02628,51.44526],[-0.03298,51.44407],[-0.03421,51.43959],[-0.02874,51.43631],[-0.02204,51.4375],[-0.02082,51.44197],[-0.02628,51.44526]]]},"properties":{"id":"88194ad011fffff","n":11,"five_pct":63.6,"low_pct":9.1,"awaiting":0,"awaiting_pct":0.0,"coffee":1,"takeaway_pct":63.6,"pubs":0,"specialty":0,"chain_pct":0.0,"borough":"Lewisham"}},{"type":"Feature","geometry":{"type":"Polygon","coordinates":[[[-0.04213,51.43393],[-0.04883,51.43274],[-0.05006,51.42826],[-0.04459,51.42498],[-0.03789,51.42617],[-0.03667,51.43064],[-0.04213,51.43393]]]},"properties":{"id":"88194ad0edfffff","n":17,"five_pct":50.0,"low_pct":0.0,"awaiting":1,"awaiting_pct":5.9,"coffee":0,"takeaway_pct":64.7,"pubs":2,"specialty":0,"chain_pct":0.0,"borough":"Lewisham"}},{"type":"Feature","geometry":{"type":"Polygon","coordinates":[[[0.01443,51.43121],[0.00774,51.43002],[0.00651,51.42555],[0.01197,51.42226],[0.01866,51.42345],[0.01989,51.42793],[0.01443,51.43121]]]},"properties":{"id":"88194ad2b5fffff","n":11,"five_pct":70.0,"low_pct":0.0,"awaiting":0,"awaiting_pct":0.0,"coffee":0,"takeaway_pct":54.5,"pubs":0,"specialty":0,"chain_pct":0.0,"borough":"Lewisham"}},{"type":"Feature","geometry":{"type":"Polygon","coordinates":[[[-0.03107,51.4742],[-0.03777,51.47301],[-0.039,51.46853],[-0.03353,51.46525],[-0.02683,51.46644],[-0.0256,51.47091],[-0.03107,51.4742]]]},"properties":{"id":"88194ad043fffff","n":23,"five_pct":9.5,"low_pct":9.5,"awaiting":2,"awaiting_pct":8.7,"coffee":0,"takeaway_pct":43.5,"pubs":2,"specialty":0,"chain_pct":4.3,"borough":"Lewisham"}},{"type":"Feature","geometry":{"type":"Polygon","coordinates":[[[-0.03162,51.49537],[-0.03833,51.49418],[-0.03956,51.48971],[-0.03408,51.48643],[-0.02738,51.48762],[-0.02615,51.49209],[-0.03162,51.49537]]]},"properties":{"id":"88194ad227fffff","n":8,"five_pct":66.7,"low_pct":0.0,"awaiting":2,"awaiting_pct":25.0,"coffee":0,"takeaway_pct":12.5,"pubs":1,"specialty":0,"chain_pct":0.0,"borough":"Lewisham"}},{"type":"Feature","geometry":{"type":"Polygon","coordinates":[[[-0.01097,51.47776],[-0.01767,51.47657],[-0.0189,51.4721],[-0.01343,51.46882],[-0.00673,51.47001],[-0.0055,51.47448],[-0.01097,51.47776]]]},"properties":{"id":"88194ad237fffff","n":28,"five_pct":68.0,"low_pct":0.0,"awaiting":3,"awaiting_pct":10.7,"coffee":0,"takeaway_pct":28.6,"pubs":7,"specialty":0,"chain_pct":0.0,"borough":"Greenwich"}},{"type":"Feature","geometry":{"type":"Polygon","coordinates":[[[-0.03421,51.43959],[-0.0409,51.4384],[-0.04213,51.43393],[-0.03667,51.43064],[-0.02997,51.43184],[-0.02874,51.43631],[-0.03421,51.43959]]]},"properties":{"id":"88194ad017fffff","n":6,"five_pct":0.0,"low_pct":0.0,"awaiting":0,"awaiting_pct":0.0,"coffee":0,"takeaway_pct":66.7,"pubs":0,"specialty":0,"chain_pct":0.0,"borough":"Lewisham"}},{"type":"Feature","geometry":{"type":"Polygon","coordinates":[[[0.03451,51.43477],[0.02782,51.43359],[0.02659,51.42911],[0.03205,51.42583],[0.03874,51.42701],[0.03997,51.43149],[0.03451,51.43477]]]},"properties":{"id":"88194ad2b9fffff","n":6,"five_pct":null,"low_pct":null,"awaiting":2,"awaiting_pct":33.3,"coffee":0,"takeaway_pct":33.3,"pubs":1,"specialty":0,"chain_pct":0.0,"borough":"Lewisham"}},{"type":"Feature","geometry":{"type":"Polygon","coordinates":[[[-0.19435,51.38968],[-0.20105,51.38848],[-0.20226,51.384],[-0.19678,51.38072],[-0.19009,51.38192],[-0.18887,51.3864],[-0.19435,51.38968]]]},"properties":{"id":"88194ac32dfffff","n":7,"five_pct":42.9,"low_pct":42.9,"awaiting":0,"awaiting_pct":0.0,"coffee":0,"takeaway_pct":42.9,"pubs":0,"specialty":0,"chain_pct":0.0,"borough":"Sutton"}},{"type":"Feature","geometry":{"type":"Polygon","coordinates":[[[-0.14923,51.50852],[-0.15594,51.50732],[-0.15716,51.50285],[-0.15167,51.49957],[-0.14497,51.50076],[-0.14374,51.50524],[-0.14923,51.50852]]]},"properties":{"id":"88195da497fffff","n":73,"five_pct":66.2,"low_pct":2.8,"awaiting":1,"awaiting_pct":1.4,"coffee":4,"takeaway_pct":1.4,"pubs":5,"specialty":0,"chain_pct":2.7,"borough":"Westminster"}},{"type":"Feature","geometry":{"type":"Polygon","coordinates":[[[-0.17423,51.53387],[-0.18094,51.53267],[-0.18216,51.5282],[-0.17667,51.52492],[-0.16996,51.52611],[-0.16874,51.53059],[-0.17423,51.53387]]]},"properties":{"id":"88195da485fffff","n":11,"five_pct":63.6,"low_pct":0.0,"awaiting":0,"awaiting_pct":0.0,"coffee":0,"takeaway_pct":0.0,"pubs":1,"specialty":0,"chain_pct":0.0,"borough":"Westminster"}},{"type":"Feature","geometry":{"type":"Polygon","coordinates":[[[-0.18093,51.6263],[-0.18766,51.6251],[-0.18888,51.62063],[-0.18338,51.61736],[-0.17666,51.61855],[-0.17543,51.62302],[-0.18093,51.6263]]]},"properties":{"id":"88195da625fffff","n":5,"five_pct":60.0,"low_pct":0.0,"awaiting":0,"awaiting_pct":0.0,"coffee":0,"takeaway_pct":0.0,"pubs":1,"specialty":0,"chain_pct":0.0,"borough":"Barnet"}},{"type":"Feature","geometry":{"type":"Polygon","coordinates":[[[-0.17238,51.6108],[-0.1791,51.60961],[-0.18033,51.60513],[-0.17483,51.60186],[-0.16811,51.60305],[-0.16688,51.60752],[-0.17238,51.6108]]]},"properties":{"id":"88195da449fffff","n":15,"five_pct":66.7,"low_pct":0.0,"awaiting":0,"awaiting_pct":0.0,"coffee":0,"takeaway_pct":0.0,"pubs":3,"specialty":0,"chain_pct":20.0,"borough":"Barnet"}},{"type":"Feature","geometry":{"type":"Polygon","coordinates":[[[-0.17666,51.61855],[-0.18338,51.61736],[-0.1846,51.61288],[-0.1791,51.60961],[-0.17238,51.6108],[-0.17116,51.61527],[-0.17666,51.61855]]]},"properties":{"id":"88195da627fffff","n":71,"five_pct":64.7,"low_pct":2.9,"awaiting":3,"awaiting_pct":4.2,"coffee":4,"takeaway_pct":15.5,"pubs":5,"specialty":0,"chain_pct":8.5,"borough":"Barnet"}},{"type":"Feature","geometry":{"type":"Polygon","coordinates":[[[-0.21029,51.65937],[-0.21702,51.65818],[-0.21824,51.65371],[-0.21274,51.65043],[-0.20601,51.65163],[-0.20479,51.6561],[-0.21029,51.65937]]]},"properties":{"id":"88195da741fffff","n":8,"five_pct":50.0,"low_pct":0.0,"awaiting":0,"awaiting_pct":0.0,"coffee":1,"takeaway_pct":12.5,"pubs":3,"specialty":0,"chain_pct":0.0,"borough":"Barnet"}},{"type":"Feature","geometry":{"type":"Polygon","coordinates":[[[-0.19987,51.58038],[-0.20659,51.57919],[-0.20781,51.57471],[-0.20231,51.57144],[-0.1956,51.57263],[-0.19438,51.57711],[-0.19987,51.58038]]]},"properties":{"id":"88195da407fffff","n":33,"five_pct":33.3,"low_pct":6.7,"awaiting":3,"awaiting_pct":9.1,"coffee":0,"takeaway_pct":9.1,"pubs":1,"specialty":0,"chain_pct":0.0,"borough":"Barnet"}},{"type":"Feature","geometry":{"type":"Polygon","coordinates":[[[-0.25369,51.61763],[-0.26041,51.61643],[-0.26163,51.61196],[-0.25612,51.60868],[-0.2494,51.60988],[-0.24818,51.61435],[-0.25369,51.61763]]]},"properties":{"id":"88195da54bfffff","n":14,"five_pct":64.3,"low_pct":7.1,"awaiting":0,"awaiting_pct":0.0,"coffee":1,"takeaway_pct":35.7,"pubs":2,"specialty":0,"chain_pct":7.1,"borough":"Barnet"}},{"type":"Feature","geometry":{"type":"Polygon","coordinates":[[[-0.27816,51.62178],[-0.28489,51.62058],[-0.2861,51.61611],[-0.28059,51.61283],[-0.27387,51.61403],[-0.27265,51.61851],[-0.27816,51.62178]]]},"properties":{"id":"88195da545fffff","n":27,"five_pct":73.1,"low_pct":0.0,"awaiting":1,"awaiting_pct":3.7,"coffee":2,"takeaway_pct":3.7,"pubs":0,"specialty":0,"chain_pct":11.1,"borough":"Barnet"}},{"type":"Feature","geometry":{"type":"Polygon","coordinates":[[[-0.18582,51.65521],[-0.19255,51.65401],[-0.19378,51.64954],[-0.18827,51.64626],[-0.18154,51.64746],[-0.18032,51.65193],[-0.18582,51.65521]]]},"properties":{"id":"88195db5b7fffff","n":6,"five_pct":66.7,"low_pct":0.0,"awaiting":0,"awaiting_pct":0.0,"coffee":0,"takeaway_pct":33.3,"pubs":1,"specialty":0,"chain_pct":0.0,"borough":"Barnet"}},{"type":"Feature","geometry":{"type":"Polygon","coordinates":[[[-0.14059,51.63344],[-0.14732,51.63225],[-0.14854,51.62778],[-0.14304,51.6245],[-0.13632,51.62569],[-0.13509,51.63016],[-0.14059,51.63344]]]},"properties":{"id":"88195da60dfffff","n":13,"five_pct":58.3,"low_pct":8.3,"awaiting":1,"awaiting_pct":7.7,"coffee":0,"takeaway_pct":46.2,"pubs":1,"specialty":0,"chain_pct":15.4,"borough":"Barnet"}},{"type":"Feature","geometry":{"type":"Polygon","coordinates":[[[-0.21824,51.65371],[-0.22497,51.65252],[-0.22619,51.64805],[-0.22068,51.64477],[-0.21396,51.64596],[-0.21274,51.65043],[-0.21824,51.65371]]]},"properties":{"id":"88195da747fffff","n":5,"five_pct":60.0,"low_pct":0.0,"awaiting":0,"awaiting_pct":0.0,"coffee":1,"takeaway_pct":20.0,"pubs":1,"specialty":0,"chain_pct":20.0,"borough":"Barnet"}},{"type":"Feature","geometry":{"type":"Polygon","coordinates":[[[-0.20049,51.60155],[-0.20721,51.60036],[-0.20843,51.59589],[-0.20293,51.59261],[-0.19621,51.5938],[-0.19499,51.59827],[-0.20049,51.60155]]]},"properties":{"id":"88195da46bfffff","n":8,"five_pct":37.5,"low_pct":12.5,"awaiting":0,"awaiting_pct":0.0,"coffee":2,"takeaway_pct":25.0,"pubs":0,"specialty":0,"chain_pct":0.0,"borough":"Barnet"}},{"type":"Feature","geometry":{"type":"Polygon","coordinates":[[[-0.26592,51.6197],[-0.27265,51.61851],[-0.27387,51.61403],[-0.26836,51.61076],[-0.26163,51.61196],[-0.26041,51.61643],[-0.26592,51.6197]]]},"properties":{"id":"88195da541fffff","n":7,"five_pct":42.9,"low_pct":0.0,"awaiting":0,"awaiting_pct":0.0,"coffee":1,"takeaway_pct":42.9,"pubs":0,"specialty":0,"chain_pct":0.0,"borough":"Barnet"}},{"type":"Feature","geometry":{"type":"Polygon","coordinates":[[[-0.20353,51.56696],[-0.21025,51.56576],[-0.21147,51.56129],[-0.20597,51.55801],[-0.19926,51.55921],[-0.19804,51.56368],[-0.20353,51.56696]]]},"properties":{"id":"88195da431fffff","n":5,"five_pct":60.0,"low_pct":20.0,"awaiting":0,"awaiting_pct":0.0,"coffee":0,"takeaway_pct":20.0,"pubs":1,"specialty":0,"chain_pct":0.0,"borough":"Barnet"}},{"type":"Feature","geometry":{"type":"Polygon","coordinates":[[[-0.22494,51.60572],[-0.23166,51.60452],[-0.23288,51.60005],[-0.22738,51.59677],[-0.22066,51.59797],[-0.21944,51.60244],[-0.22494,51.60572]]]},"properties":{"id":"88195da465fffff","n":8,"five_pct":16.7,"low_pct":16.7,"awaiting":2,"awaiting_pct":25.0,"coffee":0,"takeaway_pct":25.0,"pubs":1,"specialty":0,"chain_pct":0.0,"borough":"Barnet"}},{"type":"Feature","geometry":{"type":"Polygon","coordinates":[[[-0.19193,51.58605],[-0.19865,51.58486],[-0.19987,51.58038],[-0.19438,51.57711],[-0.18766,51.5783],[-0.18644,51.58277],[-0.19193,51.58605]]]},"properties":{"id":"88195da401fffff","n":7,"five_pct":0.0,"low_pct":14.3,"awaiting":0,"awaiting_pct":0.0,"coffee":0,"takeaway_pct":0.0,"pubs":0,"specialty":0,"chain_pct":0.0,"borough":"Barnet"}},{"type":"Feature","geometry":{"type":"Polygon","coordinates":[[[0.1059,51.48566],[0.0992,51.48448],[0.09796,51.48001],[0.10342,51.47672],[0.11012,51.4779],[0.11136,51.48237],[0.1059,51.48566]]]},"properties":{"id":"88194e6d0bfffff","n":5,"five_pct":null,"low_pct":null,"awaiting":1,"awaiting_pct":20.0,"coffee":0,"takeaway_pct":20.0,"pubs":0,"specialty":0,"chain_pct":0.0,"borough":"Greenwich"}},{"type":"Feature","geometry":{"type":"Polygon","coordinates":[[[-0.09426,51.56935],[-0.10097,51.56816],[-0.1022,51.56369],[-0.09671,51.56041],[-0.09,51.56159],[-0.08877,51.56607],[-0.09426,51.56935]]]},"properties":{"id":"88195da68bfffff","n":11,"five_pct":50.0,"low_pct":0.0,"awaiting":1,"awaiting_pct":9.1,"coffee":0,"takeaway_pct":9.1,"pubs":1,"specialty":0,"chain_pct":0.0,"borough":"Hackney"}},{"type":"Feature","geometry":{"type":"Polygon","coordinates":[[[-0.07723,51.53834],[-0.08394,51.53715],[-0.08517,51.53267],[-0.07969,51.52939],[-0.07298,51.53058],[-0.07175,51.53505],[-0.07723,51.53834]]]},"properties":{"id":"88194ad345fffff","n":96,"five_pct":55.4,"low_pct":7.6,"awaiting":4,"awaiting_pct":4.2,"coffee":2,"takeaway_pct":14.6,"pubs":7,"specialty":0,"chain_pct":1.0,"borough":"Hackney"}},{"type":"Feature","geometry":{"type":"Polygon","coordinates":[[[-0.06929,51.544],[-0.076,51.54281],[-0.07723,51.53834],[-0.07175,51.53505],[-0.06504,51.53624],[-0.06381,51.54071],[-0.06929,51.544]]]},"properties":{"id":"88194ad34dfffff","n":43,"five_pct":76.9,"low_pct":0.0,"awaiting":4,"awaiting_pct":9.3,"coffee":1,"takeaway_pct":25.6,"pubs":2,"specialty":0,"chain_pct":0.0,"borough":"Hackney"}},{"type":"Feature","geometry":{"type":"Polygon","coordinates":[[[-0.06561,51.55741],[-0.07232,51.55622],[-0.07355,51.55175],[-0.06807,51.54847],[-0.06135,51.54966],[-0.06012,51.55413],[-0.06561,51.55741]]]},"properties":{"id":"88194e69a5fffff","n":34,"five_pct":60.7,"low_pct":3.6,"awaiting":6,"awaiting_pct":17.6,"coffee":2,"takeaway_pct":26.5,"pubs":2,"specialty":0,"chain_pct":0.0,"borough":"Hackney"}},{"type":"Feature","geometry":{"type":"Polygon","coordinates":[[[-0.04122,51.55322],[-0.04793,51.55203],[-0.04916,51.54756],[-0.04368,51.54428],[-0.03698,51.54546],[-0.03574,51.54993],[-0.04122,51.55322]]]},"properties":{"id":"88194e69abfffff","n":51,"five_pct":71.7,"low_pct":4.3,"awaiting":5,"awaiting_pct":9.8,"coffee":4,"takeaway_pct":15.7,"pubs":2,"specialty":0,"chain_pct":2.0,"borough":"Hackney"}},{"type":"Feature","geometry":{"type":"Polygon","coordinates":[[[-0.05767,51.56307],[-0.06438,51.56188],[-0.06561,51.55741],[-0.06012,51.55413],[-0.05341,51.55531],[-0.05218,51.55978],[-0.05767,51.56307]]]},"properties":{"id":"88194e69adfffff","n":31,"five_pct":58.6,"low_pct":13.8,"awaiting":2,"awaiting_pct":6.5,"coffee":1,"takeaway_pct":29.0,"pubs":4,"specialty":0,"chain_pct":0.0,"borough":"Hackney"}},{"type":"Feature","geometry":{"type":"Polygon","coordinates":[[[-0.06986,51.56516],[-0.07657,51.56397],[-0.0778,51.5595],[-0.07232,51.55622],[-0.06561,51.55741],[-0.06438,51.56188],[-0.06986,51.56516]]]},"properties":{"id":"88195da6d3fffff","n":76,"five_pct":69.4,"low_pct":4.2,"awaiting":4,"awaiting_pct":5.3,"coffee":0,"takeaway_pct":21.1,"pubs":5,"specialty":2,"chain_pct":3.9,"borough":"Hackney"}},{"type":"Feature","geometry":{"type":"Polygon","coordinates":[[[0.0451,51.49619],[0.0384,51.49501],[0.03716,51.49054],[0.04263,51.48725],[0.04933,51.48843],[0.05056,51.4929],[0.0451,51.49619]]]},"properties":{"id":"88194ad253fffff","n":14,"five_pct":66.7,"low_pct":8.3,"awaiting":2,"awaiting_pct":14.3,"coffee":1,"takeaway_pct":14.3,"pubs":0,"specialty":0,"chain_pct":14.3,"borough":"Greenwich"}},{"type":"Feature","geometry":{"type":"Polygon","coordinates":[[[0.00859,51.50249],[0.00189,51.50131],[0.00066,51.49684],[0.00613,51.49355],[0.01283,51.49474],[0.01406,51.49921],[0.00859,51.50249]]]},"properties":{"id":"88194ad201fffff","n":33,"five_pct":86.7,"low_pct":3.3,"awaiting":3,"awaiting_pct":9.1,"coffee":2,"takeaway_pct":18.2,"pubs":2,"specialty":0,"chain_pct":18.2,"borough":"Greenwich"}},{"type":"Feature","geometry":{"type":"Polygon","coordinates":[[[0.06943,51.49198],[0.06273,51.4908],[0.06149,51.48633],[0.06695,51.48304],[0.07365,51.48423],[0.07489,51.48869],[0.06943,51.49198]]]},"properties":{"id":"88194e6d29fffff","n":69,"five_pct":70.8,"low_pct":7.7,"awaiting":4,"awaiting_pct":5.8,"coffee":3,"takeaway_pct":20.3,"pubs":5,"specialty":0,"chain_pct":7.2,"borough":"Greenwich"}},{"type":"Feature","geometry":{"type":"Polygon","coordinates":[[[0.05407,51.45951],[0.04738,51.45832],[0.04614,51.45385],[0.0516,51.45056],[0.0583,51.45175],[0.05953,51.45622],[0.05407,51.45951]]]},"properties":{"id":"88194ad2c3fffff","n":25,"five_pct":73.9,"low_pct":0.0,"awaiting":2,"awaiting_pct":8.0,"coffee":1,"takeaway_pct":24.0,"pubs":1,"specialty":0,"chain_pct":8.0,"borough":"Greenwich"}},{"type":"Feature","geometry":{"type":"Polygon","coordinates":[[[-0.08206,51.56726],[-0.08877,51.56607],[-0.09,51.56159],[-0.08452,51.55831],[-0.0778,51.5595],[-0.07657,51.56397],[-0.08206,51.56726]]]},"properties":{"id":"88195da6d7fffff","n":35,"five_pct":66.7,"low_pct":3.0,"awaiting":1,"awaiting_pct":2.9,"coffee":3,"takeaway_pct":2.9,"pubs":5,"specialty":0,"chain_pct":5.7,"borough":"Hackney"}},{"type":"Feature","geometry":{"type":"Polygon","coordinates":[[[-0.09873,51.43662],[-0.10543,51.43542],[-0.10666,51.43095],[-0.10118,51.42766],[-0.09448,51.42886],[-0.09326,51.43334],[-0.09873,51.43662]]]},"properties":{"id":"88194ad1c7fffff","n":67,"five_pct":67.2,"low_pct":3.3,"awaiting":6,"awaiting_pct":9.0,"coffee":1,"takeaway_pct":37.3,"pubs":4,"specialty":0,"chain_pct":3.0,"borough":"Lambeth"}},{"type":"Feature","geometry":{"type":"Polygon","coordinates":[[[-0.10781,51.47332],[-0.11452,51.47213],[-0.11574,51.46765],[-0.11026,51.46437],[-0.10356,51.46556],[-0.10234,51.47004],[-0.10781,51.47332]]]},"properties":{"id":"88194ad157fffff","n":30,"five_pct":42.9,"low_pct":25.0,"awaiting":1,"awaiting_pct":3.3,"coffee":0,"takeaway_pct":33.3,"pubs":2,"specialty":0,"chain_pct":0.0,"borough":"Lambeth"}},{"type":"Feature","geometry":{"type":"Polygon","coordinates":[[[-0.12308,51.44079],[-0.12978,51.4396],[-0.13101,51.43512],[-0.12553,51.43184],[-0.11883,51.43303],[-0.11761,51.43751],[-0.12308,51.44079]]]},"properties":{"id":"88194ad1e1fffff","n":66,"five_pct":62.5,"low_pct":0.0,"awaiting":2,"awaiting_pct":3.0,"coffee":4,"takeaway_pct":19.7,"pubs":3,"specialty":1,"chain_pct":6.1,"borough":"Lambeth"}},{"type":"Feature","geometry":{"type":"Polygon","coordinates":[[[-0.11149,51.4599],[-0.11819,51.4587],[-0.11941,51.45422],[-0.11394,51.45094],[-0.10723,51.45214],[-0.10601,51.45661],[-0.11149,51.4599]]]},"properties":{"id":"88194ad111fffff","n":27,"five_pct":45.8,"low_pct":12.5,"awaiting":3,"awaiting_pct":11.1,"coffee":0,"takeaway_pct":25.9,"pubs":4,"specialty":0,"chain_pct":0.0,"borough":"Lambeth"}},{"type":"Feature","geometry":{"type":"Polygon","coordinates":[[[-0.11633,51.48884],[-0.12303,51.48764],[-0.12426,51.48317],[-0.11878,51.47989],[-0.11207,51.48108],[-0.11084,51.48555],[-0.11633,51.48884]]]},"properties":{"id":"88194ad143fffff","n":57,"five_pct":56.4,"low_pct":5.5,"awaiting":2,"awaiting_pct":3.5,"coffee":1,"takeaway_pct":35.1,"pubs":10,"specialty":0,"chain_pct":3.5,"borough":"Lambeth"}},{"type":"Feature","geometry":{"type":"Polygon","coordinates":[[[0.08749,51.58014],[0.08078,51.57897],[0.07955,51.5745],[0.08501,51.57121],[0.09172,51.57239],[0.09296,51.57686],[0.08749,51.58014]]]},"properties":{"id":"88194e6aa1fffff","n":12,"five_pct":45.5,"low_pct":18.2,"awaiting":1,"awaiting_pct":8.3,"coffee":1,"takeaway_pct":66.7,"pubs":0,"specialty":0,"chain_pct":8.3,"borough":"Redbridge"}},{"type":"Feature","geometry":{"type":"Polygon","coordinates":[[[0.0716,51.56886],[0.06489,51.56768],[0.06365,51.56321],[0.06912,51.55992],[0.07583,51.5611],[0.07707,51.56557],[0.0716,51.56886]]]},"properties":{"id":"88194e68cdfffff","n":43,"five_pct":66.7,"low_pct":5.1,"awaiting":3,"awaiting_pct":7.0,"coffee":1,"takeaway_pct":30.2,"pubs":3,"specialty":0,"chain_pct":4.7,"borough":"Redbridge"}},{"type":"Feature","geometry":{"type":"Polygon","coordinates":[[[0.06313,51.58436],[0.05643,51.58318],[0.05519,51.57872],[0.06066,51.57543],[0.06737,51.57661],[0.06861,51.58107],[0.06313,51.58436]]]},"properties":{"id":"88194e6819fffff","n":33,"five_pct":58.1,"low_pct":6.5,"awaiting":2,"awaiting_pct":6.1,"coffee":3,"takeaway_pct":51.5,"pubs":2,"specialty":0,"chain_pct":3.0,"borough":"Redbridge"}},{"type":"Feature","geometry":{"type":"Polygon","coordinates":[[[0.09494,51.60693],[0.08823,51.60575],[0.08699,51.60129],[0.09246,51.598],[0.09917,51.59918],[0.10041,51.60364],[0.09494,51.60693]]]},"properties":{"id":"88194e6aedfffff","n":5,"five_pct":60.0,"low_pct":0.0,"awaiting":0,"awaiting_pct":0.0,"coffee":0,"takeaway_pct":60.0,"pubs":0,"specialty":0,"chain_pct":0.0,"borough":"Redbridge"}},{"type":"Feature","geometry":{"type":"Polygon","coordinates":[[[0.1039,51.57028],[0.09719,51.5691],[0.09595,51.56464],[0.10141,51.56135],[0.10812,51.56253],[0.10936,51.56699],[0.1039,51.57028]]]},"properties":{"id":"88194e6abdfffff","n":37,"five_pct":55.6,"low_pct":8.3,"awaiting":1,"awaiting_pct":2.7,"coffee":2,"takeaway_pct":43.2,"pubs":2,"specialty":0,"chain_pct":5.4,"borough":"Redbridge"}},{"type":"Feature","geometry":{"type":"Polygon","coordinates":[[[-0.04861,51.52639],[-0.05531,51.5252],[-0.05654,51.52073],[-0.05106,51.51745],[-0.04436,51.51864],[-0.04313,51.52311],[-0.04861,51.52639]]]},"properties":{"id":"88194ad35dfffff","n":87,"five_pct":58.2,"low_pct":7.6,"awaiting":8,"awaiting_pct":9.2,"coffee":2,"takeaway_pct":13.8,"pubs":3,"specialty":0,"chain_pct":2.3,"borough":"Tower Hamlets"}},{"type":"Feature","geometry":{"type":"Polygon","coordinates":[[[-0.03642,51.5243],[-0.04313,51.52311],[-0.04436,51.51864],[-0.03888,51.51535],[-0.03218,51.51654],[-0.03095,51.52101],[-0.03642,51.5243]]]},"properties":{"id":"88194ad359fffff","n":27,"five_pct":45.8,"low_pct":8.3,"awaiting":2,"awaiting_pct":7.4,"coffee":0,"takeaway_pct":25.9,"pubs":1,"specialty":0,"chain_pct":0.0,"borough":"Tower Hamlets"}},{"type":"Feature","geometry":{"type":"Polygon","coordinates":[[[0.02605,51.61183],[0.01933,51.61065],[0.0181,51.60618],[0.02358,51.6029],[0.03029,51.60408],[0.03153,51.60854],[0.02605,51.61183]]]},"properties":{"id":"88194e686bfffff","n":13,"five_pct":69.2,"low_pct":15.4,"awaiting":0,"awaiting_pct":0.0,"coffee":0,"takeaway_pct":23.1,"pubs":1,"specialty":0,"chain_pct":0.0,"borough":"Redbridge"}},{"type":"Feature","geometry":{"type":"Polygon","coordinates":[[[0.10712,51.60482],[0.10041,51.60364],[0.09917,51.59918],[0.10464,51.59589],[0.11134,51.59707],[0.11259,51.60153],[0.10712,51.60482]]]},"properties":{"id":"88194e6ae9fffff","n":5,"five_pct":100.0,"low_pct":0.0,"awaiting":0,"awaiting_pct":0.0,"coffee":0,"takeaway_pct":0.0,"pubs":3,"specialty":0,"chain_pct":0.0,"borough":"Redbridge"}},{"type":"Feature","geometry":{"type":"Polygon","coordinates":[[[0.02181,51.61958],[0.01509,51.6184],[0.01385,51.61393],[0.01933,51.61065],[0.02605,51.61183],[0.02729,51.61629],[0.02181,51.61958]]]},"properties":{"id":"88194e6869fffff","n":5,"five_pct":null,"low_pct":null,"awaiting":1,"awaiting_pct":20.0,"coffee":0,"takeaway_pct":0.0,"pubs":1,"specialty":0,"chain_pct":0.0,"borough":"Redbridge"}},{"type":"Feature","geometry":{"type":"Polygon","coordinates":[[[0.01863,51.58503],[0.01192,51.58385],[0.01069,51.57938],[0.01616,51.5761],[0.02287,51.57728],[0.02411,51.58175],[0.01863,51.58503]]]},"properties":{"id":"88194e683dfffff","n":8,"five_pct":75.0,"low_pct":12.5,"awaiting":0,"awaiting_pct":0.0,"coffee":2,"takeaway_pct":25.0,"pubs":1,"specialty":0,"chain_pct":0.0,"borough":"Redbridge"}},{"type":"Feature","geometry":{"type":"Polygon","coordinates":[[[0.03824,51.60972],[0.03153,51.60854],[0.03029,51.60408],[0.03577,51.60079],[0.04248,51.60197],[0.04372,51.60644],[0.03824,51.60972]]]},"properties":{"id":"88194e6847fffff","n":28,"five_pct":64.0,"low_pct":4.0,"awaiting":3,"awaiting_pct":10.7,"coffee":0,"takeaway_pct":39.3,"pubs":2,"specialty":0,"chain_pct":10.7,"borough":"Redbridge"}},{"type":"Feature","geometry":{"type":"Polygon","coordinates":[[[0.09595,51.56464],[0.08924,51.56346],[0.088,51.559],[0.09347,51.55571],[0.10017,51.55689],[0.10141,51.56135],[0.09595,51.56464]]]},"properties":{"id":"88194e6ab5fffff","n":22,"five_pct":31.8,"low_pct":13.6,"awaiting":0,"awaiting_pct":0.0,"coffee":0,"takeaway_pct":40.9,"pubs":1,"specialty":0,"chain_pct":0.0,"borough":"Redbridge"}},{"type":"Feature","geometry":{"type":"Polygon","coordinates":[[[0.043,51.58082],[0.03629,51.57964],[0.03506,51.57518],[0.04053,51.57189],[0.04724,51.57307],[0.04848,51.57754],[0.043,51.58082]]]},"properties":{"id":"88194e6815fffff","n":8,"five_pct":42.9,"low_pct":14.3,"awaiting":1,"awaiting_pct":12.5,"coffee":0,"takeaway_pct":25.0,"pubs":0,"specialty":0,"chain_pct":12.5,"borough":"Redbridge"}},{"type":"Feature","geometry":{"type":"Polygon","coordinates":[[[0.08428,51.5456],[0.07758,51.54442],[0.07634,51.53995],[0.08181,51.53666],[0.08851,51.53784],[0.08975,51.54231],[0.08428,51.5456]]]},"properties":{"id":"88194e68d5fffff","n":67,"five_pct":33.9,"low_pct":12.9,"awaiting":5,"awaiting_pct":7.5,"coffee":5,"takeaway_pct":38.8,"pubs":3,"specialty":0,"chain_pct":10.4,"borough":"Barking and Dagenham"}},{"type":"Feature","geometry":{"type":"Polygon","coordinates":[[[0.00012,51.518],[-0.00659,51.51682],[-0.00782,51.51235],[-0.00235,51.50906],[0.00436,51.51025],[0.00559,51.51472],[0.00012,51.518]]]},"properties":{"id":"88194ad26bfffff","n":10,"five_pct":66.7,"low_pct":0.0,"awaiting":1,"awaiting_pct":10.0,"coffee":1,"takeaway_pct":20.0,"pubs":1,"specialty":0,"chain_pct":0.0,"borough":"Tower Hamlets"}},{"type":"Feature","geometry":{"type":"Polygon","coordinates":[[[-0.00782,51.51235],[-0.01452,51.51116],[-0.01576,51.50669],[-0.01028,51.50341],[-0.00358,51.50459],[-0.00235,51.50906],[-0.00782,51.51235]]]},"properties":{"id":"88194ad263fffff","n":41,"five_pct":68.3,"low_pct":9.8,"awaiting":0,"awaiting_pct":0.0,"coffee":2,"takeaway_pct":14.6,"pubs":2,"specialty":0,"chain_pct":2.4,"borough":"Tower Hamlets"}},{"type":"Feature","geometry":{"type":"Polygon","coordinates":[[[-0.01206,51.5201],[-0.01877,51.51892],[-0.02,51.51445],[-0.01452,51.51116],[-0.00782,51.51235],[-0.00659,51.51682],[-0.01206,51.5201]]]},"properties":{"id":"88194ad261fffff","n":29,"five_pct":80.8,"low_pct":0.0,"awaiting":3,"awaiting_pct":10.3,"coffee":3,"takeaway_pct":24.1,"pubs":2,"specialty":0,"chain_pct":3.4,"borough":"Tower Hamlets"}},{"type":"Feature","geometry":{"type":"Polygon","coordinates":[[[-0.01151,51.49894],[-0.01822,51.49775],[-0.01945,51.49328],[-0.01398,51.48999],[-0.00728,51.49118],[-0.00604,51.49565],[-0.01151,51.49894]]]},"properties":{"id":"88194ad22bfffff","n":24,"five_pct":65.0,"low_pct":5.0,"awaiting":3,"awaiting_pct":12.5,"coffee":0,"takeaway_pct":20.8,"pubs":2,"specialty":0,"chain_pct":0.0,"borough":"Tower Hamlets"}},{"type":"Feature","geometry":{"type":"Polygon","coordinates":[[[-0.02054,51.53561],[-0.02725,51.53443],[-0.02848,51.52996],[-0.02301,51.52667],[-0.0163,51.52786],[-0.01507,51.53233],[-0.02054,51.53561]]]},"properties":{"id":"88194e69bbfffff","n":28,"five_pct":75.0,"low_pct":7.1,"awaiting":0,"awaiting_pct":0.0,"coffee":1,"takeaway_pct":10.7,"pubs":3,"specialty":0,"chain_pct":0.0,"borough":"Tower Hamlets"}},{"type":"Feature","geometry":{"type":"Polygon","coordinates":[[[-0.03273,51.53771],[-0.03944,51.53652],[-0.04067,51.53205],[-0.03519,51.52877],[-0.02848,51.52996],[-0.02725,51.53443],[-0.03273,51.53771]]]},"properties":{"id":"88194e69b1fffff","n":51,"five_pct":83.7,"low_pct":0.0,"awaiting":2,"awaiting_pct":3.9,"coffee":2,"takeaway_pct":17.6,"pubs":5,"specialty":0,"chain_pct":5.9,"borough":"Tower Hamlets"}},{"type":"Feature","geometry":{"type":"Polygon","coordinates":[[[-0.02959,51.57228],[-0.0363,51.57109],[-0.03753,51.56663],[-0.03205,51.56334],[-0.02534,51.56453],[-0.02411,51.569],[-0.02959,51.57228]]]},"properties":{"id":"88194e69ebfffff","n":22,"five_pct":31.8,"low_pct":18.2,"awaiting":0,"awaiting_pct":0.0,"coffee":0,"takeaway_pct":18.2,"pubs":2,"specialty":0,"chain_pct":4.5,"borough":"Waltham Forest"}},{"type":"Feature","geometry":{"type":"Polygon","coordinates":[[[-0.05935,51.62654],[-0.06607,51.62535],[-0.0673,51.62088],[-0.06182,51.6176],[-0.0551,51.61879],[-0.05387,51.62325],[-0.05935,51.62654]]]},"properties":{"id":"88194e696bfffff","n":61,"five_pct":60.3,"low_pct":10.3,"awaiting":3,"awaiting_pct":4.9,"coffee":2,"takeaway_pct":18.0,"pubs":2,"specialty":0,"chain_pct":8.2,"borough":"Enfield"}},{"type":"Feature","geometry":{"type":"Polygon","coordinates":[[[0.14462,51.55619],[0.13792,51.55501],[0.13667,51.55055],[0.14214,51.54726],[0.14884,51.54844],[0.15008,51.5529],[0.14462,51.55619]]]},"properties":{"id":"88194e6a93fffff","n":11,"five_pct":54.5,"low_pct":9.1,"awaiting":0,"awaiting_pct":0.0,"coffee":0,"takeaway_pct":81.8,"pubs":0,"specialty":0,"chain_pct":0.0,"borough":"Barking and Dagenham"}},{"type":"Feature","geometry":{"type":"Polygon","coordinates":[[[0.11656,51.54702],[0.10986,51.54584],[0.10862,51.54138],[0.11408,51.53809],[0.12078,51.53927],[0.12203,51.54373],[0.11656,51.54702]]]},"properties":{"id":"88194e6f65fffff","n":9,"five_pct":28.6,"low_pct":0.0,"awaiting":2,"awaiting_pct":22.2,"coffee":0,"takeaway_pct":33.3,"pubs":1,"specialty":0,"chain_pct":0.0,"borough":"Barking and Dagenham"}},{"type":"Feature","geometry":{"type":"Polygon","coordinates":[[[0.10862,51.54138],[0.10192,51.5402],[0.10068,51.53573],[0.10614,51.53245],[0.11284,51.53362],[0.11408,51.53809],[0.10862,51.54138]]]},"properties":{"id":"88194e68dbfffff","n":6,"five_pct":16.7,"low_pct":16.7,"awaiting":0,"awaiting_pct":0.0,"coffee":0,"takeaway_pct":50.0,"pubs":1,"specialty":0,"chain_pct":0.0,"borough":"Barking and Dagenham"}},{"type":"Feature","geometry":{"type":"Polygon","coordinates":[[[0.15305,51.54068],[0.14635,51.53951],[0.14511,51.53504],[0.15057,51.53175],[0.15727,51.53293],[0.15851,51.53739],[0.15305,51.54068]]]},"properties":{"id":"88194e6f47fffff","n":19,"five_pct":76.5,"low_pct":0.0,"awaiting":2,"awaiting_pct":10.5,"coffee":0,"takeaway_pct":73.7,"pubs":0,"specialty":0,"chain_pct":5.3,"borough":"Barking and Dagenham"}},{"type":"Feature","geometry":{"type":"Polygon","coordinates":[[[0.14414,51.57733],[0.13743,51.57616],[0.13619,51.5717],[0.14165,51.56841],[0.14835,51.56958],[0.1496,51.57404],[0.14414,51.57733]]]},"properties":{"id":"88194e6ad7fffff","n":17,"five_pct":58.3,"low_pct":16.7,"awaiting":5,"awaiting_pct":29.4,"coffee":0,"takeaway_pct":35.3,"pubs":1,"specialty":0,"chain_pct":5.9,"borough":"Barking and Dagenham"}},{"type":"Feature","geometry":{"type":"Polygon","coordinates":[[[0.15727,51.53293],[0.15057,51.53175],[0.14932,51.52729],[0.15478,51.524],[0.16148,51.52517],[0.16272,51.52964],[0.15727,51.53293]]]},"properties":{"id":"88194e6f09fffff","n":7,"five_pct":85.7,"low_pct":14.3,"awaiting":0,"awaiting_pct":0.0,"coffee":0,"takeaway_pct":42.9,"pubs":0,"specialty":0,"chain_pct":14.3,"borough":"Barking and Dagenham"}},{"type":"Feature","geometry":{"type":"Polygon","coordinates":[[[0.08851,51.53784],[0.08181,51.53666],[0.08057,51.5322],[0.08603,51.52891],[0.09273,51.53009],[0.09397,51.53455],[0.08851,51.53784]]]},"properties":{"id":"88194e68d7fffff","n":11,"five_pct":44.4,"low_pct":11.1,"awaiting":2,"awaiting_pct":18.2,"coffee":0,"takeaway_pct":54.5,"pubs":1,"specialty":0,"chain_pct":0.0,"borough":"Barking and Dagenham"}},{"type":"Feature","geometry":{"type":"Polygon","coordinates":[[[0.16473,51.55971],[0.15803,51.55854],[0.15678,51.55407],[0.16224,51.55079],[0.16895,51.55196],[0.17019,51.55642],[0.16473,51.55971]]]},"properties":{"id":"88194e61a7fffff","n":5,"five_pct":20.0,"low_pct":20.0,"awaiting":0,"awaiting_pct":0.0,"coffee":0,"takeaway_pct":20.0,"pubs":2,"specialty":0,"chain_pct":0.0,"borough":"Barking and Dagenham"}},{"type":"Feature","geometry":{"type":"Polygon","coordinates":[[[0.08464,51.36282],[0.07795,51.36163],[0.07672,51.35716],[0.08216,51.35387],[0.08885,51.35506],[0.09008,51.35953],[0.08464,51.36282]]]},"properties":{"id":"88194ad469fffff","n":6,"five_pct":50.0,"low_pct":0.0,"awaiting":0,"awaiting_pct":0.0,"coffee":0,"takeaway_pct":50.0,"pubs":1,"specialty":0,"chain_pct":0.0,"borough":"Bromley"}},{"type":"Feature","geometry":{"type":"Polygon","coordinates":[[[0.01972,51.38108],[0.01304,51.37989],[0.01181,51.37541],[0.01726,51.37213],[0.02395,51.37332],[0.02518,51.37779],[0.01972,51.38108]]]},"properties":{"id":"88194ad54dfffff","n":7,"five_pct":80.0,"low_pct":0.0,"awaiting":2,"awaiting_pct":28.6,"coffee":0,"takeaway_pct":14.3,"pubs":1,"specialty":0,"chain_pct":0.0,"borough":"Bromley"}},{"type":"Feature","geometry":{"type":"Polygon","coordinates":[[[-0.12499,51.36376],[-0.13168,51.36256],[-0.1329,51.35808],[-0.12743,51.3548],[-0.12074,51.356],[-0.11952,51.36048],[-0.12499,51.36376]]]},"properties":{"id":"88194ac31bfffff","n":6,"five_pct":66.7,"low_pct":0.0,"awaiting":0,"awaiting_pct":0.0,"coffee":0,"takeaway_pct":16.7,"pubs":0,"specialty":0,"chain_pct":0.0,"borough":"Sutton"}},{"type":"Feature","geometry":{"type":"Polygon","coordinates":[[[-0.00349,51.34288],[-0.01017,51.34169],[-0.0114,51.33721],[-0.00594,51.33393],[0.00074,51.33512],[0.00197,51.3396],[-0.00349,51.34288]]]},"properties":{"id":"88194ad53dfffff","n":5,"five_pct":60.0,"low_pct":20.0,"awaiting":0,"awaiting_pct":0.0,"coffee":0,"takeaway_pct":80.0,"pubs":0,"specialty":0,"chain_pct":0.0,"borough":"Croydon"}},{"type":"Feature","geometry":{"type":"Polygon","coordinates":[[[-0.31952,51.51641],[-0.32623,51.51521],[-0.32744,51.51073],[-0.32194,51.50745],[-0.31522,51.50866],[-0.31401,51.51314],[-0.31952,51.51641]]]},"properties":{"id":"88194adb63fffff","n":86,"five_pct":49.4,"low_pct":24.1,"awaiting":3,"awaiting_pct":3.5,"coffee":3,"takeaway_pct":12.8,"pubs":8,"specialty":0,"chain_pct":2.3,"borough":"Ealing"}},{"type":"Feature","geometry":{"type":"Polygon","coordinates":[[[-0.38427,51.5133],[-0.39099,51.51209],[-0.3922,51.50761],[-0.38669,51.50433],[-0.37997,51.50554],[-0.37876,51.51002],[-0.38427,51.5133]]]},"properties":{"id":"88195dac83fffff","n":37,"five_pct":32.4,"low_pct":32.4,"awaiting":0,"awaiting_pct":0.0,"coffee":1,"takeaway_pct":18.9,"pubs":1,"specialty":0,"chain_pct":2.7,"borough":"Ealing"}},{"type":"Feature","geometry":{"type":"Polygon","coordinates":[[[-0.35256,51.53605],[-0.35928,51.53485],[-0.36049,51.53037],[-0.35498,51.52709],[-0.34826,51.5283],[-0.34705,51.53278],[-0.35256,51.53605]]]},"properties":{"id":"88195daeb7fffff","n":39,"five_pct":66.7,"low_pct":8.3,"awaiting":1,"awaiting_pct":2.6,"coffee":0,"takeaway_pct":17.9,"pubs":5,"specialty":0,"chain_pct":7.7,"borough":"Ealing"}},{"type":"Feature","geometry":{"type":"Polygon","coordinates":[[[-0.31522,51.50866],[-0.32194,51.50745],[-0.32315,51.50297],[-0.31765,51.4997],[-0.31093,51.5009],[-0.30972,51.50538],[-0.31522,51.50866]]]},"properties":{"id":"88194adb05fffff","n":41,"five_pct":57.9,"low_pct":18.4,"awaiting":2,"awaiting_pct":4.9,"coffee":1,"takeaway_pct":9.8,"pubs":4,"specialty":0,"chain_pct":0.0,"borough":"Ealing"}},{"type":"Feature","geometry":{"type":"Polygon","coordinates":[[[-0.3073,51.51434],[-0.31401,51.51314],[-0.31522,51.50866],[-0.30972,51.50538],[-0.30301,51.50659],[-0.30179,51.51107],[-0.3073,51.51434]]]},"properties":{"id":"88194adb0dfffff","n":118,"five_pct":68.3,"low_pct":7.7,"awaiting":11,"awaiting_pct":9.3,"coffee":4,"takeaway_pct":4.2,"pubs":9,"specialty":1,"chain_pct":5.1,"borough":"Ealing"}},{"type":"Feature","geometry":{"type":"Polygon","coordinates":[[[-0.33967,51.51279],[-0.34638,51.51158],[-0.34759,51.5071],[-0.34209,51.50383],[-0.33537,51.50504],[-0.33416,51.50952],[-0.33967,51.51279]]]},"properties":{"id":"88194adb2dfffff","n":46,"five_pct":43.2,"low_pct":27.3,"awaiting":2,"awaiting_pct":4.3,"coffee":1,"takeaway_pct":23.9,"pubs":8,"specialty":0,"chain_pct":2.2,"borough":"Ealing"}},{"type":"Feature","geometry":{"type":"Polygon","coordinates":[[[-0.34826,51.5283],[-0.35498,51.52709],[-0.35619,51.52261],[-0.35068,51.51934],[-0.34397,51.52055],[-0.34275,51.52503],[-0.34826,51.5283]]]},"properties":{"id":"88195dacd9fffff","n":11,"five_pct":63.6,"low_pct":0.0,"awaiting":0,"awaiting_pct":0.0,"coffee":2,"takeaway_pct":18.2,"pubs":1,"specialty":0,"chain_pct":9.1,"borough":"Ealing"}},{"type":"Feature","geometry":{"type":"Polygon","coordinates":[[[-0.38926,51.54225],[-0.39599,51.54104],[-0.39719,51.53656],[-0.39168,51.53329],[-0.38496,51.53449],[-0.38375,51.53898],[-0.38926,51.54225]]]},"properties":{"id":"88195dacc5fffff","n":7,"five_pct":85.7,"low_pct":0.0,"awaiting":0,"awaiting_pct":0.0,"coffee":0,"takeaway_pct":14.3,"pubs":0,"specialty":0,"chain_pct":0.0,"borough":"Ealing"}},{"type":"Feature","geometry":{"type":"Polygon","coordinates":[[[-0.37272,51.53243],[-0.37944,51.53122],[-0.38065,51.52674],[-0.37514,51.52347],[-0.36842,51.52468],[-0.36721,51.52916],[-0.37272,51.53243]]]},"properties":{"id":"88195dacc3fffff","n":13,"five_pct":18.2,"low_pct":36.4,"awaiting":2,"awaiting_pct":15.4,"coffee":0,"takeaway_pct":38.5,"pubs":0,"specialty":0,"chain_pct":7.7,"borough":"Ealing"}},{"type":"Feature","geometry":{"type":"Polygon","coordinates":[[[-0.35982,51.50917],[-0.36653,51.50796],[-0.36774,51.50348],[-0.36223,51.50021],[-0.35552,51.50142],[-0.35431,51.5059],[-0.35982,51.50917]]]},"properties":{"id":"88195dac99fffff","n":8,"five_pct":62.5,"low_pct":25.0,"awaiting":0,"awaiting_pct":0.0,"coffee":0,"takeaway_pct":62.5,"pubs":0,"specialty":0,"chain_pct":0.0,"borough":"Ealing"}},{"type":"Feature","geometry":{"type":"Polygon","coordinates":[[[-0.36049,51.53037],[-0.36721,51.52916],[-0.36842,51.52468],[-0.36291,51.52141],[-0.35619,51.52261],[-0.35498,51.52709],[-0.36049,51.53037]]]},"properties":{"id":"88195dacddfffff","n":6,"five_pct":40.0,"low_pct":0.0,"awaiting":1,"awaiting_pct":16.7,"coffee":0,"takeaway_pct":33.3,"pubs":0,"specialty":0,"chain_pct":0.0,"borough":"Ealing"}},{"type":"Feature","geometry":{"type":"Polygon","coordinates":[[[-0.32811,51.53192],[-0.33483,51.53071],[-0.33604,51.52623],[-0.33053,51.52296],[-0.32381,51.52416],[-0.3226,51.52864],[-0.32811,51.53192]]]},"properties":{"id":"88194adb6dfffff","n":6,"five_pct":40.0,"low_pct":60.0,"awaiting":0,"awaiting_pct":0.0,"coffee":0,"takeaway_pct":0.0,"pubs":1,"specialty":0,"chain_pct":0.0,"borough":"Ealing"}},{"type":"Feature","geometry":{"type":"Polygon","coordinates":[[[-0.11189,51.62151],[-0.11861,51.62032],[-0.11983,51.61585],[-0.11434,51.61257],[-0.10762,51.61376],[-0.10639,51.61823],[-0.11189,51.62151]]]},"properties":{"id":"88195da657fffff","n":36,"five_pct":48.6,"low_pct":11.4,"awaiting":1,"awaiting_pct":2.8,"coffee":3,"takeaway_pct":19.4,"pubs":3,"specialty":1,"chain_pct":5.6,"borough":"Enfield"}},{"type":"Feature","geometry":{"type":"Polygon","coordinates":[[[-0.14119,51.6546],[-0.14791,51.65341],[-0.14914,51.64894],[-0.14364,51.64566],[-0.13691,51.64685],[-0.13569,51.65132],[-0.14119,51.6546]]]},"properties":{"id":"88195db593fffff","n":16,"five_pct":75.0,"low_pct":6.2,"awaiting":0,"awaiting_pct":0.0,"coffee":1,"takeaway_pct":0.0,"pubs":0,"specialty":0,"chain_pct":6.2,"borough":"Enfield"}},{"type":"Feature","geometry":{"type":"Polygon","coordinates":[[[-0.04715,51.62444],[-0.05387,51.62325],[-0.0551,51.61879],[-0.04961,51.6155],[-0.04289,51.61669],[-0.04166,51.62116],[-0.04715,51.62444]]]},"properties":{"id":"88194e6947fffff","n":9,"five_pct":55.6,"low_pct":11.1,"awaiting":0,"awaiting_pct":0.0,"coffee":0,"takeaway_pct":44.4,"pubs":0,"specialty":0,"chain_pct":0.0,"borough":"Enfield"}},{"type":"Feature","geometry":{"type":"Polygon","coordinates":[[[-0.05992,51.64769],[-0.06664,51.6465],[-0.06787,51.64203],[-0.06238,51.63875],[-0.05566,51.63994],[-0.05443,51.6444],[-0.05992,51.64769]]]},"properties":{"id":"88195db491fffff","n":14,"five_pct":42.9,"low_pct":7.1,"awaiting":0,"awaiting_pct":0.0,"coffee":0,"takeaway_pct":57.1,"pubs":0,"specialty":0,"chain_pct":0.0,"borough":"Enfield"}},{"type":"Feature","geometry":{"type":"Polygon","coordinates":[[[-0.08746,51.61733],[-0.09418,51.61614],[-0.09541,51.61167],[-0.08992,51.60839],[-0.0832,51.60957],[-0.08197,51.61404],[-0.08746,51.61733]]]},"properties":{"id":"88194e692dfffff","n":10,"five_pct":60.0,"low_pct":10.0,"awaiting":0,"awaiting_pct":0.0,"coffee":0,"takeaway_pct":30.0,"pubs":0,"specialty":0,"chain_pct":0.0,"borough":"Enfield"}},{"type":"Feature","geometry":{"type":"Polygon","coordinates":[[[-0.10141,51.68287],[-0.10814,51.68168],[-0.10937,51.67722],[-0.10387,51.67394],[-0.09714,51.67512],[-0.09591,51.67959],[-0.10141,51.68287]]]},"properties":{"id":"88195db4e1fffff","n":5,"five_pct":null,"low_pct":null,"awaiting":1,"awaiting_pct":20.0,"coffee":0,"takeaway_pct":0.0,"pubs":0,"specialty":0,"chain_pct":0.0,"borough":"Enfield"}},{"type":"Feature","geometry":{"type":"Polygon","coordinates":[[[-0.06787,51.64203],[-0.07459,51.64085],[-0.07582,51.63638],[-0.07033,51.6331],[-0.06361,51.63429],[-0.06238,51.63875],[-0.06787,51.64203]]]},"properties":{"id":"88195db497fffff","n":7,"five_pct":57.1,"low_pct":14.3,"awaiting":0,"awaiting_pct":0.0,"coffee":0,"takeaway_pct":28.6,"pubs":0,"specialty":0,"chain_pct":0.0,"borough":"Enfield"}},{"type":"Feature","geometry":{"type":"Polygon","coordinates":[[[-0.04883,51.68787],[-0.05555,51.68669],[-0.05679,51.68223],[-0.05129,51.67894],[-0.04457,51.68012],[-0.04333,51.68459],[-0.04883,51.68787]]]},"properties":{"id":"88195db6b5fffff","n":5,"five_pct":60.0,"low_pct":20.0,"awaiting":0,"awaiting_pct":0.0,"coffee":0,"takeaway_pct":40.0,"pubs":0,"specialty":0,"chain_pct":20.0,"borough":"Enfield"}},{"type":"Feature","geometry":{"type":"Polygon","coordinates":[[[-0.07213,51.64978],[-0.07885,51.6486],[-0.08009,51.64413],[-0.07459,51.64085],[-0.06787,51.64203],[-0.06664,51.6465],[-0.07213,51.64978]]]},"properties":{"id":"88195db495fffff","n":17,"five_pct":50.0,"low_pct":0.0,"awaiting":1,"awaiting_pct":5.9,"coffee":2,"takeaway_pct":29.4,"pubs":4,"specialty":0,"chain_pct":0.0,"borough":"Enfield"}},{"type":"Feature","geometry":{"type":"Polygon","coordinates":[[[-0.12837,51.63135],[-0.13509,51.63016],[-0.13632,51.62569],[-0.13082,51.62241],[-0.1241,51.6236],[-0.12288,51.62807],[-0.12837,51.63135]]]},"properties":{"id":"88195da609fffff","n":14,"five_pct":66.7,"low_pct":0.0,"awaiting":2,"awaiting_pct":14.3,"coffee":0,"takeaway_pct":7.1,"pubs":4,"specialty":0,"chain_pct":0.0,"borough":"Enfield"}},{"type":"Feature","geometry":{"type":"Polygon","coordinates":[[[-0.06418,51.65543],[-0.0709,51.65425],[-0.07213,51.64978],[-0.06664,51.6465],[-0.05992,51.64769],[-0.05869,51.65215],[-0.06418,51.65543]]]},"properties":{"id":"88195db49dfffff","n":12,"five_pct":80.0,"low_pct":10.0,"awaiting":2,"awaiting_pct":16.7,"coffee":0,"takeaway_pct":8.3,"pubs":1,"specialty":0,"chain_pct":25.0,"borough":"Enfield"}},{"type":"Feature","geometry":{"type":"Polygon","coordinates":[[[-0.07582,51.63638],[-0.08254,51.6352],[-0.08378,51.63073],[-0.07828,51.62745],[-0.07156,51.62863],[-0.07033,51.6331],[-0.07582,51.63638]]]},"properties":{"id":"88194e696dfffff","n":8,"five_pct":50.0,"low_pct":12.5,"awaiting":0,"awaiting_pct":0.0,"coffee":0,"takeaway_pct":25.0,"pubs":3,"specialty":0,"chain_pct":0.0,"borough":"Enfield"}},{"type":"Feature","geometry":{"type":"Polygon","coordinates":[[[-0.03235,51.67802],[-0.03907,51.67684],[-0.04031,51.67238],[-0.03482,51.66909],[-0.02809,51.67028],[-0.02686,51.67474],[-0.03235,51.67802]]]},"properties":{"id":"88195db6b3fffff","n":22,"five_pct":26.3,"low_pct":21.1,"awaiting":3,"awaiting_pct":13.6,"coffee":0,"takeaway_pct":40.9,"pubs":0,"specialty":0,"chain_pct":0.0,"borough":"Enfield"}},{"type":"Feature","geometry":{"type":"Polygon","coordinates":[[[-0.08435,51.65188],[-0.09107,51.65069],[-0.0923,51.64623],[-0.08681,51.64295],[-0.08009,51.64413],[-0.07885,51.6486],[-0.08435,51.65188]]]},"properties":{"id":"88195db4b9fffff","n":7,"five_pct":66.7,"low_pct":0.0,"awaiting":1,"awaiting_pct":14.3,"coffee":1,"takeaway_pct":14.3,"pubs":1,"specialty":0,"chain_pct":14.3,"borough":"Enfield"}},{"type":"Feature","geometry":{"type":"Polygon","coordinates":[[[-0.09345,51.68852],[-0.10018,51.68733],[-0.10141,51.68287],[-0.09591,51.67959],[-0.08919,51.68077],[-0.08796,51.68524],[-0.09345,51.68852]]]},"properties":{"id":"88195db4e9fffff","n":6,"five_pct":66.7,"low_pct":0.0,"awaiting":0,"awaiting_pct":0.0,"coffee":0,"takeaway_pct":0.0,"pubs":1,"specialty":0,"chain_pct":0.0,"borough":"Enfield"}},{"type":"Feature","geometry":{"type":"Polygon","coordinates":[[[-0.07951,51.62298],[-0.08623,51.62179],[-0.08746,51.61733],[-0.08197,51.61404],[-0.07525,51.61523],[-0.07402,51.6197],[-0.07951,51.62298]]]},"properties":{"id":"88194e6967fffff","n":14,"five_pct":38.5,"low_pct":30.8,"awaiting":1,"awaiting_pct":7.1,"coffee":0,"takeaway_pct":28.6,"pubs":1,"specialty":0,"chain_pct":0.0,"borough":"Enfield"}},{"type":"Feature","geometry":{"type":"Polygon","coordinates":[[[0.05778,51.47292],[0.05108,51.47174],[0.04985,51.46726],[0.05531,51.46398],[0.06201,51.46516],[0.06324,51.46963],[0.05778,51.47292]]]},"properties":{"id":"88194ad2c9fffff","n":9,"five_pct":87.5,"low_pct":0.0,"awaiting":1,"awaiting_pct":11.1,"coffee":0,"takeaway_pct":22.2,"pubs":1,"specialty":0,"chain_pct":0.0,"borough":"Greenwich"}},{"type":"Feature","geometry":{"type":"Polygon","coordinates":[[[0.06201,51.46516],[0.05531,51.46398],[0.05407,51.45951],[0.05953,51.45622],[0.06623,51.4574],[0.06747,51.46187],[0.06201,51.46516]]]},"properties":{"id":"88194ad2cbfffff","n":10,"five_pct":60.0,"low_pct":0.0,"awaiting":0,"awaiting_pct":0.0,"coffee":0,"takeaway_pct":30.0,"pubs":1,"specialty":0,"chain_pct":0.0,"borough":"Greenwich"}},{"type":"Feature","geometry":{"type":"Polygon","coordinates":[[[0.06623,51.4574],[0.05953,51.45622],[0.0583,51.45175],[0.06376,51.44846],[0.07045,51.44964],[0.07169,51.45412],[0.06623,51.4574]]]},"properties":{"id":"88194ad2ddfffff","n":7,"five_pct":85.7,"low_pct":14.3,"awaiting":0,"awaiting_pct":0.0,"coffee":0,"takeaway_pct":28.6,"pubs":1,"specialty":0,"chain_pct":0.0,"borough":"Greenwich"}},{"type":"Feature","geometry":{"type":"Polygon","coordinates":[[[0.07467,51.44188],[0.06798,51.4407],[0.06674,51.43623],[0.0722,51.43294],[0.07889,51.43413],[0.08013,51.4386],[0.07467,51.44188]]]},"properties":{"id":"88194ad2d3fffff","n":25,"five_pct":66.7,"low_pct":8.3,"awaiting":1,"awaiting_pct":4.0,"coffee":0,"takeaway_pct":40.0,"pubs":2,"specialty":0,"chain_pct":0.0,"borough":"Greenwich"}},{"type":"Feature","geometry":{"type":"Polygon","coordinates":[[[0.01283,51.49474],[0.00613,51.49355],[0.0049,51.48908],[0.01036,51.4858],[0.01706,51.48698],[0.0183,51.49145],[0.01283,51.49474]]]},"properties":{"id":"88194ad203fffff","n":15,"five_pct":60.0,"low_pct":13.3,"awaiting":0,"awaiting_pct":0.0,"coffee":0,"takeaway_pct":13.3,"pubs":1,"specialty":0,"chain_pct":6.7,"borough":"Greenwich"}},{"type":"Feature","geometry":{"type":"Polygon","coordinates":[[[0.03821,51.44819],[0.03152,51.44701],[0.03029,51.44253],[0.03575,51.43925],[0.04244,51.44043],[0.04368,51.44491],[0.03821,51.44819]]]},"properties":{"id":"88194ad281fffff","n":5,"five_pct":60.0,"low_pct":20.0,"awaiting":0,"awaiting_pct":0.0,"coffee":0,"takeaway_pct":40.0,"pubs":0,"specialty":0,"chain_pct":0.0,"borough":"Greenwich"}},{"type":"Feature","geometry":{"type":"Polygon","coordinates":[[[0.06994,51.47082],[0.06324,51.46963],[0.06201,51.46516],[0.06747,51.46187],[0.07416,51.46306],[0.0754,51.46753],[0.06994,51.47082]]]},"properties":{"id":"88194e6d35fffff","n":5,"five_pct":100.0,"low_pct":0.0,"awaiting":0,"awaiting_pct":0.0,"coffee":1,"takeaway_pct":0.0,"pubs":1,"specialty":0,"chain_pct":0.0,"borough":"Greenwich"}},{"type":"Feature","geometry":{"type":"Polygon","coordinates":[[[-0.15357,51.37568],[-0.16027,51.37448],[-0.16149,51.37],[-0.15601,51.36672],[-0.14932,51.36792],[-0.1481,51.3724],[-0.15357,51.37568]]]},"properties":{"id":"88194ac303fffff","n":5,"five_pct":80.0,"low_pct":0.0,"awaiting":0,"awaiting_pct":0.0,"coffee":0,"takeaway_pct":40.0,"pubs":1,"specialty":0,"chain_pct":0.0,"borough":"Sutton"}},{"type":"Feature","geometry":{"type":"Polygon","coordinates":[[[-0.22173,51.35917],[-0.22842,51.35797],[-0.22964,51.35348],[-0.22416,51.3502],[-0.21747,51.35141],[-0.21625,51.35589],[-0.22173,51.35917]]]},"properties":{"id":"88194ac16bfffff","n":6,"five_pct":100.0,"low_pct":0.0,"awaiting":0,"awaiting_pct":0.0,"coffee":1,"takeaway_pct":0.0,"pubs":0,"specialty":0,"chain_pct":0.0,"borough":"Sutton"}},{"type":"Feature","geometry":{"type":"Polygon","coordinates":[[[-0.20226,51.384],[-0.20896,51.38279],[-0.21018,51.37831],[-0.20469,51.37503],[-0.198,51.37624],[-0.19678,51.38072],[-0.20226,51.384]]]},"properties":{"id":"88194ac325fffff","n":8,"five_pct":100.0,"low_pct":0.0,"awaiting":0,"awaiting_pct":0.0,"coffee":0,"takeaway_pct":50.0,"pubs":0,"specialty":0,"chain_pct":0.0,"borough":"Sutton"}},{"type":"Feature","geometry":{"type":"Polygon","coordinates":[[[-0.22235,51.38038],[-0.22905,51.37918],[-0.23026,51.3747],[-0.22478,51.37142],[-0.21809,51.37262],[-0.21687,51.37711],[-0.22235,51.38038]]]},"properties":{"id":"88194ad891fffff","n":16,"five_pct":87.5,"low_pct":0.0,"awaiting":0,"awaiting_pct":0.0,"coffee":0,"takeaway_pct":37.5,"pubs":2,"specialty":0,"chain_pct":18.8,"borough":"Sutton"}},{"type":"Feature","geometry":{"type":"Polygon","coordinates":[[[-0.17366,51.37208],[-0.18035,51.37088],[-0.18157,51.3664],[-0.17609,51.36312],[-0.1694,51.36432],[-0.16818,51.3688],[-0.17366,51.37208]]]},"properties":{"id":"88194ac33dfffff","n":8,"five_pct":75.0,"low_pct":12.5,"awaiting":0,"awaiting_pct":0.0,"coffee":1,"takeaway_pct":62.5,"pubs":0,"specialty":0,"chain_pct":0.0,"borough":"Sutton"}},{"type":"Feature","geometry":{"type":"Polygon","coordinates":[[[-0.2053,51.34934],[-0.21199,51.34813],[-0.2132,51.34365],[-0.20773,51.34037],[-0.20103,51.34157],[-0.19982,51.34606],[-0.2053,51.34934]]]},"properties":{"id":"88194ac109fffff","n":5,"five_pct":null,"low_pct":null,"awaiting":1,"awaiting_pct":20.0,"coffee":1,"takeaway_pct":40.0,"pubs":0,"specialty":0,"chain_pct":0.0,"borough":"Sutton"}},{"type":"Feature","geometry":{"type":"Polygon","coordinates":[[[-0.16514,51.35656],[-0.17183,51.35535],[-0.17305,51.35087],[-0.16758,51.34759],[-0.16089,51.34879],[-0.15967,51.35328],[-0.16514,51.35656]]]},"properties":{"id":"88194ac333fffff","n":11,"five_pct":100.0,"low_pct":0.0,"awaiting":1,"awaiting_pct":9.1,"coffee":0,"takeaway_pct":54.5,"pubs":0,"specialty":0,"chain_pct":0.0,"borough":"Sutton"}},{"type":"Feature","geometry":{"type":"Polygon","coordinates":[[[-0.14932,51.36792],[-0.15601,51.36672],[-0.15723,51.36224],[-0.15176,51.35896],[-0.14507,51.36016],[-0.14385,51.36464],[-0.14932,51.36792]]]},"properties":{"id":"88194ac315fffff","n":30,"five_pct":60.7,"low_pct":3.6,"awaiting":2,"awaiting_pct":6.7,"coffee":1,"takeaway_pct":26.7,"pubs":3,"specialty":0,"chain_pct":0.0,"borough":"Sutton"}},{"type":"Feature","geometry":{"type":"Polygon","coordinates":[[[-0.14507,51.36016],[-0.15176,51.35896],[-0.15298,51.35448],[-0.14751,51.3512],[-0.14081,51.3524],[-0.1396,51.35688],[-0.14507,51.36016]]]},"properties":{"id":"88194ac317fffff","n":26,"five_pct":76.0,"low_pct":4.0,"awaiting":1,"awaiting_pct":3.8,"coffee":2,"takeaway_pct":30.8,"pubs":1,"specialty":0,"chain_pct":11.5,"borough":"Sutton"}},{"type":"Feature","geometry":{"type":"Polygon","coordinates":[[[-0.13715,51.36584],[-0.14385,51.36464],[-0.14507,51.36016],[-0.1396,51.35688],[-0.1329,51.35808],[-0.13168,51.36256],[-0.13715,51.36584]]]},"properties":{"id":"88194ac311fffff","n":11,"five_pct":81.8,"low_pct":9.1,"awaiting":0,"awaiting_pct":0.0,"coffee":0,"takeaway_pct":45.5,"pubs":0,"specialty":0,"chain_pct":0.0,"borough":"Sutton"}},{"type":"Feature","geometry":{"type":"Polygon","coordinates":[[[0.01069,51.57938],[0.00397,51.5782],[0.00274,51.57373],[0.00822,51.57045],[0.01493,51.57163],[0.01616,51.5761],[0.01069,51.57938]]]},"properties":{"id":"88194e6835fffff","n":7,"five_pct":28.6,"low_pct":0.0,"awaiting":0,"awaiting_pct":0.0,"coffee":0,"takeaway_pct":0.0,"pubs":0,"specialty":0,"chain_pct":0.0,"borough":"Waltham Forest"}},{"type":"Feature","geometry":{"type":"Polygon","coordinates":[[[0.00274,51.57373],[-0.00397,51.57255],[-0.00521,51.56808],[0.00027,51.5648],[0.00698,51.56598],[0.00822,51.57045],[0.00274,51.57373]]]},"properties":{"id":"88194e69cbfffff","n":8,"five_pct":50.0,"low_pct":0.0,"awaiting":0,"awaiting_pct":0.0,"coffee":0,"takeaway_pct":25.0,"pubs":1,"specialty":0,"chain_pct":0.0,"borough":"Waltham Forest"}},{"type":"Feature","geometry":{"type":"Polygon","coordinates":[[[0.00698,51.56598],[0.00027,51.5648],[-0.00096,51.56033],[0.00451,51.55704],[0.01122,51.55823],[0.01246,51.56269],[0.00698,51.56598]]]},"properties":{"id":"88194e69ddfffff","n":33,"five_pct":36.4,"low_pct":12.1,"awaiting":0,"awaiting_pct":0.0,"coffee":1,"takeaway_pct":33.3,"pubs":4,"specialty":0,"chain_pct":0.0,"borough":"Waltham Forest"}},{"type":"Feature","geometry":{"type":"Polygon","coordinates":[[[0.01332,51.63508],[0.0066,51.6339],[0.00536,51.62943],[0.01085,51.62615],[0.01756,51.62733],[0.0188,51.63179],[0.01332,51.63508]]]},"properties":{"id":"88194e6b15fffff","n":26,"five_pct":69.2,"low_pct":11.5,"awaiting":0,"awaiting_pct":0.0,"coffee":0,"takeaway_pct":7.7,"pubs":3,"specialty":0,"chain_pct":0.0,"borough":"Waltham Forest"}},{"type":"Feature","geometry":{"type":"Polygon","coordinates":[[[0.0022,51.59489],[-0.00451,51.5937],[-0.00575,51.58924],[-0.00027,51.58595],[0.00644,51.58714],[0.00768,51.5916],[0.0022,51.59489]]]},"properties":{"id":"88194e6821fffff","n":15,"five_pct":13.3,"low_pct":26.7,"awaiting":0,"awaiting_pct":0.0,"coffee":1,"takeaway_pct":40.0,"pubs":0,"specialty":0,"chain_pct":0.0,"borough":"Waltham Forest"}}]}